# 3ds Max Wavefront OBJ Exporter v0.97b - (c)2007 guruware
# File Created: 09.07.2019 12:26:28

mtllib Reol.mtl

#
# object BookShelf_Shelf8
#

v  222.2193 7.5085 -123.8730
v  222.2193 7.5085 -95.5376
v  222.1179 7.4813 -95.5376
v  222.1179 7.4813 -123.8730
v  222.2936 7.5827 -123.8730
v  222.2936 7.5827 -95.5376
v  222.3208 7.6842 -123.8730
v  222.3208 7.6842 -95.5376
v  222.1179 7.5827 -124.0487
v  134.4357 7.5827 -124.0487
v  134.4357 7.6842 -124.0758
v  222.1179 7.6842 -124.0758
v  222.1179 7.5085 -123.9744
v  134.4357 7.5085 -123.9744
v  134.4357 7.4813 -123.8729
v  222.2936 7.6842 -123.9744
v  222.2936 9.0428 -123.9744
v  222.3208 9.0428 -123.8730
v  222.2193 7.6842 -124.0487
v  222.2193 9.0428 -124.0487
v  222.1179 9.0428 -124.0758
v  134.2600 7.5827 -123.8729
v  134.2600 7.5827 -95.5376
v  134.2328 7.6842 -95.5376
v  134.2328 7.6842 -123.8729
v  134.3343 7.5085 -123.8729
v  134.3343 7.5085 -95.5376
v  134.4357 7.4813 -95.5376
v  134.3343 7.6842 -124.0487
v  134.3343 9.0428 -124.0487
v  134.4357 9.0428 -124.0758
v  134.2600 7.6842 -123.9744
v  134.2600 9.0428 -123.9744
v  134.2328 9.0428 -123.8729
v  222.2936 9.1442 -123.8730
v  222.2936 9.1442 -95.5376
v  222.3208 9.0428 -95.5376
v  222.2193 9.2184 -123.8730
v  222.2193 9.2184 -95.5376
v  222.1179 9.2456 -123.8730
v  222.1179 9.2456 -95.5376
v  222.1179 9.2184 -123.9744
v  134.4357 9.2184 -123.9744
v  134.4357 9.2456 -123.8729
v  222.1179 9.1442 -124.0487
v  134.4357 9.1442 -124.0487
v  134.3343 9.2184 -123.8729
v  134.3343 9.2184 -95.5376
v  134.4357 9.2456 -95.5376
v  134.2600 9.1442 -123.8729
v  134.2600 9.1442 -95.5376
v  134.2328 9.0428 -95.5376
v  222.2936 9.0428 -95.4361
v  222.2936 7.6842 -95.4361
v  222.2193 9.0428 -95.3619
v  222.2193 7.6842 -95.3619
v  222.1179 9.0428 -95.3347
v  222.1179 7.6842 -95.3347
v  222.1179 9.1442 -95.3619
v  134.4357 9.1442 -95.3619
v  134.4357 9.0428 -95.3347
v  222.1179 9.2184 -95.4361
v  134.4357 9.2184 -95.4361
v  134.3343 9.0428 -95.3619
v  134.3343 7.6842 -95.3619
v  134.4357 7.6842 -95.3347
v  134.2600 9.0428 -95.4361
v  134.2600 7.6842 -95.4361
v  222.1179 7.5085 -95.4361
v  134.4357 7.5085 -95.4361
v  222.1179 7.5827 -95.3619
v  134.4357 7.5827 -95.3619
v  222.2784 7.5965 -123.9606
v  222.2056 7.5237 -123.9606
v  222.2056 7.5965 -124.0334
v  134.3481 7.5237 -123.9606
v  134.2753 7.5965 -123.9606
v  134.3481 7.5965 -124.0334
v  222.2056 9.2032 -123.9606
v  222.2784 9.1304 -123.9606
v  222.2056 9.1304 -124.0334
v  134.2753 9.1304 -123.9606
v  134.3481 9.2032 -123.9606
v  134.3481 9.1304 -124.0334
v  222.2056 9.1304 -95.3771
v  222.2784 9.1304 -95.4499
v  222.2056 9.2032 -95.4499
v  134.2753 9.1304 -95.4499
v  134.3481 9.1304 -95.3771
v  134.3481 9.2032 -95.4499
v  222.2056 7.5237 -95.4499
v  222.2784 7.5965 -95.4499
v  222.2056 7.5965 -95.3771
v  134.2753 7.5965 -95.4499
v  134.3481 7.5237 -95.4499
v  134.3481 7.5965 -95.3771
# 96 vertices

vn -0.4994 -0.8664 0.0007
vn -0.4994 -0.8664 -0.0007
vn -0.0003 -1.0000 -0.0010
vn -0.0003 -1.0000 0.0010
vn -0.7071 -0.7071 0.0013
vn -0.7071 -0.7071 -0.0013
vn -0.9998 -0.0186 0.0009
vn -0.9998 -0.0186 -0.0009
vn -0.9659 -0.2588 -0.0002
vn -0.9659 -0.2588 0.0002
vn -0.0002 -0.5002 0.8659
vn 0.0002 -0.5002 0.8659
vn 0.0003 -0.0186 0.9998
vn -0.0003 -0.0186 0.9998
vn -0.0000 -0.7072 0.7071
vn 0.0000 -0.7072 0.7071
vn 0.0003 -1.0000 0.0010
vn 0.0004 -0.9659 0.2588
vn -0.0004 -0.9659 0.2588
vn -0.9662 -0.0141 0.2574
vn -0.9662 0.0141 0.2574
vn -0.9998 0.0186 0.0009
vn -0.4992 -0.0146 0.8663
vn -0.4992 0.0146 0.8663
vn -0.7071 0.0141 0.7070
vn -0.7071 -0.0141 0.7070
vn -0.0003 0.0186 0.9998
vn 0.8657 -0.5005 0.0007
vn 0.8657 -0.5005 -0.0007
vn 0.9998 -0.0186 -0.0009
vn 0.9998 -0.0186 0.0009
vn 0.7071 -0.7071 0.0002
vn 0.7071 -0.7071 -0.0002
vn 0.0003 -1.0000 -0.0010
vn 0.2587 -0.9660 -0.0013
vn 0.2587 -0.9660 0.0013
vn 0.4992 -0.0146 0.8663
vn 0.4992 0.0146 0.8663
vn 0.0003 0.0186 0.9998
vn 0.8663 -0.0146 0.4994
vn 0.8663 0.0146 0.4994
vn 0.9998 0.0186 0.0009
vn -0.9659 0.2588 0.0002
vn -0.9659 0.2588 -0.0002
vn -0.9998 0.0186 -0.0009
vn -0.4994 0.8664 0.0007
vn -0.4994 0.8664 -0.0007
vn -0.7071 0.7071 -0.0013
vn -0.7071 0.7071 0.0013
vn -0.0003 1.0000 0.0010
vn -0.0003 1.0000 -0.0010
vn -0.0004 0.9659 0.2588
vn 0.0004 0.9659 0.2588
vn 0.0003 1.0000 0.0010
vn -0.0002 0.5002 0.8659
vn 0.0002 0.5002 0.8659
vn 0.0000 0.7072 0.7071
vn -0.0000 0.7072 0.7071
vn 0.2587 0.9660 0.0013
vn 0.2587 0.9660 -0.0013
vn 0.0003 1.0000 -0.0010
vn 0.8657 0.5005 0.0007
vn 0.8657 0.5005 -0.0007
vn 0.7071 0.7071 -0.0002
vn 0.7071 0.7071 0.0002
vn 0.9998 0.0186 -0.0009
vn -0.9662 0.0141 -0.2574
vn -0.9662 -0.0141 -0.2574
vn -0.4992 0.0146 -0.8664
vn -0.4992 -0.0146 -0.8664
vn -0.7070 -0.0141 -0.7071
vn -0.7070 0.0141 -0.7071
vn -0.0003 0.0186 -0.9998
vn -0.0003 -0.0186 -0.9998
vn -0.0002 0.5002 -0.8659
vn 0.0002 0.5002 -0.8659
vn 0.0003 0.0186 -0.9998
vn -0.0000 0.7071 -0.7072
vn 0.0000 0.7071 -0.7072
vn 0.0004 0.9659 -0.2588
vn -0.0004 0.9659 -0.2588
vn 0.4992 0.0146 -0.8664
vn 0.4992 -0.0146 -0.8664
vn 0.0003 -0.0186 -0.9998
vn 0.8663 0.0146 -0.4994
vn 0.8663 -0.0146 -0.4994
vn -0.0004 -0.9659 -0.2588
vn 0.0004 -0.9659 -0.2588
vn -0.0002 -0.5002 -0.8659
vn 0.0002 -0.5002 -0.8659
vn 0.0000 -0.7071 -0.7072
vn -0.0000 -0.7071 -0.7072
vn -0.9461 -0.2290 0.2290
vn -0.4778 -0.7273 0.4926
vn -0.6790 -0.4039 0.6131
vn -0.2290 -0.9461 0.2290
vn -0.6384 -0.3743 0.6726
vn -0.2290 -0.2290 0.9461
vn 0.2290 -0.9461 0.2290
vn 0.6789 -0.4039 0.6131
vn 0.4778 -0.7273 0.4926
vn 0.9461 -0.2290 0.2290
vn 0.6383 -0.3743 0.6726
vn 0.2290 -0.2290 0.9461
vn -0.2290 0.9461 0.2290
vn -0.6790 0.4039 0.6131
vn -0.4778 0.7273 0.4926
vn -0.9461 0.2290 0.2290
vn -0.6384 0.3743 0.6726
vn -0.2290 0.2290 0.9461
vn 0.9461 0.2290 0.2290
vn 0.4778 0.7273 0.4926
vn 0.6789 0.4039 0.6131
vn 0.2290 0.9461 0.2290
vn 0.6383 0.3743 0.6726
vn 0.2290 0.2290 0.9461
vn -0.2290 0.2290 -0.9461
vn -0.6789 0.4039 -0.6131
vn -0.6383 0.3743 -0.6726
vn -0.9461 0.2290 -0.2290
vn -0.4778 0.7273 -0.4927
vn -0.2290 0.9461 -0.2290
vn 0.9461 0.2290 -0.2290
vn 0.6383 0.3744 -0.6726
vn 0.6789 0.4040 -0.6131
vn 0.2291 0.2291 -0.9461
vn 0.4778 0.7273 -0.4927
vn 0.2290 0.9461 -0.2290
vn -0.2290 -0.9461 -0.2290
vn -0.6789 -0.4040 -0.6131
vn -0.4778 -0.7273 -0.4927
vn -0.9461 -0.2291 -0.2290
vn -0.6383 -0.3743 -0.6726
vn -0.2291 -0.2290 -0.9461
vn 0.9461 -0.2290 -0.2290
vn 0.4778 -0.7273 -0.4927
vn 0.6789 -0.4040 -0.6131
vn 0.2290 -0.9461 -0.2290
vn 0.6383 -0.3744 -0.6726
vn 0.2291 -0.2291 -0.9461
# 140 vertex normals

vt 0.0111 0.9200 0.0000
vt 0.0083 0.9646 0.0000
vt 0.0023 0.9646 0.0000
vt 0.0052 0.9200 0.0000
vt 0.0029 0.9200 0.0000
vt 0.0000 0.9646 0.0000
vt 0.0169 0.2285 0.0000
vt 0.0184 0.5480 0.0000
vt 0.0153 0.5477 0.0000
vt 0.0140 0.2290 0.0000
vt 0.0592 0.1966 0.0000
vt 0.9453 0.1961 0.0000
vt 0.9615 0.1985 0.0000
vt 0.0427 0.1991 0.0000
vt 0.0825 0.1957 0.0000
vt 0.9221 0.1953 0.0000
vt 0.9977 0.9200 0.0000
vt 0.9549 0.9197 0.0000
vt 0.0480 0.9197 0.0000
vt 0.0155 0.2262 0.0000
vt 0.0376 0.2251 0.0000
vt 0.0362 0.2275 0.0000
vt 0.0419 0.1985 0.0000
vt 0.0406 0.2223 0.0000
vt 0.0391 0.2234 0.0000
vt 0.0406 0.1974 0.0000
vt 0.0413 0.2217 0.0000
vt 0.9894 0.2252 0.0000
vt 0.9907 0.5439 0.0000
vt 0.9878 0.5445 0.0000
vt 0.9863 0.2250 0.0000
vt 0.9917 0.9200 0.0000
vt 0.9889 0.9646 0.0000
vt 0.9971 0.9646 0.0000
vt 1.0000 0.9200 0.0000
vt 0.9948 0.9646 0.0000
vt 0.9623 0.1979 0.0000
vt 0.9609 0.2211 0.0000
vt 0.9602 0.2205 0.0000
vt 0.9637 0.1969 0.0000
vt 0.9622 0.2221 0.0000
vt 0.9653 0.2259 0.0000
vt 0.9637 0.2237 0.0000
vt 0.9879 0.2226 0.0000
vt 0.0392 0.2269 0.0000
vt 0.0426 0.5474 0.0000
vt 0.0394 0.5470 0.0000
vt 0.0408 0.2273 0.0000
vt 0.0443 0.5469 0.0000
vt 0.0412 0.2273 0.0000
vt 0.0447 0.5469 0.0000
vt 0.0419 0.2268 0.0000
vt 0.9593 0.2255 0.0000
vt 0.9600 0.2261 0.0000
vt 0.0421 0.2250 0.0000
vt 0.9591 0.2237 0.0000
vt 0.9604 0.2261 0.0000
vt 0.9639 0.5456 0.0000
vt 0.9635 0.5456 0.0000
vt 0.9621 0.2256 0.0000
vt 0.9655 0.5461 0.0000
vt 0.9685 0.5455 0.0000
vt 0.0410 0.5492 0.0000
vt 0.0169 0.5504 0.0000
vt 0.0438 0.5519 0.0000
vt 0.0424 0.5750 0.0000
vt 0.0410 0.5761 0.0000
vt 0.0425 0.5508 0.0000
vt 0.0445 0.5524 0.0000
vt 0.0432 0.5744 0.0000
vt 0.0456 0.5492 0.0000
vt 0.9626 0.5480 0.0000
vt 0.9634 0.5513 0.0000
vt 0.0454 0.5474 0.0000
vt 0.9628 0.5461 0.0000
vt 0.9642 0.5507 0.0000
vt 0.9628 0.5744 0.0000
vt 0.9620 0.5738 0.0000
vt 0.9656 0.5496 0.0000
vt 0.9641 0.5755 0.0000
vt 0.9892 0.5467 0.0000
vt 0.9671 0.5478 0.0000
vt 0.0451 0.9649 0.0000
vt 0.9520 0.9649 0.0000
vt 0.0594 0.5769 0.0000
vt 0.9455 0.5764 0.0000
vt 0.9222 0.5772 0.0000
vt 0.0826 0.5777 0.0000
vt 0.0140 0.2263 0.0000
vt 0.0402 0.9197 0.0000
vt 0.0029 0.9197 0.0000
vt 0.0512 0.1965 0.0000
vt 0.0752 0.1957 0.0000
vt 0.0407 0.1957 0.0000
vt 0.9628 0.9197 0.0000
vt 1.0000 0.9197 0.0000
vt 0.9894 0.2225 0.0000
vt 0.9533 0.1960 0.0000
vt 0.9638 0.1952 0.0000
vt 0.9294 0.1953 0.0000
vt 0.0416 0.2268 0.0000
vt 0.0390 0.2251 0.0000
vt 0.0411 0.2247 0.0000
vt 0.9621 0.2238 0.0000
vt 0.9597 0.2255 0.0000
vt 0.9602 0.2235 0.0000
vt 0.0445 0.5495 0.0000
vt 0.0426 0.5492 0.0000
vt 0.0450 0.5475 0.0000
vt 0.9657 0.5479 0.0000
vt 0.9636 0.5482 0.0000
vt 0.9631 0.5462 0.0000
vt 0.0372 0.9649 0.0000
vt -0.0000 0.9649 0.0000
vt 0.0153 0.5504 0.0000
vt 0.0514 0.5770 0.0000
vt 0.0409 0.5777 0.0000
vt 0.0754 0.5777 0.0000
vt 0.9907 0.5466 0.0000
vt 0.9598 0.9649 0.0000
vt 0.9971 0.9649 0.0000
vt 0.9535 0.5765 0.0000
vt 0.9295 0.5772 0.0000
vt 0.9640 0.5772 0.0000
# 124 texture coords

o BookShelf_Shelf8
g BookShelf_Shelf8
usemtl wire_224198087
s 1
f 1/1/1 2/2/2 3/3/3 4/4/4 
f 5/5/5 6/6/6 2/2/2 1/1/1 
s 2
f 7/7/7 8/8/8 6/9/9 5/10/10 
s 1
f 9/11/11 10/12/12 11/13/13 12/14/14 
f 13/15/15 14/16/16 10/12/12 9/11/11 
f 4/4/4 15/17/17 14/18/18 13/19/19 
s 2
f 16/20/20 17/21/21 18/22/22 7/7/7 
s 1
f 19/23/23 20/24/24 17/25/25 16/26/26 
f 12/14/14 21/27/27 20/24/24 19/23/23 
f 22/28/28 23/29/29 24/30/30 25/31/31 
f 26/32/32 27/33/33 23/34/29 22/35/28 
f 15/17/17 28/36/34 27/33/35 26/32/36 
f 29/37/37 30/38/38 31/39/39 11/13/13 
f 32/40/40 33/41/41 30/38/38 29/37/37 
f 25/31/31 34/42/42 33/43/41 32/44/40 
s 2
f 35/45/43 36/46/44 37/47/45 18/22/22 
s 1
f 38/48/46 39/49/47 36/46/48 35/45/49 
f 40/50/50 41/51/51 39/49/47 38/48/46 
f 42/52/52 43/53/53 44/54/54 40/50/50 
f 45/55/55 46/56/56 43/53/57 42/52/58 
f 21/27/27 31/39/39 46/56/56 45/55/55 
f 47/57/59 48/58/60 49/59/61 44/54/54 
f 50/60/62 51/61/63 48/58/64 47/57/65 
f 34/42/42 52/62/66 51/61/63 50/60/62 
s 2
f 53/63/67 54/64/68 8/8/8 37/47/45 
s 1
f 55/65/69 56/66/70 54/67/71 53/68/72 
f 57/69/73 58/70/74 56/66/70 55/65/69 
f 59/71/75 60/72/76 61/73/77 57/69/73 
f 62/74/78 63/75/79 60/72/76 59/71/75 
f 41/51/51 49/59/61 63/75/80 62/74/81 
f 64/76/82 65/77/83 66/78/84 61/73/77 
f 67/79/85 68/80/86 65/77/83 64/76/82 
f 52/62/66 24/30/30 68/81/86 67/82/85 
f 69/83/87 70/84/88 28/36/34 3/3/3 
f 71/85/89 72/86/90 70/87/91 69/88/92 
f 58/70/74 66/78/84 72/86/90 71/85/89 
f 11/13/13 31/39/39 21/27/27 12/14/14 
f 44/54/54 49/59/61 41/51/51 40/50/50 
f 61/73/77 66/78/84 58/70/74 57/69/73 
f 28/36/34 15/17/17 4/4/4 3/3/3 
f 24/30/30 52/62/66 34/42/42 25/31/31 
s 2
f 7/7/7 18/22/22 37/47/45 8/8/8 
f 7/7/7 5/10/10 73/89/93 16/20/20 
s 1
f 5/5/5 1/1/1 74/90/94 73/91/95 
f 4/4/4 13/19/19 74/90/96 1/1/1 
f 13/15/15 9/11/11 75/92/97 74/93/94 
f 12/14/14 19/23/23 75/92/98 9/11/11 
f 19/23/23 16/26/26 73/94/95 75/92/97 
f 73/94/95 74/93/94 75/92/97 
f 15/17/17 26/32/36 76/95/99 14/18/18 
f 26/32/32 22/35/28 77/96/100 76/95/101 
f 25/31/31 32/44/40 77/97/102 22/28/28 
f 32/40/40 29/37/37 78/98/103 77/99/100 
f 11/13/13 10/12/12 78/98/104 29/37/37 
f 10/12/12 14/16/16 76/100/101 78/98/103 
f 76/100/101 77/99/100 78/98/103 
f 40/50/50 38/48/46 79/101/105 42/52/52 
f 38/48/46 35/45/49 80/102/106 79/101/107 
s 2
f 18/22/22 17/21/21 80/102/108 35/45/43 
s 1
f 17/25/25 20/24/24 81/103/109 80/102/106 
f 21/27/27 45/55/55 81/103/110 20/24/24 
f 45/55/55 42/52/58 79/101/107 81/103/109 
f 79/101/107 80/102/106 81/103/109 
f 34/42/42 50/60/62 82/104/111 33/43/41 
f 50/60/62 47/57/65 83/105/112 82/104/113 
f 44/54/54 43/53/53 83/105/114 47/57/59 
f 43/53/57 46/56/56 84/106/115 83/105/112 
f 31/39/39 30/38/38 84/106/116 46/56/56 
f 30/38/38 33/41/41 82/104/113 84/106/115 
f 82/104/113 83/105/112 84/106/115 
f 57/69/73 55/65/69 85/107/117 59/71/75 
f 55/65/69 53/68/72 86/108/118 85/107/119 
s 2
f 37/47/45 36/46/44 86/108/120 53/63/67 
s 1
f 36/46/48 39/49/47 87/109/121 86/108/118 
f 41/51/51 62/74/81 87/109/122 39/49/47 
f 62/74/78 59/71/75 85/107/119 87/109/121 
f 85/107/119 86/108/118 87/109/121 
f 52/62/66 67/82/85 88/110/123 51/61/63 
f 67/79/85 64/76/82 89/111/124 88/110/125 
f 61/73/77 60/72/76 89/111/126 64/76/82 
f 60/72/76 63/75/79 90/112/127 89/111/124 
f 49/59/61 48/58/60 90/112/128 63/75/80 
f 48/58/64 51/61/63 88/110/125 90/112/127 
f 88/110/125 89/111/124 90/112/127 
f 3/3/3 2/2/2 91/113/129 69/83/87 
f 2/2/2 6/6/6 92/114/130 91/113/131 
s 2
f 8/8/8 54/64/68 92/115/132 6/9/9 
s 1
f 54/67/71 56/66/70 93/116/133 92/117/130 
f 58/70/74 71/85/89 93/116/134 56/66/70 
f 71/85/89 69/88/92 91/118/131 93/116/133 
f 91/118/131 92/117/130 93/116/133 
f 24/30/30 23/29/29 94/119/135 68/81/86 
f 23/34/29 27/33/33 95/120/136 94/121/137 
f 28/36/34 70/84/88 95/120/138 27/33/35 
f 70/87/91 72/86/90 96/122/139 95/123/136 
f 66/78/84 65/77/83 96/122/140 72/86/90 
f 65/77/83 68/80/86 94/124/137 96/122/139 
f 94/124/137 95/123/136 96/122/139 
# 90 polygons - 8 triangles

#
# object BookShelf_Shelf7
#

v  134.1520 42.7009 -123.8729
v  134.1520 42.7009 -95.5376
v  134.0506 42.6738 -95.5376
v  134.0506 42.6738 -123.8729
v  134.2263 42.7752 -123.8729
v  134.2263 42.7752 -95.5376
v  134.2534 42.8766 -123.8729
v  134.2535 42.8766 -95.5376
v  134.0506 42.7752 -124.0487
v  46.3684 42.7752 -124.0486
v  46.3684 42.8766 -124.0758
v  134.0506 42.8766 -124.0758
v  134.0506 42.7009 -123.9744
v  46.3684 42.7009 -123.9744
v  46.3684 42.6738 -123.8729
v  134.2263 42.8766 -123.9744
v  134.2263 44.2352 -123.9744
v  134.2534 44.2352 -123.8729
v  134.1520 42.8766 -124.0487
v  134.1520 44.2352 -124.0487
v  134.0506 44.2352 -124.0758
v  46.1927 42.7752 -123.8729
v  46.1927 42.7752 -95.5375
v  46.1655 42.8766 -95.5375
v  46.1655 42.8766 -123.8729
v  46.2670 42.7009 -123.8729
v  46.2670 42.7009 -95.5375
v  46.3684 42.6738 -95.5375
v  46.2670 42.8766 -124.0486
v  46.2670 44.2352 -124.0486
v  46.3684 44.2352 -124.0758
v  46.1927 42.8766 -123.9744
v  46.1927 44.2352 -123.9744
v  46.1655 44.2352 -123.8729
v  134.2263 44.3367 -123.8729
v  134.2263 44.3367 -95.5376
v  134.2535 44.2352 -95.5376
v  134.1520 44.4109 -123.8729
v  134.1520 44.4109 -95.5376
v  134.0506 44.4381 -123.8729
v  134.0506 44.4381 -95.5376
v  134.0506 44.4109 -123.9744
v  46.3684 44.4109 -123.9744
v  46.3684 44.4381 -123.8729
v  134.0506 44.3367 -124.0487
v  46.3684 44.3367 -124.0486
v  46.2670 44.4109 -123.8729
v  46.2670 44.4109 -95.5375
v  46.3684 44.4381 -95.5375
v  46.1927 44.3367 -123.8729
v  46.1927 44.3367 -95.5375
v  46.1655 44.2352 -95.5375
v  134.2263 44.2352 -95.4361
v  134.2263 42.8766 -95.4361
v  134.1520 44.2352 -95.3619
v  134.1520 42.8766 -95.3619
v  134.0506 44.2352 -95.3347
v  134.0506 42.8766 -95.3347
v  134.0506 44.3367 -95.3619
v  46.3684 44.3367 -95.3618
v  46.3684 44.2352 -95.3347
v  134.0506 44.4109 -95.4361
v  46.3684 44.4109 -95.4361
v  46.2670 44.2352 -95.3618
v  46.2670 42.8766 -95.3618
v  46.3684 42.8766 -95.3347
v  46.1927 44.2352 -95.4361
v  46.1927 42.8766 -95.4361
v  134.0506 42.7009 -95.4361
v  46.3684 42.7009 -95.4361
v  134.0506 42.7752 -95.3619
v  46.3684 42.7752 -95.3618
v  134.2110 42.7890 -123.9606
v  134.1382 42.7162 -123.9606
v  134.1382 42.7890 -124.0334
v  46.2808 42.7162 -123.9606
v  46.2080 42.7890 -123.9606
v  46.2808 42.7890 -124.0334
v  134.1382 44.3956 -123.9606
v  134.2110 44.3229 -123.9606
v  134.1382 44.3229 -124.0334
v  46.2080 44.3229 -123.9606
v  46.2808 44.3957 -123.9606
v  46.2808 44.3229 -124.0334
v  134.1382 44.3229 -95.3771
v  134.2110 44.3229 -95.4499
v  134.1382 44.3957 -95.4499
v  46.2080 44.3229 -95.4499
v  46.2808 44.3229 -95.3771
v  46.2808 44.3957 -95.4499
v  134.1382 42.7162 -95.4499
v  134.2110 42.7890 -95.4499
v  134.1382 42.7890 -95.3771
v  46.2080 42.7890 -95.4499
v  46.2808 42.7162 -95.4499
v  46.2808 42.7890 -95.3771
# 96 vertices

vn -0.4994 -0.8664 0.0007
vn -0.4994 -0.8664 -0.0007
vn -0.0003 -1.0000 -0.0010
vn -0.0003 -1.0000 0.0010
vn -0.7071 -0.7071 0.0013
vn -0.7071 -0.7071 -0.0013
vn -0.9998 -0.0186 0.0009
vn -0.9998 -0.0186 -0.0009
vn -0.9659 -0.2588 -0.0002
vn -0.9659 -0.2588 0.0002
vn -0.0002 -0.5002 0.8659
vn 0.0002 -0.5002 0.8659
vn 0.0003 -0.0186 0.9998
vn -0.0003 -0.0186 0.9998
vn -0.0000 -0.7072 0.7071
vn 0.0000 -0.7072 0.7071
vn 0.0003 -1.0000 0.0010
vn 0.0004 -0.9659 0.2588
vn -0.0004 -0.9659 0.2588
vn -0.9662 -0.0141 0.2574
vn -0.9662 0.0141 0.2574
vn -0.9998 0.0186 0.0009
vn -0.4992 -0.0146 0.8663
vn -0.4992 0.0146 0.8663
vn -0.7071 0.0141 0.7070
vn -0.7071 -0.0141 0.7070
vn -0.0003 0.0186 0.9998
vn 0.8657 -0.5005 0.0007
vn 0.8657 -0.5005 -0.0007
vn 0.9998 -0.0186 -0.0009
vn 0.9998 -0.0186 0.0009
vn 0.7071 -0.7071 0.0002
vn 0.7071 -0.7071 -0.0002
vn 0.0003 -1.0000 -0.0010
vn 0.2587 -0.9660 -0.0013
vn 0.2587 -0.9660 0.0013
vn 0.4992 -0.0146 0.8663
vn 0.4992 0.0146 0.8663
vn 0.0003 0.0186 0.9998
vn 0.8663 -0.0146 0.4994
vn 0.8663 0.0146 0.4994
vn 0.9998 0.0186 0.0009
vn -0.9659 0.2588 0.0002
vn -0.9659 0.2588 -0.0002
vn -0.9998 0.0186 -0.0009
vn -0.4994 0.8664 0.0007
vn -0.4994 0.8664 -0.0007
vn -0.7071 0.7071 -0.0013
vn -0.7071 0.7071 0.0013
vn -0.0003 1.0000 0.0010
vn -0.0003 1.0000 -0.0010
vn -0.0004 0.9659 0.2588
vn 0.0004 0.9659 0.2588
vn 0.0003 1.0000 0.0010
vn -0.0002 0.5002 0.8659
vn 0.0002 0.5002 0.8659
vn 0.0000 0.7072 0.7071
vn -0.0000 0.7072 0.7071
vn 0.2587 0.9660 0.0013
vn 0.2587 0.9660 -0.0013
vn 0.0003 1.0000 -0.0010
vn 0.8657 0.5005 0.0007
vn 0.8657 0.5005 -0.0007
vn 0.7071 0.7071 -0.0002
vn 0.7071 0.7071 0.0002
vn 0.9998 0.0186 -0.0009
vn -0.9662 0.0141 -0.2574
vn -0.9662 -0.0141 -0.2574
vn -0.4992 0.0146 -0.8664
vn -0.4992 -0.0146 -0.8664
vn -0.7070 -0.0141 -0.7071
vn -0.7070 0.0141 -0.7071
vn -0.0003 0.0186 -0.9998
vn -0.0003 -0.0186 -0.9998
vn -0.0002 0.5002 -0.8659
vn 0.0002 0.5002 -0.8659
vn 0.0003 0.0186 -0.9998
vn -0.0000 0.7071 -0.7072
vn 0.0000 0.7071 -0.7072
vn 0.0004 0.9659 -0.2588
vn -0.0004 0.9659 -0.2588
vn 0.4992 0.0146 -0.8664
vn 0.4992 -0.0146 -0.8664
vn 0.0003 -0.0186 -0.9998
vn 0.8663 0.0146 -0.4994
vn 0.8663 -0.0146 -0.4994
vn -0.0004 -0.9659 -0.2588
vn 0.0004 -0.9659 -0.2588
vn -0.0002 -0.5002 -0.8659
vn 0.0002 -0.5002 -0.8659
vn 0.0000 -0.7071 -0.7072
vn -0.0000 -0.7071 -0.7072
vn -0.9461 -0.2290 0.2290
vn -0.4778 -0.7273 0.4926
vn -0.6790 -0.4039 0.6131
vn -0.2290 -0.9461 0.2290
vn -0.6384 -0.3743 0.6726
vn -0.2290 -0.2290 0.9461
vn 0.2290 -0.9461 0.2290
vn 0.6789 -0.4039 0.6131
vn 0.4778 -0.7273 0.4926
vn 0.9461 -0.2290 0.2290
vn 0.6383 -0.3743 0.6726
vn 0.2290 -0.2290 0.9461
vn -0.2290 0.9461 0.2290
vn -0.6790 0.4039 0.6131
vn -0.4778 0.7273 0.4926
vn -0.9461 0.2290 0.2290
vn -0.6384 0.3743 0.6726
vn -0.2290 0.2290 0.9461
vn 0.9461 0.2290 0.2290
vn 0.4778 0.7273 0.4926
vn 0.6789 0.4039 0.6131
vn 0.2290 0.9461 0.2290
vn 0.6383 0.3743 0.6726
vn 0.2290 0.2290 0.9461
vn -0.2290 0.2290 -0.9461
vn -0.6789 0.4039 -0.6131
vn -0.6383 0.3743 -0.6726
vn -0.9461 0.2290 -0.2290
vn -0.4778 0.7273 -0.4927
vn -0.2290 0.9461 -0.2290
vn 0.9461 0.2290 -0.2290
vn 0.6383 0.3744 -0.6726
vn 0.6789 0.4040 -0.6131
vn 0.2291 0.2291 -0.9461
vn 0.4778 0.7273 -0.4927
vn 0.2290 0.9461 -0.2290
vn -0.2290 -0.9461 -0.2290
vn -0.6789 -0.4040 -0.6131
vn -0.4778 -0.7273 -0.4927
vn -0.9461 -0.2291 -0.2290
vn -0.6383 -0.3743 -0.6726
vn -0.2291 -0.2290 -0.9461
vn 0.9461 -0.2290 -0.2290
vn 0.4778 -0.7273 -0.4927
vn 0.6789 -0.4040 -0.6131
vn 0.2290 -0.9461 -0.2290
vn 0.6383 -0.3744 -0.6726
vn 0.2291 -0.2291 -0.9461
# 140 vertex normals

vt 0.0111 0.9200 0.0000
vt 0.0083 0.9646 0.0000
vt 0.0023 0.9646 0.0000
vt 0.0052 0.9200 0.0000
vt 0.0029 0.9200 0.0000
vt 0.0000 0.9646 0.0000
vt 0.0169 0.2285 0.0000
vt 0.0184 0.5480 0.0000
vt 0.0153 0.5477 0.0000
vt 0.0140 0.2290 0.0000
vt 0.0592 0.1966 0.0000
vt 0.9453 0.1961 0.0000
vt 0.9615 0.1985 0.0000
vt 0.0427 0.1991 0.0000
vt 0.0825 0.1957 0.0000
vt 0.9221 0.1953 0.0000
vt 0.9977 0.9200 0.0000
vt 0.9549 0.9197 0.0000
vt 0.0480 0.9197 0.0000
vt 0.0155 0.2262 0.0000
vt 0.0376 0.2251 0.0000
vt 0.0362 0.2275 0.0000
vt 0.0419 0.1985 0.0000
vt 0.0406 0.2223 0.0000
vt 0.0391 0.2234 0.0000
vt 0.0406 0.1974 0.0000
vt 0.0413 0.2217 0.0000
vt 0.9894 0.2252 0.0000
vt 0.9907 0.5439 0.0000
vt 0.9878 0.5445 0.0000
vt 0.9863 0.2250 0.0000
vt 0.9917 0.9200 0.0000
vt 0.9889 0.9646 0.0000
vt 0.9971 0.9646 0.0000
vt 1.0000 0.9200 0.0000
vt 0.9948 0.9646 0.0000
vt 0.9623 0.1979 0.0000
vt 0.9609 0.2211 0.0000
vt 0.9602 0.2205 0.0000
vt 0.9637 0.1969 0.0000
vt 0.9622 0.2221 0.0000
vt 0.9653 0.2259 0.0000
vt 0.9637 0.2237 0.0000
vt 0.9879 0.2226 0.0000
vt 0.0392 0.2269 0.0000
vt 0.0426 0.5474 0.0000
vt 0.0394 0.5470 0.0000
vt 0.0408 0.2273 0.0000
vt 0.0443 0.5469 0.0000
vt 0.0412 0.2273 0.0000
vt 0.0447 0.5469 0.0000
vt 0.0419 0.2268 0.0000
vt 0.9593 0.2255 0.0000
vt 0.9600 0.2261 0.0000
vt 0.0421 0.2250 0.0000
vt 0.9591 0.2237 0.0000
vt 0.9604 0.2261 0.0000
vt 0.9639 0.5456 0.0000
vt 0.9635 0.5456 0.0000
vt 0.9621 0.2256 0.0000
vt 0.9655 0.5461 0.0000
vt 0.9685 0.5455 0.0000
vt 0.0410 0.5492 0.0000
vt 0.0169 0.5504 0.0000
vt 0.0438 0.5519 0.0000
vt 0.0424 0.5750 0.0000
vt 0.0410 0.5761 0.0000
vt 0.0425 0.5508 0.0000
vt 0.0445 0.5524 0.0000
vt 0.0432 0.5744 0.0000
vt 0.0456 0.5492 0.0000
vt 0.9626 0.5480 0.0000
vt 0.9634 0.5513 0.0000
vt 0.0454 0.5474 0.0000
vt 0.9628 0.5461 0.0000
vt 0.9642 0.5507 0.0000
vt 0.9628 0.5744 0.0000
vt 0.9620 0.5738 0.0000
vt 0.9656 0.5496 0.0000
vt 0.9641 0.5755 0.0000
vt 0.9892 0.5467 0.0000
vt 0.9671 0.5478 0.0000
vt 0.0451 0.9649 0.0000
vt 0.9520 0.9649 0.0000
vt 0.0594 0.5769 0.0000
vt 0.9455 0.5764 0.0000
vt 0.9222 0.5772 0.0000
vt 0.0826 0.5777 0.0000
vt 0.0140 0.2263 0.0000
vt 0.0402 0.9197 0.0000
vt 0.0029 0.9197 0.0000
vt 0.0512 0.1965 0.0000
vt 0.0752 0.1957 0.0000
vt 0.0407 0.1957 0.0000
vt 0.9628 0.9197 0.0000
vt 1.0000 0.9197 0.0000
vt 0.9894 0.2225 0.0000
vt 0.9533 0.1960 0.0000
vt 0.9638 0.1952 0.0000
vt 0.9294 0.1953 0.0000
vt 0.0416 0.2268 0.0000
vt 0.0390 0.2251 0.0000
vt 0.0411 0.2247 0.0000
vt 0.9621 0.2238 0.0000
vt 0.9597 0.2255 0.0000
vt 0.9602 0.2235 0.0000
vt 0.0445 0.5495 0.0000
vt 0.0426 0.5492 0.0000
vt 0.0450 0.5475 0.0000
vt 0.9657 0.5479 0.0000
vt 0.9636 0.5482 0.0000
vt 0.9631 0.5462 0.0000
vt 0.0372 0.9649 0.0000
vt -0.0000 0.9649 0.0000
vt 0.0153 0.5504 0.0000
vt 0.0514 0.5770 0.0000
vt 0.0409 0.5777 0.0000
vt 0.0754 0.5777 0.0000
vt 0.9907 0.5466 0.0000
vt 0.9598 0.9649 0.0000
vt 0.9971 0.9649 0.0000
vt 0.9535 0.5765 0.0000
vt 0.9295 0.5772 0.0000
vt 0.9640 0.5772 0.0000
# 124 texture coords

o BookShelf_Shelf7
g BookShelf_Shelf7
usemtl wire_224086086
s 1
f 97/125/141 98/126/142 99/127/143 100/128/144 
f 101/129/145 102/130/146 98/126/142 97/125/141 
s 2
f 103/131/147 104/132/148 102/133/149 101/134/150 
s 1
f 105/135/151 106/136/152 107/137/153 108/138/154 
f 109/139/155 110/140/156 106/136/152 105/135/151 
f 100/128/144 111/141/157 110/142/158 109/143/159 
s 2
f 112/144/160 113/145/161 114/146/162 103/131/147 
s 1
f 115/147/163 116/148/164 113/149/165 112/150/166 
f 108/138/154 117/151/167 116/148/164 115/147/163 
f 118/152/168 119/153/169 120/154/170 121/155/171 
f 122/156/172 123/157/173 119/158/169 118/159/168 
f 111/141/157 124/160/174 123/157/175 122/156/176 
f 125/161/177 126/162/178 127/163/179 107/137/153 
f 128/164/180 129/165/181 126/162/178 125/161/177 
f 121/155/171 130/166/182 129/167/181 128/168/180 
s 2
f 131/169/183 132/170/184 133/171/185 114/146/162 
s 1
f 134/172/186 135/173/187 132/170/188 131/169/189 
f 136/174/190 137/175/191 135/173/187 134/172/186 
f 138/176/192 139/177/193 140/178/194 136/174/190 
f 141/179/195 142/180/196 139/177/197 138/176/198 
f 117/151/167 127/163/179 142/180/196 141/179/195 
f 143/181/199 144/182/200 145/183/201 140/178/194 
f 146/184/202 147/185/203 144/182/204 143/181/205 
f 130/166/182 148/186/206 147/185/203 146/184/202 
s 2
f 149/187/207 150/188/208 104/132/148 133/171/185 
s 1
f 151/189/209 152/190/210 150/191/211 149/192/212 
f 153/193/213 154/194/214 152/190/210 151/189/209 
f 155/195/215 156/196/216 157/197/217 153/193/213 
f 158/198/218 159/199/219 156/196/216 155/195/215 
f 137/175/191 145/183/201 159/199/220 158/198/221 
f 160/200/222 161/201/223 162/202/224 157/197/217 
f 163/203/225 164/204/226 161/201/223 160/200/222 
f 148/186/206 120/154/170 164/205/226 163/206/225 
f 165/207/227 166/208/228 124/160/174 99/127/143 
f 167/209/229 168/210/230 166/211/231 165/212/232 
f 154/194/214 162/202/224 168/210/230 167/209/229 
f 107/137/153 127/163/179 117/151/167 108/138/154 
f 140/178/194 145/183/201 137/175/191 136/174/190 
f 157/197/217 162/202/224 154/194/214 153/193/213 
f 124/160/174 111/141/157 100/128/144 99/127/143 
f 120/154/170 148/186/206 130/166/182 121/155/171 
s 2
f 103/131/147 114/146/162 133/171/185 104/132/148 
f 103/131/147 101/134/150 169/213/233 112/144/160 
s 1
f 101/129/145 97/125/141 170/214/234 169/215/235 
f 100/128/144 109/143/159 170/214/236 97/125/141 
f 109/139/155 105/135/151 171/216/237 170/217/234 
f 108/138/154 115/147/163 171/216/238 105/135/151 
f 115/147/163 112/150/166 169/218/235 171/216/237 
f 169/218/235 170/217/234 171/216/237 
f 111/141/157 122/156/176 172/219/239 110/142/158 
f 122/156/172 118/159/168 173/220/240 172/219/241 
f 121/155/171 128/168/180 173/221/242 118/152/168 
f 128/164/180 125/161/177 174/222/243 173/223/240 
f 107/137/153 106/136/152 174/222/244 125/161/177 
f 106/136/152 110/140/156 172/224/241 174/222/243 
f 172/224/241 173/223/240 174/222/243 
f 136/174/190 134/172/186 175/225/245 138/176/192 
f 134/172/186 131/169/189 176/226/246 175/225/247 
s 2
f 114/146/162 113/145/161 176/226/248 131/169/183 
s 1
f 113/149/165 116/148/164 177/227/249 176/226/246 
f 117/151/167 141/179/195 177/227/250 116/148/164 
f 141/179/195 138/176/198 175/225/247 177/227/249 
f 175/225/247 176/226/246 177/227/249 
f 130/166/182 146/184/202 178/228/251 129/167/181 
f 146/184/202 143/181/205 179/229/252 178/228/253 
f 140/178/194 139/177/193 179/229/254 143/181/199 
f 139/177/197 142/180/196 180/230/255 179/229/252 
f 127/163/179 126/162/178 180/230/256 142/180/196 
f 126/162/178 129/165/181 178/228/253 180/230/255 
f 178/228/253 179/229/252 180/230/255 
f 153/193/213 151/189/209 181/231/257 155/195/215 
f 151/189/209 149/192/212 182/232/258 181/231/259 
s 2
f 133/171/185 132/170/184 182/232/260 149/187/207 
s 1
f 132/170/188 135/173/187 183/233/261 182/232/258 
f 137/175/191 158/198/221 183/233/262 135/173/187 
f 158/198/218 155/195/215 181/231/259 183/233/261 
f 181/231/259 182/232/258 183/233/261 
f 148/186/206 163/206/225 184/234/263 147/185/203 
f 163/203/225 160/200/222 185/235/264 184/234/265 
f 157/197/217 156/196/216 185/235/266 160/200/222 
f 156/196/216 159/199/219 186/236/267 185/235/264 
f 145/183/201 144/182/200 186/236/268 159/199/220 
f 144/182/204 147/185/203 184/234/265 186/236/267 
f 184/234/265 185/235/264 186/236/267 
f 99/127/143 98/126/142 187/237/269 165/207/227 
f 98/126/142 102/130/146 188/238/270 187/237/271 
s 2
f 104/132/148 150/188/208 188/239/272 102/133/149 
s 1
f 150/191/211 152/190/210 189/240/273 188/241/270 
f 154/194/214 167/209/229 189/240/274 152/190/210 
f 167/209/229 165/212/232 187/242/271 189/240/273 
f 187/242/271 188/241/270 189/240/273 
f 120/154/170 119/153/169 190/243/275 164/205/226 
f 119/158/169 123/157/173 191/244/276 190/245/277 
f 124/160/174 166/208/228 191/244/278 123/157/175 
f 166/211/231 168/210/230 192/246/279 191/247/276 
f 162/202/224 161/201/223 192/246/280 168/210/230 
f 161/201/223 164/204/226 190/248/277 192/246/279 
f 190/248/277 191/247/276 192/246/279 
# 90 polygons - 8 triangles

#
# object BookShelf_Shelf3
#

v  222.2193 77.8442 -123.8730
v  222.2193 77.8442 -95.5376
v  222.1179 77.8170 -95.5376
v  222.1179 77.8170 -123.8730
v  222.2936 77.9185 -123.8730
v  222.2936 77.9185 -95.5376
v  222.3208 78.0199 -123.8730
v  222.3208 78.0199 -95.5376
v  222.1179 77.9185 -124.0487
v  134.4357 77.9185 -124.0487
v  134.4357 78.0199 -124.0758
v  222.1179 78.0199 -124.0758
v  222.1179 77.8442 -123.9744
v  134.4357 77.8442 -123.9744
v  134.4357 77.8170 -123.8729
v  222.2936 78.0199 -123.9744
v  222.2936 79.3785 -123.9744
v  222.3208 79.3785 -123.8730
v  222.2193 78.0199 -124.0487
v  222.2193 79.3785 -124.0487
v  222.1179 79.3785 -124.0758
v  134.2600 77.9185 -123.8729
v  134.2600 77.9185 -95.5376
v  134.2328 78.0199 -95.5376
v  134.2328 78.0199 -123.8729
v  134.3343 77.8442 -123.8729
v  134.3343 77.8442 -95.5376
v  134.4357 77.8170 -95.5376
v  134.3343 78.0199 -124.0487
v  134.3343 79.3785 -124.0487
v  134.4357 79.3785 -124.0758
v  134.2600 78.0199 -123.9744
v  134.2600 79.3785 -123.9744
v  134.2328 79.3785 -123.8729
v  222.2936 79.4799 -123.8730
v  222.2936 79.4799 -95.5376
v  222.3208 79.3785 -95.5376
v  222.2193 79.5542 -123.8730
v  222.2193 79.5542 -95.5376
v  222.1179 79.5814 -123.8730
v  222.1179 79.5814 -95.5376
v  222.1179 79.5542 -123.9744
v  134.4357 79.5542 -123.9744
v  134.4357 79.5814 -123.8729
v  222.1179 79.4799 -124.0487
v  134.4357 79.4799 -124.0487
v  134.3343 79.5542 -123.8729
v  134.3343 79.5542 -95.5376
v  134.4357 79.5814 -95.5376
v  134.2600 79.4799 -123.8729
v  134.2600 79.4799 -95.5376
v  134.2328 79.3785 -95.5376
v  222.2936 79.3785 -95.4361
v  222.2936 78.0199 -95.4361
v  222.2193 79.3785 -95.3619
v  222.2193 78.0199 -95.3619
v  222.1179 79.3785 -95.3347
v  222.1179 78.0199 -95.3347
v  222.1179 79.4799 -95.3619
v  134.4357 79.4799 -95.3619
v  134.4357 79.3785 -95.3347
v  222.1179 79.5542 -95.4361
v  134.4357 79.5542 -95.4361
v  134.3343 79.3785 -95.3619
v  134.3343 78.0199 -95.3619
v  134.4357 78.0199 -95.3347
v  134.2600 79.3785 -95.4361
v  134.2600 78.0199 -95.4361
v  222.1179 77.8442 -95.4361
v  134.4357 77.8442 -95.4361
v  222.1179 77.9185 -95.3619
v  134.4357 77.9185 -95.3619
v  222.2784 77.9323 -123.9606
v  222.2056 77.8595 -123.9606
v  222.2056 77.9323 -124.0334
v  134.3481 77.8595 -123.9606
v  134.2753 77.9323 -123.9606
v  134.3481 77.9323 -124.0334
v  222.2056 79.5389 -123.9606
v  222.2784 79.4662 -123.9606
v  222.2056 79.4662 -124.0334
v  134.2753 79.4662 -123.9606
v  134.3481 79.5389 -123.9606
v  134.3481 79.4662 -124.0334
v  222.2056 79.4662 -95.3771
v  222.2784 79.4662 -95.4499
v  222.2056 79.5389 -95.4499
v  134.2753 79.4662 -95.4499
v  134.3481 79.4662 -95.3771
v  134.3481 79.5389 -95.4499
v  222.2056 77.8595 -95.4499
v  222.2784 77.9323 -95.4499
v  222.2056 77.9323 -95.3771
v  134.2753 77.9323 -95.4499
v  134.3481 77.8595 -95.4499
v  134.3481 77.9323 -95.3771
# 96 vertices

vn -0.4994 -0.8664 0.0007
vn -0.4994 -0.8664 -0.0007
vn -0.0003 -1.0000 -0.0010
vn -0.0003 -1.0000 0.0010
vn -0.7071 -0.7071 0.0013
vn -0.7071 -0.7071 -0.0013
vn -0.9998 -0.0186 0.0009
vn -0.9998 -0.0186 -0.0009
vn -0.9659 -0.2588 -0.0002
vn -0.9659 -0.2588 0.0002
vn -0.0002 -0.5002 0.8659
vn 0.0002 -0.5002 0.8659
vn 0.0003 -0.0186 0.9998
vn -0.0003 -0.0186 0.9998
vn -0.0000 -0.7072 0.7071
vn 0.0000 -0.7072 0.7071
vn 0.0003 -1.0000 0.0010
vn 0.0004 -0.9659 0.2588
vn -0.0004 -0.9659 0.2588
vn -0.9662 -0.0141 0.2574
vn -0.9662 0.0141 0.2574
vn -0.9998 0.0186 0.0009
vn -0.4992 -0.0146 0.8663
vn -0.4992 0.0146 0.8663
vn -0.7071 0.0141 0.7070
vn -0.7071 -0.0141 0.7070
vn -0.0003 0.0186 0.9998
vn 0.8657 -0.5005 0.0007
vn 0.8657 -0.5005 -0.0007
vn 0.9998 -0.0186 -0.0009
vn 0.9998 -0.0186 0.0009
vn 0.7071 -0.7071 0.0002
vn 0.7071 -0.7071 -0.0002
vn 0.0003 -1.0000 -0.0010
vn 0.2587 -0.9660 -0.0013
vn 0.2587 -0.9660 0.0013
vn 0.4992 -0.0146 0.8663
vn 0.4992 0.0146 0.8663
vn 0.0003 0.0186 0.9998
vn 0.8663 -0.0146 0.4994
vn 0.8663 0.0146 0.4994
vn 0.9998 0.0186 0.0009
vn -0.9659 0.2588 0.0002
vn -0.9659 0.2588 -0.0002
vn -0.9998 0.0186 -0.0009
vn -0.4994 0.8664 0.0007
vn -0.4994 0.8664 -0.0007
vn -0.7071 0.7071 -0.0013
vn -0.7071 0.7071 0.0013
vn -0.0003 1.0000 0.0010
vn -0.0003 1.0000 -0.0010
vn -0.0004 0.9659 0.2588
vn 0.0004 0.9659 0.2588
vn 0.0003 1.0000 0.0010
vn -0.0002 0.5002 0.8659
vn 0.0002 0.5002 0.8659
vn 0.0000 0.7072 0.7071
vn -0.0000 0.7072 0.7071
vn 0.2587 0.9660 0.0013
vn 0.2587 0.9660 -0.0013
vn 0.0003 1.0000 -0.0010
vn 0.8657 0.5005 0.0007
vn 0.8657 0.5005 -0.0007
vn 0.7071 0.7071 -0.0002
vn 0.7071 0.7071 0.0002
vn 0.9998 0.0186 -0.0009
vn -0.9662 0.0141 -0.2574
vn -0.9662 -0.0141 -0.2574
vn -0.4992 0.0146 -0.8664
vn -0.4992 -0.0146 -0.8664
vn -0.7070 -0.0141 -0.7071
vn -0.7070 0.0141 -0.7071
vn -0.0003 0.0186 -0.9998
vn -0.0003 -0.0186 -0.9998
vn -0.0002 0.5002 -0.8659
vn 0.0002 0.5002 -0.8659
vn 0.0003 0.0186 -0.9998
vn -0.0000 0.7071 -0.7072
vn 0.0000 0.7071 -0.7072
vn 0.0004 0.9659 -0.2588
vn -0.0004 0.9659 -0.2588
vn 0.4992 0.0146 -0.8664
vn 0.4992 -0.0146 -0.8664
vn 0.0003 -0.0186 -0.9998
vn 0.8663 0.0146 -0.4994
vn 0.8663 -0.0146 -0.4994
vn -0.0004 -0.9659 -0.2588
vn 0.0004 -0.9659 -0.2588
vn -0.0002 -0.5002 -0.8659
vn 0.0002 -0.5002 -0.8659
vn 0.0000 -0.7071 -0.7072
vn -0.0000 -0.7071 -0.7072
vn -0.9461 -0.2290 0.2290
vn -0.4778 -0.7273 0.4926
vn -0.6790 -0.4039 0.6131
vn -0.2290 -0.9461 0.2290
vn -0.6384 -0.3743 0.6726
vn -0.2290 -0.2290 0.9461
vn 0.2290 -0.9461 0.2290
vn 0.6789 -0.4039 0.6131
vn 0.4778 -0.7273 0.4926
vn 0.9461 -0.2290 0.2290
vn 0.6383 -0.3743 0.6726
vn 0.2290 -0.2290 0.9461
vn -0.2290 0.9461 0.2290
vn -0.6790 0.4039 0.6131
vn -0.4778 0.7273 0.4926
vn -0.9461 0.2290 0.2290
vn -0.6384 0.3743 0.6726
vn -0.2290 0.2290 0.9461
vn 0.9461 0.2290 0.2290
vn 0.4778 0.7273 0.4926
vn 0.6789 0.4039 0.6131
vn 0.2290 0.9461 0.2290
vn 0.6383 0.3743 0.6726
vn 0.2290 0.2290 0.9461
vn -0.2290 0.2290 -0.9461
vn -0.6789 0.4039 -0.6131
vn -0.6383 0.3743 -0.6726
vn -0.9461 0.2290 -0.2290
vn -0.4778 0.7273 -0.4927
vn -0.2290 0.9461 -0.2290
vn 0.9461 0.2290 -0.2290
vn 0.6383 0.3744 -0.6726
vn 0.6789 0.4040 -0.6131
vn 0.2291 0.2291 -0.9461
vn 0.4778 0.7273 -0.4927
vn 0.2290 0.9461 -0.2290
vn -0.2290 -0.9461 -0.2290
vn -0.6789 -0.4040 -0.6131
vn -0.4778 -0.7273 -0.4927
vn -0.9461 -0.2291 -0.2290
vn -0.6383 -0.3743 -0.6726
vn -0.2291 -0.2290 -0.9461
vn 0.9461 -0.2290 -0.2290
vn 0.4778 -0.7273 -0.4927
vn 0.6789 -0.4040 -0.6131
vn 0.2290 -0.9461 -0.2290
vn 0.6383 -0.3744 -0.6726
vn 0.2291 -0.2291 -0.9461
# 140 vertex normals

vt 0.0111 0.9200 0.0000
vt 0.0083 0.9646 0.0000
vt 0.0023 0.9646 0.0000
vt 0.0052 0.9200 0.0000
vt 0.0029 0.9200 0.0000
vt 0.0000 0.9646 0.0000
vt 0.0169 0.2285 0.0000
vt 0.0184 0.5480 0.0000
vt 0.0153 0.5477 0.0000
vt 0.0140 0.2290 0.0000
vt 0.0592 0.1966 0.0000
vt 0.9453 0.1961 0.0000
vt 0.9615 0.1985 0.0000
vt 0.0427 0.1991 0.0000
vt 0.0825 0.1957 0.0000
vt 0.9221 0.1953 0.0000
vt 0.9977 0.9200 0.0000
vt 0.9549 0.9197 0.0000
vt 0.0480 0.9197 0.0000
vt 0.0155 0.2262 0.0000
vt 0.0376 0.2251 0.0000
vt 0.0362 0.2275 0.0000
vt 0.0419 0.1985 0.0000
vt 0.0406 0.2223 0.0000
vt 0.0391 0.2234 0.0000
vt 0.0406 0.1974 0.0000
vt 0.0413 0.2217 0.0000
vt 0.9894 0.2252 0.0000
vt 0.9907 0.5439 0.0000
vt 0.9878 0.5445 0.0000
vt 0.9863 0.2250 0.0000
vt 0.9917 0.9200 0.0000
vt 0.9889 0.9646 0.0000
vt 0.9971 0.9646 0.0000
vt 1.0000 0.9200 0.0000
vt 0.9948 0.9646 0.0000
vt 0.9623 0.1979 0.0000
vt 0.9609 0.2211 0.0000
vt 0.9602 0.2205 0.0000
vt 0.9637 0.1969 0.0000
vt 0.9622 0.2221 0.0000
vt 0.9653 0.2259 0.0000
vt 0.9637 0.2237 0.0000
vt 0.9879 0.2226 0.0000
vt 0.0392 0.2269 0.0000
vt 0.0426 0.5474 0.0000
vt 0.0394 0.5470 0.0000
vt 0.0408 0.2273 0.0000
vt 0.0443 0.5469 0.0000
vt 0.0412 0.2273 0.0000
vt 0.0447 0.5469 0.0000
vt 0.0419 0.2268 0.0000
vt 0.9593 0.2255 0.0000
vt 0.9600 0.2261 0.0000
vt 0.0421 0.2250 0.0000
vt 0.9591 0.2237 0.0000
vt 0.9604 0.2261 0.0000
vt 0.9639 0.5456 0.0000
vt 0.9635 0.5456 0.0000
vt 0.9621 0.2256 0.0000
vt 0.9655 0.5461 0.0000
vt 0.9685 0.5455 0.0000
vt 0.0410 0.5492 0.0000
vt 0.0169 0.5504 0.0000
vt 0.0438 0.5519 0.0000
vt 0.0424 0.5750 0.0000
vt 0.0410 0.5761 0.0000
vt 0.0425 0.5508 0.0000
vt 0.0445 0.5524 0.0000
vt 0.0432 0.5744 0.0000
vt 0.0456 0.5492 0.0000
vt 0.9626 0.5480 0.0000
vt 0.9634 0.5513 0.0000
vt 0.0454 0.5474 0.0000
vt 0.9628 0.5461 0.0000
vt 0.9642 0.5507 0.0000
vt 0.9628 0.5744 0.0000
vt 0.9620 0.5738 0.0000
vt 0.9656 0.5496 0.0000
vt 0.9641 0.5755 0.0000
vt 0.9892 0.5467 0.0000
vt 0.9671 0.5478 0.0000
vt 0.0451 0.9649 0.0000
vt 0.9520 0.9649 0.0000
vt 0.0594 0.5769 0.0000
vt 0.9455 0.5764 0.0000
vt 0.9222 0.5772 0.0000
vt 0.0826 0.5777 0.0000
vt 0.0140 0.2263 0.0000
vt 0.0402 0.9197 0.0000
vt 0.0029 0.9197 0.0000
vt 0.0512 0.1965 0.0000
vt 0.0752 0.1957 0.0000
vt 0.0407 0.1957 0.0000
vt 0.9628 0.9197 0.0000
vt 1.0000 0.9197 0.0000
vt 0.9894 0.2225 0.0000
vt 0.9533 0.1960 0.0000
vt 0.9638 0.1952 0.0000
vt 0.9294 0.1953 0.0000
vt 0.0416 0.2268 0.0000
vt 0.0390 0.2251 0.0000
vt 0.0411 0.2247 0.0000
vt 0.9621 0.2238 0.0000
vt 0.9597 0.2255 0.0000
vt 0.9602 0.2235 0.0000
vt 0.0445 0.5495 0.0000
vt 0.0426 0.5492 0.0000
vt 0.0450 0.5475 0.0000
vt 0.9657 0.5479 0.0000
vt 0.9636 0.5482 0.0000
vt 0.9631 0.5462 0.0000
vt 0.0372 0.9649 0.0000
vt -0.0000 0.9649 0.0000
vt 0.0153 0.5504 0.0000
vt 0.0514 0.5770 0.0000
vt 0.0409 0.5777 0.0000
vt 0.0754 0.5777 0.0000
vt 0.9907 0.5466 0.0000
vt 0.9598 0.9649 0.0000
vt 0.9971 0.9649 0.0000
vt 0.9535 0.5765 0.0000
vt 0.9295 0.5772 0.0000
vt 0.9640 0.5772 0.0000
# 124 texture coords

o BookShelf_Shelf3
g BookShelf_Shelf3
usemtl wire_134006006
s 1
f 193/249/281 194/250/282 195/251/283 196/252/284 
f 197/253/285 198/254/286 194/250/282 193/249/281 
s 2
f 199/255/287 200/256/288 198/257/289 197/258/290 
s 1
f 201/259/291 202/260/292 203/261/293 204/262/294 
f 205/263/295 206/264/296 202/260/292 201/259/291 
f 196/252/284 207/265/297 206/266/298 205/267/299 
s 2
f 208/268/300 209/269/301 210/270/302 199/255/287 
s 1
f 211/271/303 212/272/304 209/273/305 208/274/306 
f 204/262/294 213/275/307 212/272/304 211/271/303 
f 214/276/308 215/277/309 216/278/310 217/279/311 
f 218/280/312 219/281/313 215/282/309 214/283/308 
f 207/265/297 220/284/314 219/281/315 218/280/316 
f 221/285/317 222/286/318 223/287/319 203/261/293 
f 224/288/320 225/289/321 222/286/318 221/285/317 
f 217/279/311 226/290/322 225/291/321 224/292/320 
s 2
f 227/293/323 228/294/324 229/295/325 210/270/302 
s 1
f 230/296/326 231/297/327 228/294/328 227/293/329 
f 232/298/330 233/299/331 231/297/327 230/296/326 
f 234/300/332 235/301/333 236/302/334 232/298/330 
f 237/303/335 238/304/336 235/301/337 234/300/338 
f 213/275/307 223/287/319 238/304/336 237/303/335 
f 239/305/339 240/306/340 241/307/341 236/302/334 
f 242/308/342 243/309/343 240/306/344 239/305/345 
f 226/290/322 244/310/346 243/309/343 242/308/342 
s 2
f 245/311/347 246/312/348 200/256/288 229/295/325 
s 1
f 247/313/349 248/314/350 246/315/351 245/316/352 
f 249/317/353 250/318/354 248/314/350 247/313/349 
f 251/319/355 252/320/356 253/321/357 249/317/353 
f 254/322/358 255/323/359 252/320/356 251/319/355 
f 233/299/331 241/307/341 255/323/360 254/322/361 
f 256/324/362 257/325/363 258/326/364 253/321/357 
f 259/327/365 260/328/366 257/325/363 256/324/362 
f 244/310/346 216/278/310 260/329/366 259/330/365 
f 261/331/367 262/332/368 220/284/314 195/251/283 
f 263/333/369 264/334/370 262/335/371 261/336/372 
f 250/318/354 258/326/364 264/334/370 263/333/369 
f 203/261/293 223/287/319 213/275/307 204/262/294 
f 236/302/334 241/307/341 233/299/331 232/298/330 
f 253/321/357 258/326/364 250/318/354 249/317/353 
f 220/284/314 207/265/297 196/252/284 195/251/283 
f 216/278/310 244/310/346 226/290/322 217/279/311 
s 2
f 199/255/287 210/270/302 229/295/325 200/256/288 
f 199/255/287 197/258/290 265/337/373 208/268/300 
s 1
f 197/253/285 193/249/281 266/338/374 265/339/375 
f 196/252/284 205/267/299 266/338/376 193/249/281 
f 205/263/295 201/259/291 267/340/377 266/341/374 
f 204/262/294 211/271/303 267/340/378 201/259/291 
f 211/271/303 208/274/306 265/342/375 267/340/377 
f 265/342/375 266/341/374 267/340/377 
f 207/265/297 218/280/316 268/343/379 206/266/298 
f 218/280/312 214/283/308 269/344/380 268/343/381 
f 217/279/311 224/292/320 269/345/382 214/276/308 
f 224/288/320 221/285/317 270/346/383 269/347/380 
f 203/261/293 202/260/292 270/346/384 221/285/317 
f 202/260/292 206/264/296 268/348/381 270/346/383 
f 268/348/381 269/347/380 270/346/383 
f 232/298/330 230/296/326 271/349/385 234/300/332 
f 230/296/326 227/293/329 272/350/386 271/349/387 
s 2
f 210/270/302 209/269/301 272/350/388 227/293/323 
s 1
f 209/273/305 212/272/304 273/351/389 272/350/386 
f 213/275/307 237/303/335 273/351/390 212/272/304 
f 237/303/335 234/300/338 271/349/387 273/351/389 
f 271/349/387 272/350/386 273/351/389 
f 226/290/322 242/308/342 274/352/391 225/291/321 
f 242/308/342 239/305/345 275/353/392 274/352/393 
f 236/302/334 235/301/333 275/353/394 239/305/339 
f 235/301/337 238/304/336 276/354/395 275/353/392 
f 223/287/319 222/286/318 276/354/396 238/304/336 
f 222/286/318 225/289/321 274/352/393 276/354/395 
f 274/352/393 275/353/392 276/354/395 
f 249/317/353 247/313/349 277/355/397 251/319/355 
f 247/313/349 245/316/352 278/356/398 277/355/399 
s 2
f 229/295/325 228/294/324 278/356/400 245/311/347 
s 1
f 228/294/328 231/297/327 279/357/401 278/356/398 
f 233/299/331 254/322/361 279/357/402 231/297/327 
f 254/322/358 251/319/355 277/355/399 279/357/401 
f 277/355/399 278/356/398 279/357/401 
f 244/310/346 259/330/365 280/358/403 243/309/343 
f 259/327/365 256/324/362 281/359/404 280/358/405 
f 253/321/357 252/320/356 281/359/406 256/324/362 
f 252/320/356 255/323/359 282/360/407 281/359/404 
f 241/307/341 240/306/340 282/360/408 255/323/360 
f 240/306/344 243/309/343 280/358/405 282/360/407 
f 280/358/405 281/359/404 282/360/407 
f 195/251/283 194/250/282 283/361/409 261/331/367 
f 194/250/282 198/254/286 284/362/410 283/361/411 
s 2
f 200/256/288 246/312/348 284/363/412 198/257/289 
s 1
f 246/315/351 248/314/350 285/364/413 284/365/410 
f 250/318/354 263/333/369 285/364/414 248/314/350 
f 263/333/369 261/336/372 283/366/411 285/364/413 
f 283/366/411 284/365/410 285/364/413 
f 216/278/310 215/277/309 286/367/415 260/329/366 
f 215/282/309 219/281/313 287/368/416 286/369/417 
f 220/284/314 262/332/368 287/368/418 219/281/315 
f 262/335/371 264/334/370 288/370/419 287/371/416 
f 258/326/364 257/325/363 288/370/420 264/334/370 
f 257/325/363 260/328/366 286/372/417 288/370/419 
f 286/372/417 287/371/416 288/370/419 
# 90 polygons - 8 triangles

#
# object BookShelf_Shelf2
#

v  222.2193 148.4764 -123.8730
v  222.2193 148.4764 -95.5376
v  222.1179 148.4492 -95.5376
v  222.1179 148.4492 -123.8730
v  222.2936 148.5506 -123.8730
v  222.2936 148.5506 -95.5376
v  222.3208 148.6521 -123.8730
v  222.3208 148.6521 -95.5376
v  222.1179 148.5506 -124.0487
v  134.4357 148.5506 -124.0487
v  134.4357 148.6521 -124.0758
v  222.1179 148.6521 -124.0758
v  222.1179 148.4764 -123.9744
v  134.4357 148.4764 -123.9744
v  134.4357 148.4492 -123.8729
v  222.2936 148.6521 -123.9744
v  222.2936 150.0106 -123.9744
v  222.3208 150.0106 -123.8730
v  222.2193 148.6521 -124.0487
v  222.2193 150.0106 -124.0487
v  222.1179 150.0106 -124.0758
v  134.2600 148.5506 -123.8729
v  134.2600 148.5506 -95.5376
v  134.2328 148.6521 -95.5376
v  134.2328 148.6521 -123.8729
v  134.3343 148.4764 -123.8729
v  134.3343 148.4764 -95.5376
v  134.4357 148.4492 -95.5376
v  134.3343 148.6521 -124.0487
v  134.3343 150.0106 -124.0487
v  134.4357 150.0106 -124.0758
v  134.2600 148.6521 -123.9744
v  134.2600 150.0106 -123.9744
v  134.2328 150.0106 -123.8729
v  222.2936 150.1121 -123.8730
v  222.2936 150.1121 -95.5376
v  222.3208 150.0106 -95.5376
v  222.2193 150.1863 -123.8730
v  222.2193 150.1863 -95.5376
v  222.1179 150.2135 -123.8730
v  222.1179 150.2135 -95.5376
v  222.1179 150.1863 -123.9744
v  134.4357 150.1863 -123.9744
v  134.4357 150.2135 -123.8729
v  222.1179 150.1121 -124.0487
v  134.4357 150.1121 -124.0487
v  134.3343 150.1863 -123.8729
v  134.3343 150.1863 -95.5376
v  134.4357 150.2135 -95.5376
v  134.2600 150.1121 -123.8729
v  134.2600 150.1121 -95.5376
v  134.2328 150.0106 -95.5376
v  222.2936 150.0106 -95.4361
v  222.2936 148.6521 -95.4361
v  222.2193 150.0106 -95.3619
v  222.2193 148.6521 -95.3619
v  222.1179 150.0106 -95.3347
v  222.1179 148.6521 -95.3347
v  222.1179 150.1121 -95.3619
v  134.4357 150.1121 -95.3619
v  134.4357 150.0106 -95.3347
v  222.1179 150.1863 -95.4361
v  134.4357 150.1863 -95.4361
v  134.3343 150.0106 -95.3619
v  134.3343 148.6521 -95.3619
v  134.4357 148.6521 -95.3347
v  134.2600 150.0106 -95.4361
v  134.2600 148.6521 -95.4361
v  222.1179 148.4764 -95.4361
v  134.4357 148.4764 -95.4361
v  222.1179 148.5506 -95.3619
v  134.4357 148.5506 -95.3619
v  222.2784 148.5644 -123.9606
v  222.2056 148.4916 -123.9606
v  222.2056 148.5644 -124.0334
v  134.3481 148.4916 -123.9606
v  134.2753 148.5644 -123.9606
v  134.3481 148.5644 -124.0334
v  222.2056 150.1711 -123.9606
v  222.2784 150.0983 -123.9606
v  222.2056 150.0983 -124.0334
v  134.2753 150.0983 -123.9606
v  134.3481 150.1711 -123.9606
v  134.3481 150.0983 -124.0334
v  222.2056 150.0983 -95.3771
v  222.2784 150.0983 -95.4499
v  222.2056 150.1711 -95.4499
v  134.2753 150.0983 -95.4499
v  134.3481 150.0983 -95.3771
v  134.3481 150.1711 -95.4499
v  222.2056 148.4916 -95.4499
v  222.2784 148.5644 -95.4499
v  222.2056 148.5644 -95.3771
v  134.2753 148.5644 -95.4499
v  134.3481 148.4916 -95.4499
v  134.3481 148.5644 -95.3771
# 96 vertices

vn -0.4994 -0.8664 0.0007
vn -0.4994 -0.8664 -0.0007
vn -0.0003 -1.0000 -0.0010
vn -0.0003 -1.0000 0.0010
vn -0.7071 -0.7071 0.0013
vn -0.7071 -0.7071 -0.0013
vn -0.9998 -0.0186 0.0009
vn -0.9998 -0.0186 -0.0009
vn -0.9659 -0.2588 -0.0002
vn -0.9659 -0.2588 0.0002
vn -0.0002 -0.5002 0.8659
vn 0.0002 -0.5002 0.8659
vn 0.0003 -0.0186 0.9998
vn -0.0003 -0.0186 0.9998
vn -0.0000 -0.7072 0.7071
vn 0.0000 -0.7072 0.7071
vn 0.0003 -1.0000 0.0010
vn 0.0004 -0.9659 0.2588
vn -0.0004 -0.9659 0.2588
vn -0.9662 -0.0141 0.2574
vn -0.9662 0.0141 0.2574
vn -0.9998 0.0186 0.0009
vn -0.4992 -0.0146 0.8663
vn -0.4992 0.0146 0.8663
vn -0.7071 0.0141 0.7070
vn -0.7071 -0.0141 0.7070
vn -0.0003 0.0186 0.9998
vn 0.8657 -0.5005 0.0007
vn 0.8657 -0.5005 -0.0007
vn 0.9998 -0.0186 -0.0009
vn 0.9998 -0.0186 0.0009
vn 0.7071 -0.7071 0.0002
vn 0.7071 -0.7071 -0.0002
vn 0.0003 -1.0000 -0.0010
vn 0.2587 -0.9660 -0.0013
vn 0.2587 -0.9660 0.0013
vn 0.4992 -0.0146 0.8663
vn 0.4992 0.0146 0.8663
vn 0.0003 0.0186 0.9998
vn 0.8663 -0.0146 0.4994
vn 0.8663 0.0146 0.4994
vn 0.9998 0.0186 0.0009
vn -0.9659 0.2588 0.0002
vn -0.9659 0.2588 -0.0002
vn -0.9998 0.0186 -0.0009
vn -0.4994 0.8664 0.0007
vn -0.4994 0.8664 -0.0007
vn -0.7071 0.7071 -0.0013
vn -0.7071 0.7071 0.0013
vn -0.0003 1.0000 0.0010
vn -0.0003 1.0000 -0.0010
vn -0.0004 0.9659 0.2588
vn 0.0004 0.9659 0.2588
vn 0.0003 1.0000 0.0010
vn -0.0002 0.5002 0.8659
vn 0.0002 0.5002 0.8659
vn 0.0000 0.7072 0.7071
vn -0.0000 0.7072 0.7071
vn 0.2587 0.9660 0.0013
vn 0.2587 0.9660 -0.0013
vn 0.0003 1.0000 -0.0010
vn 0.8657 0.5005 0.0007
vn 0.8657 0.5005 -0.0007
vn 0.7071 0.7071 -0.0002
vn 0.7071 0.7071 0.0002
vn 0.9998 0.0186 -0.0009
vn -0.9662 0.0141 -0.2574
vn -0.9662 -0.0141 -0.2574
vn -0.4992 0.0146 -0.8664
vn -0.4992 -0.0146 -0.8664
vn -0.7070 -0.0141 -0.7071
vn -0.7070 0.0141 -0.7071
vn -0.0003 0.0186 -0.9998
vn -0.0003 -0.0186 -0.9998
vn -0.0002 0.5002 -0.8659
vn 0.0002 0.5002 -0.8659
vn 0.0003 0.0186 -0.9998
vn -0.0000 0.7071 -0.7072
vn 0.0000 0.7071 -0.7072
vn 0.0004 0.9659 -0.2588
vn -0.0004 0.9659 -0.2588
vn 0.4992 0.0146 -0.8664
vn 0.4992 -0.0146 -0.8664
vn 0.0003 -0.0186 -0.9998
vn 0.8663 0.0146 -0.4994
vn 0.8663 -0.0146 -0.4994
vn -0.0004 -0.9659 -0.2588
vn 0.0004 -0.9659 -0.2588
vn -0.0002 -0.5002 -0.8659
vn 0.0002 -0.5002 -0.8659
vn 0.0000 -0.7071 -0.7072
vn -0.0000 -0.7071 -0.7072
vn -0.9461 -0.2290 0.2290
vn -0.4778 -0.7273 0.4926
vn -0.6790 -0.4039 0.6131
vn -0.2290 -0.9461 0.2290
vn -0.6384 -0.3743 0.6726
vn -0.2290 -0.2290 0.9461
vn 0.2290 -0.9461 0.2290
vn 0.6789 -0.4039 0.6131
vn 0.4778 -0.7273 0.4926
vn 0.9461 -0.2290 0.2290
vn 0.6383 -0.3743 0.6726
vn 0.2290 -0.2290 0.9461
vn -0.2290 0.9461 0.2290
vn -0.6790 0.4039 0.6131
vn -0.4778 0.7273 0.4926
vn -0.9461 0.2290 0.2290
vn -0.6384 0.3743 0.6726
vn -0.2290 0.2290 0.9461
vn 0.9461 0.2290 0.2290
vn 0.4778 0.7273 0.4926
vn 0.6789 0.4039 0.6131
vn 0.2290 0.9461 0.2290
vn 0.6383 0.3743 0.6726
vn 0.2290 0.2290 0.9461
vn -0.2290 0.2290 -0.9461
vn -0.6789 0.4039 -0.6131
vn -0.6383 0.3743 -0.6726
vn -0.9461 0.2290 -0.2290
vn -0.4778 0.7273 -0.4927
vn -0.2290 0.9461 -0.2290
vn 0.9461 0.2290 -0.2290
vn 0.6383 0.3744 -0.6726
vn 0.6789 0.4040 -0.6131
vn 0.2291 0.2291 -0.9461
vn 0.4778 0.7273 -0.4927
vn 0.2290 0.9461 -0.2290
vn -0.2290 -0.9461 -0.2290
vn -0.6789 -0.4040 -0.6131
vn -0.4778 -0.7273 -0.4927
vn -0.9461 -0.2291 -0.2290
vn -0.6383 -0.3743 -0.6726
vn -0.2291 -0.2290 -0.9461
vn 0.9461 -0.2290 -0.2290
vn 0.4778 -0.7273 -0.4927
vn 0.6789 -0.4040 -0.6131
vn 0.2290 -0.9461 -0.2290
vn 0.6383 -0.3744 -0.6726
vn 0.2291 -0.2291 -0.9461
# 140 vertex normals

vt 0.0111 0.9200 0.0000
vt 0.0083 0.9646 0.0000
vt 0.0023 0.9646 0.0000
vt 0.0052 0.9200 0.0000
vt 0.0029 0.9200 0.0000
vt 0.0000 0.9646 0.0000
vt 0.0169 0.2285 0.0000
vt 0.0184 0.5480 0.0000
vt 0.0153 0.5477 0.0000
vt 0.0140 0.2290 0.0000
vt 0.0592 0.1966 0.0000
vt 0.9453 0.1961 0.0000
vt 0.9615 0.1985 0.0000
vt 0.0427 0.1991 0.0000
vt 0.0825 0.1957 0.0000
vt 0.9221 0.1953 0.0000
vt 0.9977 0.9200 0.0000
vt 0.9549 0.9197 0.0000
vt 0.0480 0.9197 0.0000
vt 0.0155 0.2262 0.0000
vt 0.0376 0.2251 0.0000
vt 0.0362 0.2275 0.0000
vt 0.0419 0.1985 0.0000
vt 0.0406 0.2223 0.0000
vt 0.0391 0.2234 0.0000
vt 0.0406 0.1974 0.0000
vt 0.0413 0.2217 0.0000
vt 0.9894 0.2252 0.0000
vt 0.9907 0.5439 0.0000
vt 0.9878 0.5445 0.0000
vt 0.9863 0.2250 0.0000
vt 0.9917 0.9200 0.0000
vt 0.9889 0.9646 0.0000
vt 0.9971 0.9646 0.0000
vt 1.0000 0.9200 0.0000
vt 0.9948 0.9646 0.0000
vt 0.9623 0.1979 0.0000
vt 0.9609 0.2211 0.0000
vt 0.9602 0.2205 0.0000
vt 0.9637 0.1969 0.0000
vt 0.9622 0.2221 0.0000
vt 0.9653 0.2259 0.0000
vt 0.9637 0.2237 0.0000
vt 0.9879 0.2226 0.0000
vt 0.0392 0.2269 0.0000
vt 0.0426 0.5474 0.0000
vt 0.0394 0.5470 0.0000
vt 0.0408 0.2273 0.0000
vt 0.0443 0.5469 0.0000
vt 0.0412 0.2273 0.0000
vt 0.0447 0.5469 0.0000
vt 0.0419 0.2268 0.0000
vt 0.9593 0.2255 0.0000
vt 0.9600 0.2261 0.0000
vt 0.0421 0.2250 0.0000
vt 0.9591 0.2237 0.0000
vt 0.9604 0.2261 0.0000
vt 0.9639 0.5456 0.0000
vt 0.9635 0.5456 0.0000
vt 0.9621 0.2256 0.0000
vt 0.9655 0.5461 0.0000
vt 0.9685 0.5455 0.0000
vt 0.0410 0.5492 0.0000
vt 0.0169 0.5504 0.0000
vt 0.0438 0.5519 0.0000
vt 0.0424 0.5750 0.0000
vt 0.0410 0.5761 0.0000
vt 0.0425 0.5508 0.0000
vt 0.0445 0.5524 0.0000
vt 0.0432 0.5744 0.0000
vt 0.0456 0.5492 0.0000
vt 0.9626 0.5480 0.0000
vt 0.9634 0.5513 0.0000
vt 0.0454 0.5474 0.0000
vt 0.9628 0.5461 0.0000
vt 0.9642 0.5507 0.0000
vt 0.9628 0.5744 0.0000
vt 0.9620 0.5738 0.0000
vt 0.9656 0.5496 0.0000
vt 0.9641 0.5755 0.0000
vt 0.9892 0.5467 0.0000
vt 0.9671 0.5478 0.0000
vt 0.0451 0.9649 0.0000
vt 0.9520 0.9649 0.0000
vt 0.0594 0.5769 0.0000
vt 0.9455 0.5764 0.0000
vt 0.9222 0.5772 0.0000
vt 0.0826 0.5777 0.0000
vt 0.0140 0.2263 0.0000
vt 0.0402 0.9197 0.0000
vt 0.0029 0.9197 0.0000
vt 0.0512 0.1965 0.0000
vt 0.0752 0.1957 0.0000
vt 0.0407 0.1957 0.0000
vt 0.9628 0.9197 0.0000
vt 1.0000 0.9197 0.0000
vt 0.9894 0.2225 0.0000
vt 0.9533 0.1960 0.0000
vt 0.9638 0.1952 0.0000
vt 0.9294 0.1953 0.0000
vt 0.0416 0.2268 0.0000
vt 0.0390 0.2251 0.0000
vt 0.0411 0.2247 0.0000
vt 0.9621 0.2238 0.0000
vt 0.9597 0.2255 0.0000
vt 0.9602 0.2235 0.0000
vt 0.0445 0.5495 0.0000
vt 0.0426 0.5492 0.0000
vt 0.0450 0.5475 0.0000
vt 0.9657 0.5479 0.0000
vt 0.9636 0.5482 0.0000
vt 0.9631 0.5462 0.0000
vt 0.0372 0.9649 0.0000
vt -0.0000 0.9649 0.0000
vt 0.0153 0.5504 0.0000
vt 0.0514 0.5770 0.0000
vt 0.0409 0.5777 0.0000
vt 0.0754 0.5777 0.0000
vt 0.9907 0.5466 0.0000
vt 0.9598 0.9649 0.0000
vt 0.9971 0.9649 0.0000
vt 0.9535 0.5765 0.0000
vt 0.9295 0.5772 0.0000
vt 0.9640 0.5772 0.0000
# 124 texture coords

o BookShelf_Shelf2
g BookShelf_Shelf2
usemtl wire_134110008
s 1
f 289/373/421 290/374/422 291/375/423 292/376/424 
f 293/377/425 294/378/426 290/374/422 289/373/421 
s 2
f 295/379/427 296/380/428 294/381/429 293/382/430 
s 1
f 297/383/431 298/384/432 299/385/433 300/386/434 
f 301/387/435 302/388/436 298/384/432 297/383/431 
f 292/376/424 303/389/437 302/390/438 301/391/439 
s 2
f 304/392/440 305/393/441 306/394/442 295/379/427 
s 1
f 307/395/443 308/396/444 305/397/445 304/398/446 
f 300/386/434 309/399/447 308/396/444 307/395/443 
f 310/400/448 311/401/449 312/402/450 313/403/451 
f 314/404/452 315/405/453 311/406/449 310/407/448 
f 303/389/437 316/408/454 315/405/455 314/404/456 
f 317/409/457 318/410/458 319/411/459 299/385/433 
f 320/412/460 321/413/461 318/410/458 317/409/457 
f 313/403/451 322/414/462 321/415/461 320/416/460 
s 2
f 323/417/463 324/418/464 325/419/465 306/394/442 
s 1
f 326/420/466 327/421/467 324/418/468 323/417/469 
f 328/422/470 329/423/471 327/421/467 326/420/466 
f 330/424/472 331/425/473 332/426/474 328/422/470 
f 333/427/475 334/428/476 331/425/477 330/424/478 
f 309/399/447 319/411/459 334/428/476 333/427/475 
f 335/429/479 336/430/480 337/431/481 332/426/474 
f 338/432/482 339/433/483 336/430/484 335/429/485 
f 322/414/462 340/434/486 339/433/483 338/432/482 
s 2
f 341/435/487 342/436/488 296/380/428 325/419/465 
s 1
f 343/437/489 344/438/490 342/439/491 341/440/492 
f 345/441/493 346/442/494 344/438/490 343/437/489 
f 347/443/495 348/444/496 349/445/497 345/441/493 
f 350/446/498 351/447/499 348/444/496 347/443/495 
f 329/423/471 337/431/481 351/447/500 350/446/501 
f 352/448/502 353/449/503 354/450/504 349/445/497 
f 355/451/505 356/452/506 353/449/503 352/448/502 
f 340/434/486 312/402/450 356/453/506 355/454/505 
f 357/455/507 358/456/508 316/408/454 291/375/423 
f 359/457/509 360/458/510 358/459/511 357/460/512 
f 346/442/494 354/450/504 360/458/510 359/457/509 
f 299/385/433 319/411/459 309/399/447 300/386/434 
f 332/426/474 337/431/481 329/423/471 328/422/470 
f 349/445/497 354/450/504 346/442/494 345/441/493 
f 316/408/454 303/389/437 292/376/424 291/375/423 
f 312/402/450 340/434/486 322/414/462 313/403/451 
s 2
f 295/379/427 306/394/442 325/419/465 296/380/428 
f 295/379/427 293/382/430 361/461/513 304/392/440 
s 1
f 293/377/425 289/373/421 362/462/514 361/463/515 
f 292/376/424 301/391/439 362/462/516 289/373/421 
f 301/387/435 297/383/431 363/464/517 362/465/514 
f 300/386/434 307/395/443 363/464/518 297/383/431 
f 307/395/443 304/398/446 361/466/515 363/464/517 
f 361/466/515 362/465/514 363/464/517 
f 303/389/437 314/404/456 364/467/519 302/390/438 
f 314/404/452 310/407/448 365/468/520 364/467/521 
f 313/403/451 320/416/460 365/469/522 310/400/448 
f 320/412/460 317/409/457 366/470/523 365/471/520 
f 299/385/433 298/384/432 366/470/524 317/409/457 
f 298/384/432 302/388/436 364/472/521 366/470/523 
f 364/472/521 365/471/520 366/470/523 
f 328/422/470 326/420/466 367/473/525 330/424/472 
f 326/420/466 323/417/469 368/474/526 367/473/527 
s 2
f 306/394/442 305/393/441 368/474/528 323/417/463 
s 1
f 305/397/445 308/396/444 369/475/529 368/474/526 
f 309/399/447 333/427/475 369/475/530 308/396/444 
f 333/427/475 330/424/478 367/473/527 369/475/529 
f 367/473/527 368/474/526 369/475/529 
f 322/414/462 338/432/482 370/476/531 321/415/461 
f 338/432/482 335/429/485 371/477/532 370/476/533 
f 332/426/474 331/425/473 371/477/534 335/429/479 
f 331/425/477 334/428/476 372/478/535 371/477/532 
f 319/411/459 318/410/458 372/478/536 334/428/476 
f 318/410/458 321/413/461 370/476/533 372/478/535 
f 370/476/533 371/477/532 372/478/535 
f 345/441/493 343/437/489 373/479/537 347/443/495 
f 343/437/489 341/440/492 374/480/538 373/479/539 
s 2
f 325/419/465 324/418/464 374/480/540 341/435/487 
s 1
f 324/418/468 327/421/467 375/481/541 374/480/538 
f 329/423/471 350/446/501 375/481/542 327/421/467 
f 350/446/498 347/443/495 373/479/539 375/481/541 
f 373/479/539 374/480/538 375/481/541 
f 340/434/486 355/454/505 376/482/543 339/433/483 
f 355/451/505 352/448/502 377/483/544 376/482/545 
f 349/445/497 348/444/496 377/483/546 352/448/502 
f 348/444/496 351/447/499 378/484/547 377/483/544 
f 337/431/481 336/430/480 378/484/548 351/447/500 
f 336/430/484 339/433/483 376/482/545 378/484/547 
f 376/482/545 377/483/544 378/484/547 
f 291/375/423 290/374/422 379/485/549 357/455/507 
f 290/374/422 294/378/426 380/486/550 379/485/551 
s 2
f 296/380/428 342/436/488 380/487/552 294/381/429 
s 1
f 342/439/491 344/438/490 381/488/553 380/489/550 
f 346/442/494 359/457/509 381/488/554 344/438/490 
f 359/457/509 357/460/512 379/490/551 381/488/553 
f 379/490/551 380/489/550 381/488/553 
f 312/402/450 311/401/449 382/491/555 356/453/506 
f 311/406/449 315/405/453 383/492/556 382/493/557 
f 316/408/454 358/456/508 383/492/558 315/405/455 
f 358/459/511 360/458/510 384/494/559 383/495/556 
f 354/450/504 353/449/503 384/494/560 360/458/510 
f 353/449/503 356/452/506 382/496/557 384/494/559 
f 382/496/557 383/495/556 384/494/559 
# 90 polygons - 8 triangles

#
# object BookShelf_Shelf1
#

v  222.2193 113.2429 -123.8730
v  222.2193 113.2429 -95.5376
v  222.1179 113.2158 -95.5376
v  222.1179 113.2158 -123.8730
v  222.2936 113.3172 -123.8730
v  222.2936 113.3172 -95.5376
v  222.3208 113.4186 -123.8730
v  222.3208 113.4186 -95.5376
v  222.1179 113.3172 -124.0487
v  134.4357 113.3172 -124.0487
v  134.4357 113.4186 -124.0758
v  222.1179 113.4186 -124.0758
v  222.1179 113.2429 -123.9744
v  134.4357 113.2429 -123.9744
v  134.4357 113.2158 -123.8729
v  222.2936 113.4186 -123.9744
v  222.2936 114.7772 -123.9744
v  222.3208 114.7772 -123.8730
v  222.2193 113.4186 -124.0487
v  222.2193 114.7772 -124.0487
v  222.1179 114.7772 -124.0758
v  134.2600 113.3172 -123.8729
v  134.2600 113.3172 -95.5376
v  134.2328 113.4186 -95.5376
v  134.2328 113.4186 -123.8729
v  134.3343 113.2429 -123.8729
v  134.3343 113.2429 -95.5376
v  134.4357 113.2158 -95.5376
v  134.3343 113.4186 -124.0487
v  134.3343 114.7772 -124.0487
v  134.4357 114.7772 -124.0758
v  134.2600 113.4186 -123.9744
v  134.2600 114.7772 -123.9744
v  134.2328 114.7772 -123.8729
v  222.2936 114.8786 -123.8730
v  222.2936 114.8786 -95.5376
v  222.3208 114.7772 -95.5376
v  222.2193 114.9529 -123.8730
v  222.2193 114.9529 -95.5376
v  222.1179 114.9801 -123.8730
v  222.1179 114.9801 -95.5376
v  222.1179 114.9529 -123.9744
v  134.4357 114.9529 -123.9744
v  134.4357 114.9801 -123.8729
v  222.1179 114.8786 -124.0487
v  134.4357 114.8786 -124.0487
v  134.3343 114.9529 -123.8729
v  134.3343 114.9529 -95.5376
v  134.4357 114.9801 -95.5376
v  134.2600 114.8786 -123.8729
v  134.2600 114.8786 -95.5376
v  134.2328 114.7772 -95.5376
v  222.2936 114.7772 -95.4361
v  222.2936 113.4186 -95.4361
v  222.2193 114.7772 -95.3619
v  222.2193 113.4186 -95.3619
v  222.1179 114.7772 -95.3347
v  222.1179 113.4186 -95.3347
v  222.1179 114.8786 -95.3619
v  134.4357 114.8786 -95.3619
v  134.4357 114.7772 -95.3347
v  222.1179 114.9529 -95.4361
v  134.4357 114.9529 -95.4361
v  134.3343 114.7772 -95.3619
v  134.3343 113.4186 -95.3619
v  134.4357 113.4186 -95.3347
v  134.2600 114.7772 -95.4361
v  134.2600 113.4186 -95.4361
v  222.1179 113.2429 -95.4361
v  134.4357 113.2429 -95.4361
v  222.1179 113.3172 -95.3619
v  134.4357 113.3172 -95.3619
v  222.2784 113.3310 -123.9606
v  222.2056 113.2582 -123.9606
v  222.2056 113.3310 -124.0334
v  134.3481 113.2582 -123.9606
v  134.2753 113.3310 -123.9606
v  134.3481 113.3310 -124.0334
v  222.2056 114.9376 -123.9606
v  222.2784 114.8649 -123.9606
v  222.2056 114.8649 -124.0334
v  134.2753 114.8649 -123.9606
v  134.3481 114.9376 -123.9606
v  134.3481 114.8649 -124.0334
v  222.2056 114.8649 -95.3771
v  222.2784 114.8649 -95.4499
v  222.2056 114.9376 -95.4499
v  134.2753 114.8649 -95.4499
v  134.3481 114.8649 -95.3771
v  134.3481 114.9376 -95.4499
v  222.2056 113.2582 -95.4499
v  222.2784 113.3310 -95.4499
v  222.2056 113.3310 -95.3771
v  134.2753 113.3310 -95.4499
v  134.3481 113.2582 -95.4499
v  134.3481 113.3310 -95.3771
# 96 vertices

vn -0.4994 -0.8664 0.0007
vn -0.4994 -0.8664 -0.0007
vn -0.0003 -1.0000 -0.0010
vn -0.0003 -1.0000 0.0010
vn -0.7071 -0.7071 0.0013
vn -0.7071 -0.7071 -0.0013
vn -0.9998 -0.0186 0.0009
vn -0.9998 -0.0186 -0.0009
vn -0.9659 -0.2588 -0.0002
vn -0.9659 -0.2588 0.0002
vn -0.0002 -0.5002 0.8659
vn 0.0002 -0.5002 0.8659
vn 0.0003 -0.0186 0.9998
vn -0.0003 -0.0186 0.9998
vn -0.0000 -0.7072 0.7071
vn 0.0000 -0.7072 0.7071
vn 0.0003 -1.0000 0.0010
vn 0.0004 -0.9659 0.2588
vn -0.0004 -0.9659 0.2588
vn -0.9662 -0.0141 0.2574
vn -0.9662 0.0141 0.2574
vn -0.9998 0.0186 0.0009
vn -0.4992 -0.0146 0.8663
vn -0.4992 0.0146 0.8663
vn -0.7071 0.0141 0.7070
vn -0.7071 -0.0141 0.7070
vn -0.0003 0.0186 0.9998
vn 0.8657 -0.5005 0.0007
vn 0.8657 -0.5005 -0.0007
vn 0.9998 -0.0186 -0.0009
vn 0.9998 -0.0186 0.0009
vn 0.7071 -0.7071 0.0002
vn 0.7071 -0.7071 -0.0002
vn 0.0003 -1.0000 -0.0010
vn 0.2587 -0.9660 -0.0013
vn 0.2587 -0.9660 0.0013
vn 0.4992 -0.0146 0.8663
vn 0.4992 0.0146 0.8663
vn 0.0003 0.0186 0.9998
vn 0.8663 -0.0146 0.4994
vn 0.8663 0.0146 0.4994
vn 0.9998 0.0186 0.0009
vn -0.9659 0.2588 0.0002
vn -0.9659 0.2588 -0.0002
vn -0.9998 0.0186 -0.0009
vn -0.4994 0.8664 0.0007
vn -0.4994 0.8664 -0.0007
vn -0.7071 0.7071 -0.0013
vn -0.7071 0.7071 0.0013
vn -0.0003 1.0000 0.0010
vn -0.0003 1.0000 -0.0010
vn -0.0004 0.9659 0.2588
vn 0.0004 0.9659 0.2588
vn 0.0003 1.0000 0.0010
vn -0.0002 0.5002 0.8659
vn 0.0002 0.5002 0.8659
vn 0.0000 0.7072 0.7071
vn -0.0000 0.7072 0.7071
vn 0.2587 0.9660 0.0013
vn 0.2587 0.9660 -0.0013
vn 0.0003 1.0000 -0.0010
vn 0.8657 0.5005 0.0007
vn 0.8657 0.5005 -0.0007
vn 0.7071 0.7071 -0.0002
vn 0.7071 0.7071 0.0002
vn 0.9998 0.0186 -0.0009
vn -0.9662 0.0141 -0.2574
vn -0.9662 -0.0141 -0.2574
vn -0.4992 0.0146 -0.8664
vn -0.4992 -0.0146 -0.8664
vn -0.7070 -0.0141 -0.7071
vn -0.7070 0.0141 -0.7071
vn -0.0003 0.0186 -0.9998
vn -0.0003 -0.0186 -0.9998
vn -0.0002 0.5002 -0.8659
vn 0.0002 0.5002 -0.8659
vn 0.0003 0.0186 -0.9998
vn -0.0000 0.7071 -0.7072
vn 0.0000 0.7071 -0.7072
vn 0.0004 0.9659 -0.2588
vn -0.0004 0.9659 -0.2588
vn 0.4992 0.0146 -0.8664
vn 0.4992 -0.0146 -0.8664
vn 0.0003 -0.0186 -0.9998
vn 0.8663 0.0146 -0.4994
vn 0.8663 -0.0146 -0.4994
vn -0.0004 -0.9659 -0.2588
vn 0.0004 -0.9659 -0.2588
vn -0.0002 -0.5002 -0.8659
vn 0.0002 -0.5002 -0.8659
vn 0.0000 -0.7071 -0.7072
vn -0.0000 -0.7071 -0.7072
vn -0.9461 -0.2290 0.2290
vn -0.4778 -0.7273 0.4926
vn -0.6790 -0.4039 0.6131
vn -0.2290 -0.9461 0.2290
vn -0.6384 -0.3743 0.6726
vn -0.2290 -0.2290 0.9461
vn 0.2290 -0.9461 0.2290
vn 0.6789 -0.4039 0.6131
vn 0.4778 -0.7273 0.4926
vn 0.9461 -0.2290 0.2290
vn 0.6383 -0.3743 0.6726
vn 0.2290 -0.2290 0.9461
vn -0.2290 0.9461 0.2290
vn -0.6790 0.4039 0.6131
vn -0.4778 0.7273 0.4926
vn -0.9461 0.2290 0.2290
vn -0.6384 0.3743 0.6726
vn -0.2290 0.2290 0.9461
vn 0.9461 0.2290 0.2290
vn 0.4778 0.7273 0.4926
vn 0.6789 0.4039 0.6131
vn 0.2290 0.9461 0.2290
vn 0.6383 0.3743 0.6726
vn 0.2290 0.2290 0.9461
vn -0.2290 0.2290 -0.9461
vn -0.6789 0.4039 -0.6131
vn -0.6383 0.3743 -0.6726
vn -0.9461 0.2290 -0.2290
vn -0.4778 0.7273 -0.4927
vn -0.2290 0.9461 -0.2290
vn 0.9461 0.2290 -0.2290
vn 0.6383 0.3744 -0.6726
vn 0.6789 0.4040 -0.6131
vn 0.2291 0.2291 -0.9461
vn 0.4778 0.7273 -0.4927
vn 0.2290 0.9461 -0.2290
vn -0.2290 -0.9461 -0.2290
vn -0.6789 -0.4040 -0.6131
vn -0.4778 -0.7273 -0.4927
vn -0.9461 -0.2291 -0.2290
vn -0.6383 -0.3743 -0.6726
vn -0.2291 -0.2290 -0.9461
vn 0.9461 -0.2290 -0.2290
vn 0.4778 -0.7273 -0.4927
vn 0.6789 -0.4040 -0.6131
vn 0.2290 -0.9461 -0.2290
vn 0.6383 -0.3744 -0.6726
vn 0.2291 -0.2291 -0.9461
# 140 vertex normals

vt 0.0111 0.9200 0.0000
vt 0.0083 0.9646 0.0000
vt 0.0023 0.9646 0.0000
vt 0.0052 0.9200 0.0000
vt 0.0029 0.9200 0.0000
vt 0.0000 0.9646 0.0000
vt 0.0169 0.2285 0.0000
vt 0.0184 0.5480 0.0000
vt 0.0153 0.5477 0.0000
vt 0.0140 0.2290 0.0000
vt 0.0592 0.1966 0.0000
vt 0.9453 0.1961 0.0000
vt 0.9615 0.1985 0.0000
vt 0.0427 0.1991 0.0000
vt 0.0825 0.1957 0.0000
vt 0.9221 0.1953 0.0000
vt 0.9977 0.9200 0.0000
vt 0.9549 0.9197 0.0000
vt 0.0480 0.9197 0.0000
vt 0.0155 0.2262 0.0000
vt 0.0376 0.2251 0.0000
vt 0.0362 0.2275 0.0000
vt 0.0419 0.1985 0.0000
vt 0.0406 0.2223 0.0000
vt 0.0391 0.2234 0.0000
vt 0.0406 0.1974 0.0000
vt 0.0413 0.2217 0.0000
vt 0.9894 0.2252 0.0000
vt 0.9907 0.5439 0.0000
vt 0.9878 0.5445 0.0000
vt 0.9863 0.2250 0.0000
vt 0.9917 0.9200 0.0000
vt 0.9889 0.9646 0.0000
vt 0.9971 0.9646 0.0000
vt 1.0000 0.9200 0.0000
vt 0.9948 0.9646 0.0000
vt 0.9623 0.1979 0.0000
vt 0.9609 0.2211 0.0000
vt 0.9602 0.2205 0.0000
vt 0.9637 0.1969 0.0000
vt 0.9622 0.2221 0.0000
vt 0.9653 0.2259 0.0000
vt 0.9637 0.2237 0.0000
vt 0.9879 0.2226 0.0000
vt 0.0392 0.2269 0.0000
vt 0.0426 0.5474 0.0000
vt 0.0394 0.5470 0.0000
vt 0.0408 0.2273 0.0000
vt 0.0443 0.5469 0.0000
vt 0.0412 0.2273 0.0000
vt 0.0447 0.5469 0.0000
vt 0.0419 0.2268 0.0000
vt 0.9593 0.2255 0.0000
vt 0.9600 0.2261 0.0000
vt 0.0421 0.2250 0.0000
vt 0.9591 0.2237 0.0000
vt 0.9604 0.2261 0.0000
vt 0.9639 0.5456 0.0000
vt 0.9635 0.5456 0.0000
vt 0.9621 0.2256 0.0000
vt 0.9655 0.5461 0.0000
vt 0.9685 0.5455 0.0000
vt 0.0410 0.5492 0.0000
vt 0.0169 0.5504 0.0000
vt 0.0438 0.5519 0.0000
vt 0.0424 0.5750 0.0000
vt 0.0410 0.5761 0.0000
vt 0.0425 0.5508 0.0000
vt 0.0445 0.5524 0.0000
vt 0.0432 0.5744 0.0000
vt 0.0456 0.5492 0.0000
vt 0.9626 0.5480 0.0000
vt 0.9634 0.5513 0.0000
vt 0.0454 0.5474 0.0000
vt 0.9628 0.5461 0.0000
vt 0.9642 0.5507 0.0000
vt 0.9628 0.5744 0.0000
vt 0.9620 0.5738 0.0000
vt 0.9656 0.5496 0.0000
vt 0.9641 0.5755 0.0000
vt 0.9892 0.5467 0.0000
vt 0.9671 0.5478 0.0000
vt 0.0451 0.9649 0.0000
vt 0.9520 0.9649 0.0000
vt 0.0594 0.5769 0.0000
vt 0.9455 0.5764 0.0000
vt 0.9222 0.5772 0.0000
vt 0.0826 0.5777 0.0000
vt 0.0140 0.2263 0.0000
vt 0.0402 0.9197 0.0000
vt 0.0029 0.9197 0.0000
vt 0.0512 0.1965 0.0000
vt 0.0752 0.1957 0.0000
vt 0.0407 0.1957 0.0000
vt 0.9628 0.9197 0.0000
vt 1.0000 0.9197 0.0000
vt 0.9894 0.2225 0.0000
vt 0.9533 0.1960 0.0000
vt 0.9638 0.1952 0.0000
vt 0.9294 0.1953 0.0000
vt 0.0416 0.2268 0.0000
vt 0.0390 0.2251 0.0000
vt 0.0411 0.2247 0.0000
vt 0.9621 0.2238 0.0000
vt 0.9597 0.2255 0.0000
vt 0.9602 0.2235 0.0000
vt 0.0445 0.5495 0.0000
vt 0.0426 0.5492 0.0000
vt 0.0450 0.5475 0.0000
vt 0.9657 0.5479 0.0000
vt 0.9636 0.5482 0.0000
vt 0.9631 0.5462 0.0000
vt 0.0372 0.9649 0.0000
vt -0.0000 0.9649 0.0000
vt 0.0153 0.5504 0.0000
vt 0.0514 0.5770 0.0000
vt 0.0409 0.5777 0.0000
vt 0.0754 0.5777 0.0000
vt 0.9907 0.5466 0.0000
vt 0.9598 0.9649 0.0000
vt 0.9971 0.9649 0.0000
vt 0.9535 0.5765 0.0000
vt 0.9295 0.5772 0.0000
vt 0.9640 0.5772 0.0000
# 124 texture coords

o BookShelf_Shelf1
g BookShelf_Shelf1
usemtl wire_028089177
s 1
f 385/497/561 386/498/562 387/499/563 388/500/564 
f 389/501/565 390/502/566 386/498/562 385/497/561 
s 2
f 391/503/567 392/504/568 390/505/569 389/506/570 
s 1
f 393/507/571 394/508/572 395/509/573 396/510/574 
f 397/511/575 398/512/576 394/508/572 393/507/571 
f 388/500/564 399/513/577 398/514/578 397/515/579 
s 2
f 400/516/580 401/517/581 402/518/582 391/503/567 
s 1
f 403/519/583 404/520/584 401/521/585 400/522/586 
f 396/510/574 405/523/587 404/520/584 403/519/583 
f 406/524/588 407/525/589 408/526/590 409/527/591 
f 410/528/592 411/529/593 407/530/589 406/531/588 
f 399/513/577 412/532/594 411/529/595 410/528/596 
f 413/533/597 414/534/598 415/535/599 395/509/573 
f 416/536/600 417/537/601 414/534/598 413/533/597 
f 409/527/591 418/538/602 417/539/601 416/540/600 
s 2
f 419/541/603 420/542/604 421/543/605 402/518/582 
s 1
f 422/544/606 423/545/607 420/542/608 419/541/609 
f 424/546/610 425/547/611 423/545/607 422/544/606 
f 426/548/612 427/549/613 428/550/614 424/546/610 
f 429/551/615 430/552/616 427/549/617 426/548/618 
f 405/523/587 415/535/599 430/552/616 429/551/615 
f 431/553/619 432/554/620 433/555/621 428/550/614 
f 434/556/622 435/557/623 432/554/624 431/553/625 
f 418/538/602 436/558/626 435/557/623 434/556/622 
s 2
f 437/559/627 438/560/628 392/504/568 421/543/605 
s 1
f 439/561/629 440/562/630 438/563/631 437/564/632 
f 441/565/633 442/566/634 440/562/630 439/561/629 
f 443/567/635 444/568/636 445/569/637 441/565/633 
f 446/570/638 447/571/639 444/568/636 443/567/635 
f 425/547/611 433/555/621 447/571/640 446/570/641 
f 448/572/642 449/573/643 450/574/644 445/569/637 
f 451/575/645 452/576/646 449/573/643 448/572/642 
f 436/558/626 408/526/590 452/577/646 451/578/645 
f 453/579/647 454/580/648 412/532/594 387/499/563 
f 455/581/649 456/582/650 454/583/651 453/584/652 
f 442/566/634 450/574/644 456/582/650 455/581/649 
f 395/509/573 415/535/599 405/523/587 396/510/574 
f 428/550/614 433/555/621 425/547/611 424/546/610 
f 445/569/637 450/574/644 442/566/634 441/565/633 
f 412/532/594 399/513/577 388/500/564 387/499/563 
f 408/526/590 436/558/626 418/538/602 409/527/591 
s 2
f 391/503/567 402/518/582 421/543/605 392/504/568 
f 391/503/567 389/506/570 457/585/653 400/516/580 
s 1
f 389/501/565 385/497/561 458/586/654 457/587/655 
f 388/500/564 397/515/579 458/586/656 385/497/561 
f 397/511/575 393/507/571 459/588/657 458/589/654 
f 396/510/574 403/519/583 459/588/658 393/507/571 
f 403/519/583 400/522/586 457/590/655 459/588/657 
f 457/590/655 458/589/654 459/588/657 
f 399/513/577 410/528/596 460/591/659 398/514/578 
f 410/528/592 406/531/588 461/592/660 460/591/661 
f 409/527/591 416/540/600 461/593/662 406/524/588 
f 416/536/600 413/533/597 462/594/663 461/595/660 
f 395/509/573 394/508/572 462/594/664 413/533/597 
f 394/508/572 398/512/576 460/596/661 462/594/663 
f 460/596/661 461/595/660 462/594/663 
f 424/546/610 422/544/606 463/597/665 426/548/612 
f 422/544/606 419/541/609 464/598/666 463/597/667 
s 2
f 402/518/582 401/517/581 464/598/668 419/541/603 
s 1
f 401/521/585 404/520/584 465/599/669 464/598/666 
f 405/523/587 429/551/615 465/599/670 404/520/584 
f 429/551/615 426/548/618 463/597/667 465/599/669 
f 463/597/667 464/598/666 465/599/669 
f 418/538/602 434/556/622 466/600/671 417/539/601 
f 434/556/622 431/553/625 467/601/672 466/600/673 
f 428/550/614 427/549/613 467/601/674 431/553/619 
f 427/549/617 430/552/616 468/602/675 467/601/672 
f 415/535/599 414/534/598 468/602/676 430/552/616 
f 414/534/598 417/537/601 466/600/673 468/602/675 
f 466/600/673 467/601/672 468/602/675 
f 441/565/633 439/561/629 469/603/677 443/567/635 
f 439/561/629 437/564/632 470/604/678 469/603/679 
s 2
f 421/543/605 420/542/604 470/604/680 437/559/627 
s 1
f 420/542/608 423/545/607 471/605/681 470/604/678 
f 425/547/611 446/570/641 471/605/682 423/545/607 
f 446/570/638 443/567/635 469/603/679 471/605/681 
f 469/603/679 470/604/678 471/605/681 
f 436/558/626 451/578/645 472/606/683 435/557/623 
f 451/575/645 448/572/642 473/607/684 472/606/685 
f 445/569/637 444/568/636 473/607/686 448/572/642 
f 444/568/636 447/571/639 474/608/687 473/607/684 
f 433/555/621 432/554/620 474/608/688 447/571/640 
f 432/554/624 435/557/623 472/606/685 474/608/687 
f 472/606/685 473/607/684 474/608/687 
f 387/499/563 386/498/562 475/609/689 453/579/647 
f 386/498/562 390/502/566 476/610/690 475/609/691 
s 2
f 392/504/568 438/560/628 476/611/692 390/505/569 
s 1
f 438/563/631 440/562/630 477/612/693 476/613/690 
f 442/566/634 455/581/649 477/612/694 440/562/630 
f 455/581/649 453/584/652 475/614/691 477/612/693 
f 475/614/691 476/613/690 477/612/693 
f 408/526/590 407/525/589 478/615/695 452/577/646 
f 407/530/589 411/529/593 479/616/696 478/617/697 
f 412/532/594 454/580/648 479/616/698 411/529/595 
f 454/583/651 456/582/650 480/618/699 479/619/696 
f 450/574/644 449/573/643 480/618/700 456/582/650 
f 449/573/643 452/576/646 478/620/697 480/618/699 
f 478/620/697 479/619/696 480/618/699 
# 90 polygons - 8 triangles

#
# object BookShelf_Leg3
#

v  220.9697 147.6400 -124.4876
v  220.9697 147.6400 -94.9596
v  220.8964 147.6204 -94.9596
v  220.8963 147.6204 -124.4876
v  221.0234 147.6937 -124.4876
v  221.0234 147.6937 -94.9596
v  221.0430 147.7670 -124.4876
v  221.0430 147.7670 -94.9596
v  220.8963 147.6937 -124.6147
v  220.2118 147.6937 -124.6147
v  220.2118 147.7670 -124.6343
v  220.8963 147.7670 -124.6343
v  220.8963 147.6400 -124.5610
v  220.2118 147.6400 -124.5610
v  220.2118 147.6204 -124.4876
v  221.0234 147.7670 -124.5610
v  221.0234 148.4516 -124.5610
v  221.0430 148.4516 -124.4876
v  220.9697 147.7670 -124.6147
v  220.9697 148.4516 -124.6147
v  220.8963 148.4516 -124.6343
v  220.0847 147.6937 -124.4876
v  220.0847 147.6937 -94.9596
v  220.0651 147.7670 -94.9596
v  220.0651 147.7670 -124.4876
v  220.1384 147.6400 -124.4876
v  220.1384 147.6400 -94.9596
v  220.2118 147.6204 -94.9596
v  220.1384 147.7670 -124.6147
v  220.1384 148.4516 -124.6147
v  220.2118 148.4516 -124.6343
v  220.0847 147.7670 -124.5610
v  220.0847 148.4516 -124.5610
v  220.0651 148.4516 -124.4876
v  221.0234 148.5249 -124.4876
v  221.0234 148.5249 -94.9596
v  221.0430 148.4516 -94.9596
v  220.9697 148.5786 -124.4876
v  220.9697 148.5786 -94.9596
v  220.8963 148.5983 -124.4876
v  220.8964 148.5983 -94.9596
v  220.8963 148.5786 -124.5610
v  220.2118 148.5786 -124.5610
v  220.2118 148.5983 -124.4876
v  220.8963 148.5249 -124.6147
v  220.2118 148.5249 -124.6147
v  220.1384 148.5786 -124.4876
v  220.1384 148.5786 -94.9596
v  220.2118 148.5983 -94.9596
v  220.0847 148.5249 -124.4876
v  220.0847 148.5249 -94.9596
v  220.0651 148.4516 -94.9596
v  221.0234 148.4516 -94.8863
v  221.0234 147.7670 -94.8863
v  220.9697 148.4516 -94.8326
v  220.9697 147.7670 -94.8326
v  220.8964 148.4516 -94.8129
v  220.8964 147.7670 -94.8129
v  220.8964 148.5249 -94.8326
v  220.2118 148.5249 -94.8326
v  220.2118 148.4516 -94.8129
v  220.8964 148.5786 -94.8863
v  220.2118 148.5786 -94.8863
v  220.1384 148.4516 -94.8326
v  220.1384 147.7670 -94.8326
v  220.2118 147.7670 -94.8129
v  220.0847 148.4516 -94.8863
v  220.0847 147.7670 -94.8863
v  220.8964 147.6400 -94.8863
v  220.2118 147.6400 -94.8863
v  220.8964 147.6937 -94.8326
v  220.2118 147.6937 -94.8326
v  220.9697 112.3535 -94.9596
v  220.8964 112.3339 -94.9596
v  220.8963 112.3339 -124.4876
v  220.9697 112.3535 -124.4876
v  221.0234 112.4072 -124.4876
v  221.0234 112.4072 -94.9596
v  221.0430 112.4805 -124.4876
v  221.0430 112.4805 -94.9596
v  220.8963 112.4805 -124.6343
v  220.8963 112.4072 -124.6147
v  220.2118 112.4072 -124.6147
v  220.2118 112.4805 -124.6343
v  220.8963 112.3535 -124.5610
v  220.2118 112.3535 -124.5610
v  220.2118 112.3339 -124.4876
v  221.0234 113.1651 -124.5610
v  221.0430 113.1651 -124.4876
v  221.0234 112.4805 -124.5610
v  220.9697 113.1651 -124.6147
v  220.9697 112.4805 -124.6147
v  220.8963 113.1651 -124.6343
v  220.0847 112.4072 -94.9596
v  220.0651 112.4805 -94.9596
v  220.0651 112.4805 -124.4876
v  220.0847 112.4072 -124.4876
v  220.1384 112.3535 -94.9596
v  220.1384 112.3535 -124.4876
v  220.2118 112.3339 -94.9596
v  220.1384 113.1651 -124.6147
v  220.2118 113.1651 -124.6343
v  220.1384 112.4805 -124.6147
v  220.0847 112.4805 -124.5610
v  220.0847 113.1651 -124.5610
v  220.0651 113.1651 -124.4876
v  221.0234 113.2384 -124.4876
v  221.0234 113.2384 -94.9596
v  221.0430 113.1651 -94.9596
v  220.9697 113.2921 -124.4876
v  220.9697 113.2921 -94.9596
v  220.8963 113.3118 -124.4876
v  220.8964 113.3118 -94.9596
v  220.8963 113.2921 -124.5610
v  220.2118 113.2921 -124.5610
v  220.2118 113.3118 -124.4876
v  220.8963 113.2384 -124.6147
v  220.2118 113.2384 -124.6147
v  220.1384 113.2921 -94.9596
v  220.2118 113.3118 -94.9596
v  220.1384 113.2921 -124.4876
v  220.0847 113.2384 -124.4876
v  220.0847 113.2384 -94.9596
v  220.0651 113.1651 -94.9596
v  221.0234 113.1651 -94.8863
v  221.0234 112.4805 -94.8863
v  220.9697 113.1651 -94.8326
v  220.9697 112.4805 -94.8326
v  220.8964 113.1651 -94.8129
v  220.8964 112.4805 -94.8129
v  220.8964 113.2384 -94.8326
v  220.2118 113.2384 -94.8326
v  220.2118 113.1651 -94.8129
v  220.8964 113.2921 -94.8863
v  220.2118 113.2921 -94.8863
v  220.1384 112.4805 -94.8326
v  220.2118 112.4805 -94.8129
v  220.1384 113.1651 -94.8326
v  220.0847 113.1651 -94.8863
v  220.0847 112.4805 -94.8863
v  220.8964 112.3535 -94.8863
v  220.2118 112.3535 -94.8863
v  220.8964 112.4072 -94.8326
v  220.2118 112.4072 -94.8326
v  220.9697 77.0670 -124.4876
v  220.9697 77.0670 -94.9596
v  220.8964 77.0474 -94.9596
v  220.8963 77.0474 -124.4876
v  221.0234 77.1207 -124.4876
v  221.0234 77.1207 -94.9596
v  221.0430 77.1940 -124.4876
v  221.0430 77.1940 -94.9596
v  220.2118 77.1207 -124.6147
v  220.2118 77.1940 -124.6343
v  220.8963 77.1940 -124.6343
v  220.8963 77.1207 -124.6147
v  220.8963 77.0670 -124.5610
v  220.2118 77.0670 -124.5610
v  220.2118 77.0474 -124.4876
v  221.0234 77.1940 -124.5610
v  221.0234 77.8786 -124.5610
v  221.0430 77.8786 -124.4876
v  220.9697 77.1940 -124.6147
v  220.9697 77.8786 -124.6147
v  220.8963 77.8786 -124.6343
v  220.0847 77.1207 -94.9596
v  220.0651 77.1940 -94.9596
v  220.0651 77.1940 -124.4876
v  220.0847 77.1207 -124.4876
v  220.1384 77.0670 -124.4876
v  220.1384 77.0670 -94.9596
v  220.2118 77.0474 -94.9596
v  220.1384 77.8786 -124.6147
v  220.2118 77.8786 -124.6343
v  220.1384 77.1940 -124.6147
v  220.0847 77.1940 -124.5610
v  220.0847 77.8786 -124.5610
v  220.0651 77.8786 -124.4876
v  221.0234 77.9520 -94.9596
v  221.0430 77.8786 -94.9596
v  221.0234 77.9520 -124.4876
v  220.9697 78.0056 -94.9596
v  220.9697 78.0056 -124.4876
v  220.8963 78.0253 -124.4876
v  220.8964 78.0253 -94.9596
v  220.2118 78.0056 -124.5610
v  220.2118 78.0253 -124.4876
v  220.8963 78.0056 -124.5610
v  220.8963 77.9520 -124.6147
v  220.2118 77.9520 -124.6147
v  220.1384 78.0056 -94.9596
v  220.2118 78.0253 -94.9596
v  220.1384 78.0056 -124.4876
v  220.0847 77.9520 -124.4876
v  220.0847 77.9520 -94.9596
v  220.0651 77.8786 -94.9596
v  221.0234 77.1940 -94.8863
v  221.0234 77.8786 -94.8863
v  220.9697 77.8786 -94.8326
v  220.9697 77.1940 -94.8326
v  220.8964 77.8786 -94.8129
v  220.8964 77.1940 -94.8129
v  220.2118 77.8786 -94.8129
v  220.8964 77.9520 -94.8326
v  220.2118 77.9520 -94.8326
v  220.8964 78.0056 -94.8863
v  220.2118 78.0056 -94.8863
v  220.1384 77.8786 -94.8326
v  220.1384 77.1940 -94.8326
v  220.2118 77.1940 -94.8129
v  220.0847 77.8786 -94.8863
v  220.0847 77.1940 -94.8863
v  220.2118 77.0670 -94.8863
v  220.8964 77.0670 -94.8863
v  220.8964 77.1207 -94.8326
v  220.2118 77.1207 -94.8326
v  220.8963 41.7609 -124.4876
v  220.9697 41.7805 -124.4876
v  220.9697 41.7805 -94.9596
v  220.8964 41.7609 -94.9596
v  221.0234 41.8342 -124.4876
v  221.0234 41.8342 -94.9596
v  221.0430 41.9075 -124.4876
v  221.0430 41.9075 -94.9596
v  220.2118 41.8342 -124.6147
v  220.2118 41.9075 -124.6343
v  220.8963 41.9075 -124.6343
v  220.8963 41.8342 -124.6147
v  220.8963 41.7805 -124.5610
v  220.2118 41.7805 -124.5610
v  220.2118 41.7609 -124.4876
v  221.0430 42.5921 -124.4876
v  221.0234 41.9075 -124.5610
v  221.0234 42.5921 -124.5610
v  220.9697 41.9075 -124.6147
v  220.9697 42.5921 -124.6147
v  220.8963 42.5921 -124.6343
v  220.0847 41.8342 -94.9596
v  220.0651 41.9075 -94.9596
v  220.0651 41.9075 -124.4876
v  220.0847 41.8342 -124.4876
v  220.1384 41.7805 -124.4876
v  220.1384 41.7805 -94.9596
v  220.2118 41.7609 -94.9596
v  220.1384 41.9075 -124.6147
v  220.1384 42.5921 -124.6147
v  220.2118 42.5921 -124.6343
v  220.0847 41.9075 -124.5610
v  220.0847 42.5921 -124.5610
v  220.0651 42.5921 -124.4876
v  221.0234 42.6655 -94.9596
v  221.0430 42.5921 -94.9596
v  221.0234 42.6655 -124.4876
v  220.9697 42.7192 -124.4876
v  220.9697 42.7192 -94.9596
v  220.8963 42.7388 -124.4876
v  220.8964 42.7388 -94.9596
v  220.2118 42.7192 -124.5610
v  220.2118 42.7388 -124.4876
v  220.8963 42.7192 -124.5610
v  220.8963 42.6655 -124.6147
v  220.2118 42.6655 -124.6147
v  220.1384 42.7192 -94.9596
v  220.2118 42.7388 -94.9596
v  220.1384 42.7192 -124.4876
v  220.0847 42.6655 -124.4876
v  220.0847 42.6655 -94.9596
v  220.0651 42.5921 -94.9596
v  221.0234 41.9075 -94.8863
v  221.0234 42.5921 -94.8863
v  220.9697 42.5921 -94.8326
v  220.9697 41.9075 -94.8326
v  220.8964 42.5921 -94.8129
v  220.8964 41.9075 -94.8129
v  220.2118 42.6655 -94.8326
v  220.2118 42.5921 -94.8129
v  220.8964 42.6655 -94.8326
v  220.8964 42.7192 -94.8863
v  220.2118 42.7192 -94.8863
v  220.2118 41.9075 -94.8129
v  220.1384 42.5921 -94.8326
v  220.1384 41.9075 -94.8326
v  220.0847 42.5921 -94.8863
v  220.0847 41.9075 -94.8863
v  220.8964 41.7805 -94.8863
v  220.2118 41.7805 -94.8863
v  220.8964 41.8342 -94.8326
v  220.2118 41.8342 -94.8326
v  220.9697 6.4940 -124.4876
v  220.9697 6.4940 -94.9596
v  220.8964 6.4744 -94.9596
v  220.8963 6.4744 -124.4876
v  221.0234 6.5477 -124.4876
v  221.0234 6.5477 -94.9596
v  221.0430 6.6210 -124.4876
v  221.0430 6.6210 -94.9596
v  220.8963 6.5477 -124.6147
v  220.2118 6.5477 -124.6147
v  220.2118 6.6210 -124.6343
v  220.8963 6.6210 -124.6343
v  220.8963 6.4940 -124.5610
v  220.2118 6.4940 -124.5610
v  220.2118 6.4744 -124.4876
v  221.0234 6.6210 -124.5610
v  221.0234 7.3056 -124.5610
v  221.0430 7.3056 -124.4876
v  220.9697 6.6210 -124.6147
v  220.9697 7.3056 -124.6147
v  220.8963 7.3056 -124.6343
v  220.0847 6.5477 -124.4876
v  220.0847 6.5477 -94.9596
v  220.0651 6.6210 -94.9596
v  220.0651 6.6210 -124.4876
v  220.1384 6.4940 -124.4876
v  220.1384 6.4940 -94.9596
v  220.2118 6.4744 -94.9596
v  220.1384 6.6210 -124.6147
v  220.1384 7.3056 -124.6147
v  220.2118 7.3056 -124.6343
v  220.0847 6.6210 -124.5610
v  220.0847 7.3056 -124.5610
v  220.0651 7.3056 -124.4876
v  221.0234 7.3790 -124.4876
v  221.0234 7.3790 -94.9596
v  221.0430 7.3056 -94.9596
v  220.9697 7.4327 -124.4876
v  220.9697 7.4327 -94.9596
v  220.8963 7.4523 -124.4876
v  220.8964 7.4523 -94.9596
v  220.8963 7.4327 -124.5610
v  220.2118 7.4327 -124.5610
v  220.2118 7.4523 -124.4876
v  220.8963 7.3790 -124.6147
v  220.2118 7.3790 -124.6147
v  220.1384 7.4327 -124.4876
v  220.1384 7.4327 -94.9596
v  220.2118 7.4523 -94.9596
v  220.0847 7.3790 -124.4876
v  220.0847 7.3790 -94.9596
v  220.0651 7.3056 -94.9596
v  221.0234 7.3056 -94.8863
v  221.0234 6.6210 -94.8863
v  220.9697 7.3056 -94.8326
v  220.9697 6.6210 -94.8326
v  220.8964 7.3056 -94.8129
v  220.8964 6.6210 -94.8129
v  220.8964 7.3790 -94.8326
v  220.2118 7.3790 -94.8326
v  220.2118 7.3056 -94.8129
v  220.8964 7.4327 -94.8863
v  220.2118 7.4327 -94.8863
v  220.1384 7.3056 -94.8326
v  220.1384 6.6210 -94.8326
v  220.2118 6.6210 -94.8129
v  220.0847 7.3056 -94.8863
v  220.0847 6.6210 -94.8863
v  220.8964 6.4940 -94.8863
v  220.2118 6.4940 -94.8863
v  220.8964 6.5477 -94.8326
v  220.2118 6.5477 -94.8326
v  220.9697 -28.7925 -94.9596
v  220.8964 -28.8121 -94.9596
v  220.8963 -28.8121 -124.4876
v  220.9697 -28.7925 -124.4876
v  221.0234 -28.7388 -124.4876
v  221.0234 -28.7388 -94.9596
v  221.0430 -28.6655 -124.4876
v  221.0430 -28.6655 -94.9596
v  220.8963 -28.6655 -124.6343
v  220.8963 -28.7388 -124.6147
v  220.2118 -28.7388 -124.6147
v  220.2118 -28.6655 -124.6343
v  220.8963 -28.7925 -124.5610
v  220.2118 -28.7925 -124.5610
v  220.2118 -28.8121 -124.4876
v  221.0234 -27.9809 -124.5610
v  221.0430 -27.9809 -124.4876
v  221.0234 -28.6655 -124.5610
v  220.9697 -27.9809 -124.6147
v  220.9697 -28.6655 -124.6147
v  220.8963 -27.9809 -124.6343
v  220.0651 -28.6655 -124.4876
v  220.0847 -28.7388 -124.4876
v  220.0847 -28.7388 -94.9596
v  220.0651 -28.6655 -94.9596
v  220.1384 -28.7925 -124.4876
v  220.1384 -28.7925 -94.9596
v  220.2118 -28.8121 -94.9596
v  220.1384 -28.6655 -124.6147
v  220.1384 -27.9809 -124.6147
v  220.2118 -27.9809 -124.6343
v  220.0847 -28.6655 -124.5610
v  220.0847 -27.9809 -124.5610
v  220.0651 -27.9809 -124.4876
v  221.0234 -27.9075 -124.4876
v  221.0234 -27.9075 -94.9596
v  221.0430 -27.9809 -94.9596
v  220.9697 -27.8538 -124.4876
v  220.9697 -27.8538 -94.9596
v  220.8963 -27.8342 -124.4876
v  220.8964 -27.8342 -94.9596
v  220.8963 -27.8538 -124.5610
v  220.2118 -27.8538 -124.5610
v  220.2118 -27.8342 -124.4876
v  220.8963 -27.9075 -124.6147
v  220.2118 -27.9075 -124.6147
v  220.1384 -27.8538 -94.9596
v  220.2118 -27.8342 -94.9596
v  220.1384 -27.8538 -124.4876
v  220.0847 -27.9075 -124.4876
v  220.0847 -27.9075 -94.9596
v  220.0651 -27.9809 -94.9596
v  221.0234 -27.9809 -94.8863
v  221.0234 -28.6655 -94.8863
v  220.9697 -27.9809 -94.8326
v  220.9697 -28.6655 -94.8326
v  220.8964 -27.9809 -94.8129
v  220.8964 -28.6655 -94.8129
v  220.8964 -27.9075 -94.8326
v  220.2118 -27.9075 -94.8326
v  220.2118 -27.9809 -94.8129
v  220.8964 -27.8538 -94.8863
v  220.2118 -27.8538 -94.8863
v  220.1384 -28.6655 -94.8326
v  220.2118 -28.6655 -94.8129
v  220.1384 -27.9809 -94.8326
v  220.0847 -27.9809 -94.8863
v  220.0847 -28.6655 -94.8863
v  220.8964 -28.7925 -94.8863
v  220.2118 -28.7925 -94.8863
v  220.8964 -28.7388 -94.8326
v  220.2118 -28.7388 -94.8326
v  221.1162 -31.2721 -125.3829
v  221.1162 -31.2721 -124.4053
v  221.0429 -31.2918 -124.4053
v  221.0429 -31.2918 -125.3829
v  221.1699 -31.2184 -125.3829
v  221.1699 -31.2184 -124.4053
v  221.1895 -31.1451 -125.3829
v  221.1895 -31.1451 -124.4053
v  220.0653 -31.2184 -125.5100
v  220.0653 -31.1451 -125.5296
v  221.0429 -31.1451 -125.5296
v  221.0429 -31.2184 -125.5100
v  221.0429 -31.2721 -125.4563
v  220.0653 -31.2721 -125.4563
v  220.0653 -31.2918 -125.3829
v  221.1699 -31.1451 -125.4563
v  221.1699 157.8385 -125.4563
v  221.1895 157.8385 -125.3829
v  221.1162 -31.1451 -125.5100
v  221.1162 157.8385 -125.5100
v  221.0429 157.8385 -125.5296
v  219.9382 -31.2184 -124.4053
v  219.9186 -31.1451 -124.4053
v  219.9186 -31.1451 -125.3829
v  219.9382 -31.2184 -125.3829
v  219.9919 -31.2721 -125.3829
v  219.9919 -31.2721 -124.4053
v  220.0653 -31.2918 -124.4053
v  219.9919 157.8385 -125.5100
v  220.0653 157.8385 -125.5296
v  219.9919 -31.1451 -125.5100
v  219.9382 -31.1451 -125.4563
v  219.9382 157.8385 -125.4563
v  219.9186 157.8385 -125.3829
v  221.1699 157.9119 -124.4053
v  221.1895 157.8385 -124.4053
v  221.1699 157.9119 -125.3829
v  221.1162 157.9656 -124.4053
v  221.1162 157.9656 -125.3829
v  221.0429 157.9852 -125.3829
v  221.0429 157.9852 -124.4053
v  220.0653 157.9656 -125.4563
v  220.0653 157.9852 -125.3829
v  221.0429 157.9656 -125.4563
v  221.0429 157.9119 -125.5100
v  220.0653 157.9119 -125.5100
v  219.9919 157.9656 -124.4053
v  220.0653 157.9852 -124.4053
v  219.9919 157.9656 -125.3829
v  219.9382 157.9119 -124.4053
v  219.9382 157.9119 -125.3829
v  219.9186 157.8385 -124.4053
v  221.1699 157.8385 -124.3320
v  221.1699 -31.1451 -124.3320
v  221.1162 157.8385 -124.2783
v  221.1162 -31.1451 -124.2783
v  221.0429 157.8385 -124.2587
v  221.0429 -31.1451 -124.2587
v  220.0653 157.8385 -124.2587
v  221.0429 157.9119 -124.2783
v  220.0653 157.9119 -124.2783
v  221.0429 157.9656 -124.3320
v  220.0653 157.9656 -124.3320
v  219.9919 157.8385 -124.2783
v  219.9919 -31.1451 -124.2783
v  220.0653 -31.1451 -124.2587
v  219.9382 157.8385 -124.3320
v  219.9382 -31.1451 -124.3320
v  220.0653 -31.2721 -124.3320
v  221.0429 -31.2721 -124.3320
v  221.0429 -31.2184 -124.2783
v  220.0653 -31.2184 -124.2783
v  221.0429 -31.2918 -94.9531
v  221.1162 -31.2721 -94.9531
v  221.1162 -31.2721 -93.9755
v  221.0429 -31.2918 -93.9755
v  221.1699 -31.2184 -94.9531
v  221.1699 -31.2184 -93.9755
v  221.1895 -31.1451 -94.9531
v  221.1895 -31.1451 -93.9755
v  220.0653 -31.2184 -95.0801
v  220.0653 -31.1451 -95.0997
v  221.0429 -31.1451 -95.0997
v  221.0429 -31.2184 -95.0801
v  221.0429 -31.2721 -95.0264
v  220.0653 -31.2721 -95.0264
v  220.0653 -31.2918 -94.9531
v  221.1895 157.8385 -94.9531
v  221.1699 -31.1451 -95.0264
v  221.1699 157.8385 -95.0264
v  221.1162 -31.1451 -95.0801
v  221.1162 157.8385 -95.0801
v  221.0429 157.8385 -95.0997
v  219.9382 -31.2184 -93.9755
v  219.9186 -31.1451 -93.9755
v  219.9186 -31.1451 -94.9531
v  219.9382 -31.2184 -94.9531
v  219.9919 -31.2721 -94.9531
v  219.9919 -31.2721 -93.9755
v  220.0653 -31.2918 -93.9755
v  219.9919 -31.1451 -95.0801
v  219.9919 157.8385 -95.0801
v  220.0653 157.8385 -95.0997
v  219.9382 -31.1451 -95.0264
v  219.9382 157.8385 -95.0264
v  219.9186 157.8385 -94.9531
v  221.1699 157.9119 -93.9755
v  221.1895 157.8385 -93.9755
v  221.1699 157.9119 -94.9531
v  221.1162 157.9656 -94.9531
v  221.1162 157.9656 -93.9755
v  221.0429 157.9852 -94.9531
v  221.0429 157.9852 -93.9755
v  220.0653 157.9656 -95.0264
v  220.0653 157.9852 -94.9531
v  221.0429 157.9656 -95.0264
v  221.0429 157.9119 -95.0801
v  220.0653 157.9119 -95.0801
v  219.9919 157.9656 -93.9755
v  220.0653 157.9852 -93.9755
v  219.9919 157.9656 -94.9531
v  219.9382 157.9119 -94.9531
v  219.9382 157.9119 -93.9755
v  219.9186 157.8385 -93.9755
v  221.1699 -31.1451 -93.9021
v  221.1699 157.8385 -93.9021
v  221.1162 157.8385 -93.8484
v  221.1162 -31.1451 -93.8484
v  221.0429 157.8385 -93.8288
v  221.0429 -31.1451 -93.8288
v  220.0653 157.9119 -93.8484
v  220.0653 157.8385 -93.8288
v  221.0429 157.9119 -93.8484
v  221.0429 157.9656 -93.9021
v  220.0653 157.9656 -93.9021
v  220.0653 -31.1451 -93.8288
v  219.9919 157.8385 -93.8484
v  219.9919 -31.1451 -93.8484
v  219.9382 157.8385 -93.9021
v  219.9382 -31.1451 -93.9021
v  221.0429 -31.2721 -93.9021
v  220.0653 -31.2721 -93.9021
v  221.0429 -31.2184 -93.8484
v  220.0653 -31.2184 -93.8484
v  221.0123 147.7037 -124.5510
v  220.9597 147.6510 -124.5510
v  220.9597 147.7037 -124.6036
v  220.1484 147.6510 -124.5510
v  220.0958 147.7037 -124.5510
v  220.1484 147.7037 -124.6036
v  220.9597 148.5676 -124.5510
v  221.0123 148.5150 -124.5510
v  220.9597 148.5150 -124.6036
v  220.0958 148.5150 -124.5510
v  220.1484 148.5676 -124.5510
v  220.1484 148.5150 -124.6036
v  220.9597 148.5150 -94.8436
v  221.0124 148.5150 -94.8962
v  220.9597 148.5676 -94.8962
v  220.0958 148.5150 -94.8962
v  220.1484 148.5150 -94.8436
v  220.1484 148.5676 -94.8962
v  220.9597 147.6510 -94.8962
v  221.0124 147.7037 -94.8962
v  220.9597 147.7037 -94.8436
v  220.0958 147.7037 -94.8962
v  220.1484 147.6510 -94.8962
v  220.1484 147.7037 -94.8436
v  221.0123 112.4172 -124.5510
v  220.9597 112.3645 -124.5510
v  220.9597 112.4172 -124.6036
v  220.1484 112.3645 -124.5510
v  220.0958 112.4172 -124.5510
v  220.1484 112.4172 -124.6036
v  220.9597 113.2811 -124.5510
v  221.0123 113.2285 -124.5510
v  220.9597 113.2285 -124.6036
v  220.0958 113.2285 -124.5510
v  220.1484 113.2811 -124.5510
v  220.1484 113.2285 -124.6036
v  220.9597 113.2285 -94.8436
v  221.0124 113.2285 -94.8962
v  220.9597 113.2811 -94.8962
v  220.0958 113.2285 -94.8962
v  220.1484 113.2285 -94.8436
v  220.1484 113.2811 -94.8962
v  220.9597 112.3645 -94.8962
v  221.0124 112.4172 -94.8962
v  220.9597 112.4172 -94.8436
v  220.0958 112.4172 -94.8962
v  220.1484 112.3645 -94.8962
v  220.1484 112.4172 -94.8436
v  221.0123 77.1307 -124.5510
v  220.9597 77.0780 -124.5510
v  220.9597 77.1307 -124.6036
v  220.1484 77.0780 -124.5510
v  220.0958 77.1307 -124.5510
v  220.1484 77.1307 -124.6036
v  220.9597 77.9946 -124.5510
v  221.0123 77.9420 -124.5510
v  220.9597 77.9420 -124.6036
v  220.0958 77.9420 -124.5510
v  220.1484 77.9946 -124.5510
v  220.1484 77.9420 -124.6036
v  220.9597 77.9420 -94.8436
v  221.0124 77.9420 -94.8962
v  220.9597 77.9946 -94.8962
v  220.0958 77.9420 -94.8962
v  220.1484 77.9420 -94.8436
v  220.1484 77.9946 -94.8962
v  220.9597 77.0780 -94.8962
v  221.0124 77.1307 -94.8962
v  220.9597 77.1307 -94.8436
v  220.0958 77.1307 -94.8962
v  220.1484 77.0780 -94.8962
v  220.1484 77.1307 -94.8436
v  221.0123 41.8442 -124.5510
v  220.9597 41.7916 -124.5510
v  220.9597 41.8442 -124.6036
v  220.1484 41.7916 -124.5510
v  220.0958 41.8442 -124.5510
v  220.1484 41.8442 -124.6036
v  220.9597 42.7081 -124.5510
v  221.0123 42.6555 -124.5510
v  220.9597 42.6555 -124.6036
v  220.0958 42.6555 -124.5510
v  220.1484 42.7081 -124.5510
v  220.1484 42.6555 -124.6036
v  220.9597 42.6555 -94.8436
v  221.0124 42.6555 -94.8962
v  220.9597 42.7081 -94.8962
v  220.0958 42.6555 -94.8962
v  220.1484 42.6555 -94.8436
v  220.1484 42.7081 -94.8962
v  220.9597 41.7916 -94.8962
v  221.0124 41.8442 -94.8962
v  220.9597 41.8442 -94.8436
v  220.0958 41.8442 -94.8962
v  220.1484 41.7916 -94.8962
v  220.1484 41.8442 -94.8436
v  221.0123 6.5577 -124.5510
v  220.9597 6.5051 -124.5510
v  220.9597 6.5577 -124.6036
v  220.1484 6.5051 -124.5510
v  220.0958 6.5577 -124.5510
v  220.1484 6.5577 -124.6036
v  220.9597 7.4216 -124.5510
v  221.0123 7.3690 -124.5510
v  220.9597 7.3690 -124.6036
v  220.0958 7.3690 -124.5510
v  220.1484 7.4216 -124.5510
v  220.1484 7.3690 -124.6036
v  220.9597 7.3690 -94.8436
v  221.0124 7.3690 -94.8962
v  220.9597 7.4216 -94.8962
v  220.0958 7.3690 -94.8962
v  220.1484 7.3690 -94.8436
v  220.1484 7.4216 -94.8962
v  220.9597 6.5051 -94.8962
v  221.0124 6.5577 -94.8962
v  220.9597 6.5577 -94.8436
v  220.0958 6.5577 -94.8962
v  220.1484 6.5051 -94.8962
v  220.1484 6.5577 -94.8436
v  221.0123 -28.7288 -124.5510
v  220.9597 -28.7814 -124.5510
v  220.9597 -28.7288 -124.6036
v  220.1484 -28.7814 -124.5510
v  220.0958 -28.7288 -124.5510
v  220.1484 -28.7288 -124.6036
v  220.9597 -27.8649 -124.5510
v  221.0123 -27.9175 -124.5510
v  220.9597 -27.9175 -124.6036
v  220.0958 -27.9175 -124.5510
v  220.1484 -27.8649 -124.5510
v  220.1484 -27.9175 -124.6036
v  220.9597 -27.9175 -94.8436
v  221.0124 -27.9175 -94.8962
v  220.9597 -27.8649 -94.8962
v  220.0958 -27.9175 -94.8962
v  220.1484 -27.9175 -94.8436
v  220.1484 -27.8649 -94.8962
v  220.9597 -28.7814 -94.8962
v  221.0124 -28.7288 -94.8962
v  220.9597 -28.7288 -94.8436
v  220.0958 -28.7288 -94.8962
v  220.1484 -28.7814 -94.8962
v  220.1484 -28.7288 -94.8436
v  221.1589 -31.2085 -125.4463
v  221.1062 -31.2611 -125.4463
v  221.1062 -31.2085 -125.4989
v  220.0019 -31.2611 -125.4463
v  219.9493 -31.2085 -125.4463
v  220.0019 -31.2085 -125.4989
v  221.1062 157.9545 -125.4463
v  221.1589 157.9019 -125.4463
v  221.1062 157.9019 -125.4989
v  219.9493 157.9019 -125.4463
v  220.0019 157.9545 -125.4463
v  220.0019 157.9019 -125.4989
v  221.1062 157.9019 -124.2894
v  221.1589 157.9019 -124.3420
v  221.1062 157.9545 -124.3420
v  219.9493 157.9019 -124.3420
v  220.0019 157.9019 -124.2894
v  220.0019 157.9545 -124.3420
v  221.1062 -31.2611 -124.3420
v  221.1589 -31.2085 -124.3420
v  221.1062 -31.2085 -124.2894
v  219.9493 -31.2085 -124.3420
v  220.0019 -31.2611 -124.3420
v  220.0019 -31.2085 -124.2894
v  221.1589 -31.2085 -95.0164
v  221.1062 -31.2611 -95.0164
v  221.1062 -31.2085 -95.0691
v  220.0019 -31.2611 -95.0164
v  219.9493 -31.2085 -95.0164
v  220.0019 -31.2085 -95.0691
v  221.1062 157.9545 -95.0164
v  221.1589 157.9019 -95.0164
v  221.1062 157.9019 -95.0691
v  219.9493 157.9019 -95.0164
v  220.0019 157.9545 -95.0164
v  220.0019 157.9019 -95.0691
v  221.1062 157.9019 -93.8595
v  221.1589 157.9019 -93.9121
v  221.1062 157.9545 -93.9121
v  219.9493 157.9019 -93.9121
v  220.0019 157.9019 -93.8595
v  220.0019 157.9545 -93.9121
v  221.1062 -31.2611 -93.9121
v  221.1589 -31.2085 -93.9121
v  221.1062 -31.2085 -93.8595
v  219.9493 -31.2085 -93.9121
v  220.0019 -31.2611 -93.9121
v  220.0019 -31.2085 -93.8595
# 768 vertices

vn -0.5000 -0.8660 0.0005
vn -0.5000 -0.8660 -0.0005
vn -0.0259 -0.9997 -0.0006
vn -0.0259 -0.9997 0.0006
vn -0.7071 -0.7071 0.0005
vn -0.7071 -0.7071 -0.0005
vn -0.9997 -0.0259 0.0006
vn -0.9997 -0.0259 -0.0006
vn -0.9659 -0.2588 -0.0005
vn -0.9659 -0.2588 0.0005
vn -0.0198 -0.4997 0.8660
vn 0.0198 -0.4997 0.8660
vn 0.0253 -0.0253 0.9994
vn -0.0253 -0.0253 0.9994
vn -0.0197 -0.8660 0.4996
vn 0.0197 -0.8660 0.4996
vn 0.0259 -0.9997 0.0006
vn -0.9663 -0.0186 0.2569
vn -0.9663 0.0186 0.2569
vn -0.9997 0.0259 0.0006
vn -0.4996 -0.0197 0.8660
vn -0.4996 0.0197 0.8660
vn -0.7069 0.0195 0.7070
vn -0.7069 -0.0195 0.7070
vn -0.0253 0.0253 0.9994
vn 0.9659 -0.2588 0.0005
vn 0.9659 -0.2588 -0.0005
vn 0.9997 -0.0259 -0.0006
vn 0.9997 -0.0259 0.0006
vn 0.5000 -0.8660 0.0005
vn 0.5000 -0.8660 -0.0005
vn 0.7071 -0.7071 -0.0005
vn 0.7071 -0.7071 0.0005
vn 0.0259 -0.9997 -0.0006
vn 0.4996 -0.0197 0.8660
vn 0.4996 0.0197 0.8660
vn 0.0253 0.0253 0.9994
vn 0.7069 -0.0195 0.7070
vn 0.7069 0.0195 0.7070
vn 0.9997 0.0259 0.0006
vn 0.9663 0.0186 0.2569
vn 0.9663 -0.0186 0.2569
vn -0.9659 0.2588 0.0005
vn -0.9659 0.2588 -0.0005
vn -0.9997 0.0259 -0.0006
vn -0.5000 0.8660 0.0005
vn -0.5000 0.8660 -0.0005
vn -0.7071 0.7071 -0.0005
vn -0.7071 0.7071 0.0005
vn -0.0259 0.9997 0.0006
vn -0.0259 0.9997 -0.0006
vn -0.0197 0.8661 0.4995
vn 0.0197 0.8661 0.4995
vn 0.0259 0.9997 0.0006
vn -0.0198 0.4997 0.8660
vn 0.0198 0.4997 0.8660
vn 0.5000 0.8660 0.0005
vn 0.5000 0.8660 -0.0005
vn 0.0259 0.9997 -0.0006
vn 0.7071 0.7071 0.0005
vn 0.7071 0.7071 -0.0005
vn 0.9997 0.0259 -0.0006
vn 0.9659 0.2588 -0.0005
vn 0.9659 0.2588 0.0005
vn -0.9663 0.0186 -0.2569
vn -0.9663 -0.0186 -0.2569
vn -0.4996 0.0197 -0.8660
vn -0.4996 -0.0197 -0.8660
vn -0.7069 -0.0195 -0.7070
vn -0.7069 0.0195 -0.7070
vn -0.0253 0.0253 -0.9994
vn -0.0253 -0.0253 -0.9994
vn -0.0197 0.4997 -0.8660
vn 0.0197 0.4997 -0.8660
vn 0.0253 0.0253 -0.9994
vn -0.0197 0.8661 -0.4995
vn 0.0197 0.8661 -0.4995
vn 0.4996 0.0197 -0.8660
vn 0.4996 -0.0197 -0.8660
vn 0.0253 -0.0253 -0.9994
vn 0.7069 0.0195 -0.7070
vn 0.7069 -0.0195 -0.7070
vn 0.9663 -0.0186 -0.2569
vn 0.9663 0.0186 -0.2569
vn -0.0197 -0.8660 -0.4996
vn 0.0197 -0.8660 -0.4996
vn -0.0197 -0.4997 -0.8660
vn 0.0197 -0.4997 -0.8660
vn -0.0198 -0.4996 0.8660
vn 0.0197 -0.4996 0.8660
vn -0.4996 0.0198 0.8660
vn -0.7070 0.0195 0.7070
vn -0.7070 -0.0195 0.7070
vn 0.4996 -0.0198 0.8660
vn 0.7070 -0.0195 0.7070
vn 0.7070 0.0195 0.7070
vn -0.0197 0.8660 0.4996
vn 0.0197 0.8660 0.4996
vn -0.0197 0.4996 0.8660
vn 0.0198 0.4996 0.8660
vn -0.4996 -0.0198 -0.8660
vn -0.0197 0.4996 -0.8660
vn 0.0197 0.4996 -0.8660
vn -0.0197 0.8660 -0.4996
vn 0.0197 0.8660 -0.4996
vn 0.4996 0.0198 -0.8660
vn -0.0197 -0.4996 -0.8660
vn 0.0197 -0.4996 -0.8660
vn -0.8660 -0.5000 0.0005
vn -0.8660 -0.5000 -0.0005
vn -0.0195 -0.7069 0.7070
vn 0.0195 -0.7069 0.7070
vn 0.0186 -0.9663 0.2569
vn -0.0186 -0.9663 0.2569
vn 0.8660 -0.5000 -0.0005
vn 0.8660 -0.5000 0.0005
vn -0.8660 0.5000 -0.0005
vn -0.8660 0.5000 0.0005
vn 0.0186 0.9663 0.2569
vn -0.0186 0.9663 0.2569
vn 0.0195 0.7069 0.7070
vn -0.0195 0.7069 0.7070
vn 0.8660 0.5000 0.0005
vn 0.8660 0.5000 -0.0005
vn -0.0195 0.7069 -0.7070
vn 0.0195 0.7069 -0.7070
vn -0.0186 0.9663 -0.2569
vn 0.0186 0.9663 -0.2569
vn 0.0186 -0.9663 -0.2569
vn -0.0186 -0.9663 -0.2569
vn 0.0195 -0.7069 -0.7070
vn -0.0195 -0.7069 -0.7070
vn -0.2588 -0.9659 0.0005
vn -0.2588 -0.9659 -0.0005
vn -0.0197 -0.4996 0.8660
vn 0.2588 -0.9659 -0.0005
vn 0.2588 -0.9659 0.0005
vn -0.2588 0.9659 -0.0005
vn -0.2588 0.9659 0.0005
vn 0.0197 0.4996 0.8660
vn 0.2588 0.9659 0.0005
vn 0.2588 0.9659 -0.0005
vn -0.0198 0.4996 -0.8660
vn 0.0198 -0.4996 -0.8660
vn -0.7070 -0.0195 -0.7070
vn -0.7070 0.0195 -0.7070
vn 0.0198 0.4996 -0.8660
vn 0.7070 0.0195 -0.7070
vn 0.7070 -0.0195 -0.7070
vn -0.0198 -0.4996 -0.8660
vn -0.4997 -0.8661 0.0142
vn -0.4997 -0.8661 -0.0142
vn -0.0184 -0.9997 -0.0184
vn -0.0184 -0.9997 0.0184
vn -0.7070 -0.7070 0.0140
vn -0.7070 -0.7070 -0.0140
vn -0.9998 -0.0001 0.0187
vn -0.9998 -0.0001 -0.0187
vn -0.9662 -0.2575 -0.0133
vn -0.9662 -0.2575 0.0133
vn 0.0142 -0.4997 0.8661
vn 0.0187 -0.0001 0.9998
vn -0.0187 -0.0001 0.9998
vn -0.0142 -0.4997 0.8661
vn -0.0140 -0.7070 0.7071
vn 0.0140 -0.7070 0.7071
vn 0.0184 -0.9997 0.0184
vn 0.0133 -0.9662 0.2575
vn -0.0133 -0.9662 0.2575
vn -0.9659 -0.0001 0.2588
vn -0.9659 0.0001 0.2588
vn -0.9998 0.0001 0.0187
vn -0.5000 -0.0001 0.8660
vn -0.5000 0.0001 0.8660
vn -0.7071 0.0001 0.7071
vn -0.7071 -0.0001 0.7071
vn -0.0187 0.0001 0.9998
vn 0.9662 -0.2575 -0.0133
vn 0.9998 -0.0001 -0.0187
vn 0.9998 -0.0001 0.0187
vn 0.9662 -0.2575 0.0133
vn 0.4997 -0.8661 0.0142
vn 0.4997 -0.8661 -0.0142
vn 0.7070 -0.7070 -0.0140
vn 0.7070 -0.7070 0.0140
vn 0.0184 -0.9997 -0.0184
vn 0.5000 0.0001 0.8660
vn 0.0187 0.0001 0.9998
vn 0.5000 -0.0001 0.8660
vn 0.7071 -0.0001 0.7071
vn 0.7071 0.0001 0.7071
vn 0.9998 0.0001 0.0187
vn 0.9659 0.0001 0.2588
vn 0.9659 -0.0001 0.2588
vn -0.9662 0.2575 -0.0133
vn -0.9998 0.0001 -0.0187
vn -0.9662 0.2575 0.0133
vn -0.4997 0.8661 -0.0142
vn -0.7070 0.7071 -0.0140
vn -0.7070 0.7071 0.0140
vn -0.4997 0.8661 0.0142
vn -0.0184 0.9997 0.0184
vn -0.0184 0.9997 -0.0184
vn 0.0142 0.8661 0.4997
vn 0.0184 0.9997 0.0184
vn -0.0142 0.8661 0.4997
vn -0.0142 0.4997 0.8661
vn 0.0142 0.4997 0.8661
vn 0.4997 0.8661 -0.0142
vn 0.0184 0.9997 -0.0184
vn 0.4997 0.8661 0.0142
vn 0.7070 0.7071 -0.0140
vn 0.7070 0.7071 0.0140
vn 0.9998 0.0001 -0.0187
vn 0.9662 0.2575 -0.0133
vn 0.9662 0.2575 0.0133
vn -0.9659 0.0001 -0.2588
vn -0.9659 -0.0001 -0.2588
vn -0.5000 0.0001 -0.8660
vn -0.5000 -0.0001 -0.8660
vn -0.7071 -0.0001 -0.7071
vn -0.7071 0.0001 -0.7071
vn -0.0187 0.0001 -0.9998
vn -0.0187 -0.0001 -0.9998
vn 0.0187 0.0001 -0.9998
vn -0.0142 0.4997 -0.8661
vn 0.0142 0.4997 -0.8661
vn -0.0142 0.8661 -0.4997
vn 0.0142 0.8661 -0.4997
vn 0.5000 0.0001 -0.8660
vn 0.5000 -0.0001 -0.8660
vn 0.0187 -0.0001 -0.9998
vn 0.7071 0.0001 -0.7071
vn 0.7071 -0.0001 -0.7071
vn 0.9659 -0.0001 -0.2588
vn 0.9659 0.0001 -0.2588
vn 0.0133 -0.9662 -0.2575
vn -0.0133 -0.9662 -0.2575
vn -0.0142 -0.4997 -0.8661
vn 0.0142 -0.4997 -0.8661
vn 0.0140 -0.7070 -0.7071
vn -0.0140 -0.7070 -0.7071
vn -0.9461 -0.2290 0.2290
vn -0.7078 -0.4996 0.4995
vn -0.4995 -0.7079 0.4995
vn -0.2290 -0.9461 0.2290
vn -0.4994 -0.4995 0.7079
vn -0.2291 -0.2290 0.9461
vn 0.2290 -0.9461 0.2290
vn 0.7078 -0.4996 0.4995
vn 0.4995 -0.7079 0.4994
vn 0.9461 -0.2290 0.2290
vn 0.4994 -0.4995 0.7079
vn 0.2291 -0.2291 0.9461
vn -0.2290 0.9461 0.2289
vn -0.4995 0.7079 0.4994
vn -0.7078 0.4996 0.4995
vn -0.9461 0.2290 0.2290
vn -0.4994 0.4995 0.7079
vn -0.2290 0.2290 0.9461
vn 0.9461 0.2290 0.2290
vn 0.7078 0.4996 0.4995
vn 0.4995 0.7079 0.4995
vn 0.2290 0.9461 0.2288
vn 0.4994 0.4995 0.7079
vn 0.2291 0.2290 0.9461
vn -0.2290 0.2290 -0.9461
vn -0.7078 0.4995 -0.4995
vn -0.4994 0.4995 -0.7079
vn -0.9461 0.2290 -0.2290
vn -0.4995 0.7079 -0.4995
vn -0.2290 0.9461 -0.2288
vn 0.9461 0.2290 -0.2290
vn 0.4994 0.4995 -0.7079
vn 0.7078 0.4995 -0.4995
vn 0.2290 0.2290 -0.9461
vn 0.4995 0.7079 -0.4995
vn 0.2290 0.9461 -0.2289
vn -0.2290 -0.9461 -0.2290
vn -0.7078 -0.4995 -0.4995
vn -0.4995 -0.7079 -0.4995
vn -0.9461 -0.2290 -0.2290
vn -0.4994 -0.4995 -0.7079
vn -0.2291 -0.2291 -0.9461
vn 0.9461 -0.2290 -0.2290
vn 0.4995 -0.7079 -0.4995
vn 0.7078 -0.4995 -0.4995
vn 0.2290 -0.9461 -0.2290
vn 0.4994 -0.4995 -0.7079
vn 0.2290 -0.2290 -0.9461
vn -0.4995 -0.7078 0.4995
vn -0.7078 -0.4996 0.4994
vn -0.2290 -0.9461 0.2288
vn 0.2290 -0.9461 0.2289
vn 0.7078 -0.4996 0.4994
vn 0.4995 -0.7078 0.4995
vn -0.7078 0.4996 0.4994
vn -0.4995 0.7078 0.4995
vn -0.2291 0.2291 0.9461
vn 0.4995 0.7078 0.4995
vn 0.7078 0.4996 0.4994
vn -0.7078 0.4995 -0.4994
vn -0.4995 0.7078 -0.4995
vn 0.7078 0.4995 -0.4994
vn 0.2291 0.2291 -0.9461
vn 0.4995 0.7078 -0.4995
vn -0.2290 -0.9461 -0.2289
vn -0.7078 -0.4995 -0.4994
vn -0.4995 -0.7078 -0.4995
vn 0.4995 -0.7078 -0.4995
vn 0.7078 -0.4995 -0.4994
vn 0.2290 -0.9461 -0.2288
vn 0.7078 -0.4995 0.4995
vn 0.2290 -0.2290 0.9461
vn -0.2290 0.9461 0.2290
vn 0.2290 0.9461 0.2290
vn -0.2291 0.9461 -0.2290
vn 0.2291 0.9461 -0.2290
vn -0.2291 -0.9461 -0.2290
vn -0.2290 -0.2290 -0.9461
vn 0.2291 -0.9461 -0.2290
vn 0.4995 -0.4995 -0.7078
vn -0.4995 0.4995 -0.7079
vn 0.4995 -0.4995 -0.7079
vn -0.7078 -0.4995 0.4995
vn -0.4995 -0.4995 0.7078
vn -0.2290 -0.2290 0.9461
vn 0.4995 -0.4995 0.7078
vn -0.7078 0.4995 0.4995
vn -0.4995 0.4995 0.7078
vn 0.7078 0.4995 0.4995
vn 0.4995 0.4995 0.7078
vn 0.2290 0.2290 0.9461
vn -0.2291 0.2290 -0.9461
vn -0.2290 0.9461 -0.2290
vn 0.2291 0.2290 -0.9461
vn 0.2290 0.9461 -0.2290
vn -0.2291 -0.2290 -0.9461
vn 0.2291 -0.2290 -0.9461
vn -0.2292 -0.2290 0.9461
vn 0.2292 -0.2290 0.9461
vn -0.2290 0.9462 0.2287
vn -0.9461 0.2290 0.2289
vn -0.2292 0.2290 0.9461
vn 0.9461 0.2290 0.2289
vn 0.4994 0.7078 0.4995
vn 0.2290 0.9462 0.2288
vn 0.2292 0.2290 0.9461
vn -0.2290 0.9462 -0.2288
vn 0.4994 0.7078 -0.4995
vn 0.2290 0.9462 -0.2287
vn -0.4995 -0.4995 -0.7078
vn -0.2292 -0.2290 -0.9461
vn -0.2291 -0.9461 0.2290
vn -0.4995 -0.4995 0.7079
vn 0.2291 -0.9461 0.2290
vn 0.4995 -0.4995 0.7079
vn 0.2291 -0.2290 0.9461
vn 0.4995 0.4995 -0.7078
vn -0.4995 -0.4995 -0.7079
# 360 vertex normals

vt 0.4552 0.8740 0.0000
vt 0.3939 0.7506 0.0000
vt 0.4125 0.7512 0.0000
vt 0.4125 0.9988 0.0000
vt 0.4977 0.7500 0.0000
vt 0.3753 0.7500 0.0000
vt 0.3738 0.0375 0.0000
vt 0.1262 0.0375 0.0000
vt 0.1258 0.0000 0.0000
vt 0.4932 0.0000 0.0000
vt 0.4510 0.0606 0.0000
vt 0.5490 0.0187 0.0000
vt 0.5875 0.0375 0.0000
vt 0.4125 0.0375 0.0000
vt 0.4957 0.0000 0.0000
vt 0.5043 0.0000 0.0000
vt 0.5875 0.9988 0.0000
vt 0.5014 0.7500 0.0000
vt 0.4986 0.7500 0.0000
vt 0.4009 0.0584 0.0000
vt 0.3854 0.2156 0.0000
vt 0.3738 0.2125 0.0000
vt 0.4071 0.0887 0.0000
vt 0.3989 0.2144 0.0000
vt 0.4125 0.2125 0.0000
vt 0.5068 0.0000 0.0000
vt 0.8742 0.0000 0.0000
vt 0.8738 0.0375 0.0000
vt 0.6262 0.0375 0.0000
vt 0.5448 0.8740 0.0000
vt 0.6061 0.7506 0.0000
vt 0.6247 0.7500 0.0000
vt 0.5023 0.7500 0.0000
vt 0.5875 0.7512 0.0000
vt 0.5929 0.0357 0.0000
vt 0.6011 0.2136 0.0000
vt 0.5875 0.2125 0.0000
vt 0.5991 0.0347 0.0000
vt 0.6146 0.2150 0.0000
vt 0.6262 0.2125 0.0000
vt 0.3745 0.2500 0.0000
vt 0.1255 0.2500 0.0000
vt 0.1262 0.2125 0.0000
vt 0.3938 0.2509 0.0000
vt 0.3938 0.4991 0.0000
vt 0.3750 0.4995 0.0000
vt 0.3750 0.2505 0.0000
vt 0.4125 0.2512 0.0000
vt 0.4125 0.4988 0.0000
vt 0.4130 0.2392 0.0000
vt 0.5870 0.2392 0.0000
vt 0.5875 0.2512 0.0000
vt 0.4130 0.2264 0.0000
vt 0.5870 0.2263 0.0000
vt 0.6062 0.2509 0.0000
vt 0.6062 0.4991 0.0000
vt 0.5875 0.4988 0.0000
vt 0.6250 0.2505 0.0000
vt 0.6250 0.4995 0.0000
vt 0.8738 0.2125 0.0000
vt 0.8745 0.2500 0.0000
vt 0.6255 0.2500 0.0000
vt 0.1250 0.2300 0.0000
vt 0.1250 0.0200 0.0000
vt 0.3940 0.5295 0.0000
vt 0.3940 0.7205 0.0000
vt 0.3750 0.7300 0.0000
vt 0.3750 0.5200 0.0000
vt 0.4125 0.5375 0.0000
vt 0.4125 0.7125 0.0000
vt 0.4128 0.5234 0.0000
vt 0.5872 0.5234 0.0000
vt 0.5875 0.5375 0.0000
vt 0.4128 0.5106 0.0000
vt 0.5872 0.5106 0.0000
vt 0.6060 0.5295 0.0000
vt 0.6060 0.7205 0.0000
vt 0.5875 0.7125 0.0000
vt 0.6250 0.5200 0.0000
vt 0.6250 0.7300 0.0000
vt 0.8750 0.0200 0.0000
vt 0.8750 0.2300 0.0000
vt 0.4128 0.7394 0.0000
vt 0.5872 0.7394 0.0000
vt 0.4128 0.7266 0.0000
vt 0.5872 0.7266 0.0000
vt 0.1258 -0.0000 0.0000
vt 0.4932 -0.0000 0.0000
vt 0.4957 -0.0000 0.0000
vt 0.5043 -0.0000 0.0000
vt 0.8742 -0.0000 0.0000
vt 0.5068 -0.0000 0.0000
vt 0.4293 0.8515 0.0000
vt 0.3920 0.7646 0.0000
vt 0.4039 0.7789 0.0000
vt 0.4039 0.9711 0.0000
vt 0.4501 0.7500 0.0000
vt 0.3797 0.7500 0.0000
vt 0.3463 0.0004 0.0000
vt 0.1537 0.0004 0.0000
vt 0.1391 -0.0000 0.0000
vt 0.3502 -0.0000 0.0000
vt 0.6010 0.0003 0.0000
vt 0.5963 0.0004 0.0000
vt 0.4037 0.0004 0.0000
vt 0.3990 0.0304 0.0000
vt 0.3944 -0.0000 0.0000
vt 0.6056 -0.0000 0.0000
vt 0.5961 0.9711 0.0000
vt 0.5352 0.7500 0.0000
vt 0.4648 0.7500 0.0000
vt 0.3654 0.0005 0.0000
vt 0.3654 0.2498 0.0000
vt 0.3461 0.2498 0.0000
vt 0.3846 0.0006 0.0000
vt 0.3846 0.2498 0.0000
vt 0.4039 0.2498 0.0000
vt 0.8609 0.0000 0.0000
vt 0.8463 0.0004 0.0000
vt 0.6537 0.0004 0.0000
vt 0.6498 0.0000 0.0000
vt 0.5707 0.8515 0.0000
vt 0.6080 0.7646 0.0000
vt 0.6203 0.7500 0.0000
vt 0.5499 0.7500 0.0000
vt 0.5961 0.7789 0.0000
vt 0.6154 0.2498 0.0000
vt 0.5961 0.2498 0.0000
vt 0.6154 0.0004 0.0000
vt 0.6346 0.0004 0.0000
vt 0.6346 0.2498 0.0000
vt 0.6539 0.2498 0.0000
vt 0.1397 0.2500 0.0000
vt 0.1539 0.2498 0.0000
vt 0.3603 0.2500 0.0000
vt 0.3896 0.4778 0.0000
vt 0.3750 0.4853 0.0000
vt 0.3750 0.2647 0.0000
vt 0.3895 0.2722 0.0000
vt 0.4039 0.2789 0.0000
vt 0.4039 0.4711 0.0000
vt 0.5961 0.2684 0.0000
vt 0.5961 0.2789 0.0000
vt 0.4039 0.2684 0.0000
vt 0.4039 0.2588 0.0000
vt 0.5961 0.2588 0.0000
vt 0.6104 0.4778 0.0000
vt 0.5961 0.4711 0.0000
vt 0.6105 0.2722 0.0000
vt 0.6250 0.4853 0.0000
vt 0.6250 0.2647 0.0000
vt 0.8461 0.2498 0.0000
vt 0.8603 0.2500 0.0000
vt 0.6397 0.2500 0.0000
vt 0.1250 0.2499 0.0000
vt 0.1250 0.0001 0.0000
vt 0.3893 0.5002 0.0000
vt 0.3894 0.7499 0.0000
vt 0.3750 0.7499 0.0000
vt 0.3750 0.5001 0.0000
vt 0.4037 0.5004 0.0000
vt 0.4039 0.7498 0.0000
vt 0.5963 0.5004 0.0000
vt 0.4039 0.4913 0.0000
vt 0.5961 0.4913 0.0000
vt 0.4040 0.4816 0.0000
vt 0.5960 0.4816 0.0000
vt 0.6107 0.5002 0.0000
vt 0.6106 0.7499 0.0000
vt 0.5961 0.7498 0.0000
vt 0.6250 0.5001 0.0000
vt 0.6250 0.7499 0.0000
vt 0.8750 0.0001 0.0000
vt 0.8750 0.2499 0.0000
vt 0.5959 0.7682 0.0000
vt 0.4041 0.7682 0.0000
vt 0.4041 0.7587 0.0000
vt 0.5959 0.7587 0.0000
vt 0.8609 -0.0000 0.0000
vt 0.6498 -0.0000 0.0000
vt 0.4940 0.0000 0.0000
vt 0.4980 0.7500 0.0000
vt 0.4983 0.7500 0.0000
vt 0.4949 0.0000 0.0000
vt 0.4118 0.4354 0.0000
vt 0.5017 0.7500 0.0000
vt 0.5020 0.7500 0.0000
vt 0.5060 0.0000 0.0000
vt 0.5882 0.0147 0.0000
vt 0.5051 0.0000 0.0000
vt 0.3972 0.2433 0.0000
vt 0.3750 0.2500 0.0000
vt 0.3985 0.2303 0.0000
vt 0.6250 0.2500 0.0000
vt 0.6028 0.2433 0.0000
vt 0.6015 0.2301 0.0000
vt 0.3969 0.5177 0.0000
vt 0.3750 0.5000 0.0000
vt 0.1250 0.2500 0.0000
vt 0.3969 0.5063 0.0000
vt 0.8750 0.2500 0.0000
vt 0.6031 0.5177 0.0000
vt 0.6250 0.5000 0.0000
vt 0.6031 0.5063 0.0000
vt 0.3969 0.7437 0.0000
vt 0.3750 0.7500 0.0000
vt 0.1250 0.0000 0.0000
vt 0.3969 0.7322 0.0000
vt 0.8750 0.0000 0.0000
vt 0.6031 0.7437 0.0000
vt 0.6250 0.7500 0.0000
vt 0.6031 0.7322 0.0000
vt 0.4940 -0.0000 0.0000
vt 0.5060 -0.0000 0.0000
vt 0.5051 -0.0000 0.0000
vt 0.3968 0.5063 0.0000
vt 0.6032 0.5063 0.0000
vt 0.3643 -0.0000 0.0000
vt 0.4601 0.7500 0.0000
vt 0.4548 0.7500 0.0000
vt 0.3840 0.4044 0.0000
vt 0.3804 -0.0000 0.0000
vt 0.5399 0.7500 0.0000
vt 0.5452 0.7500 0.0000
vt 0.6357 0.0000 0.0000
vt 0.6160 0.0002 0.0000
vt 0.6196 0.0000 0.0000
vt 0.3915 0.2637 0.0000
vt 0.3903 0.2552 0.0000
vt 0.6085 0.2637 0.0000
vt 0.6097 0.2552 0.0000
vt 0.3917 0.4949 0.0000
vt 0.3918 0.4863 0.0000
vt 0.6083 0.4949 0.0000
vt 0.6082 0.4863 0.0000
vt 0.3926 0.7613 0.0000
vt 0.3919 0.7547 0.0000
vt 0.6074 0.7613 0.0000
vt 0.6081 0.7547 0.0000
vt 0.6357 -0.0000 0.0000
vt 0.6196 -0.0000 0.0000
# 241 texture coords

o BookShelf_Leg3
g BookShelf_Leg3
usemtl wire_087224198
s 1
f 481/621/701 482/622/702 483/623/703 484/624/704 
f 485/625/705 486/626/706 482/622/702 481/621/701 
s 2
f 487/627/707 488/628/708 486/629/709 485/630/710 
s 1
f 489/631/711 490/632/712 491/633/713 492/634/714 
f 493/635/715 494/636/716 490/632/712 489/631/711 
f 484/624/704 495/637/717 494/638/716 493/639/715 
s 2
f 496/640/718 497/641/719 498/642/720 487/627/707 
s 1
f 499/643/721 500/644/722 497/641/723 496/640/724 
f 492/634/714 501/645/725 500/644/722 499/643/721 
s 5
f 502/646/726 503/647/727 504/648/728 505/649/729 
s 1
f 506/650/730 507/651/731 503/652/732 502/653/733 
f 495/637/717 508/654/734 507/651/731 506/650/730 
f 509/655/735 510/656/736 511/657/737 491/633/713 
f 512/658/738 513/659/739 510/656/736 509/655/735 
s 5
f 505/649/729 514/660/740 513/659/741 512/658/742 
s 2
f 515/661/743 516/662/744 517/663/745 498/642/720 
s 1
f 518/664/746 519/665/747 516/666/748 515/667/749 
f 520/668/750 521/669/751 519/665/747 518/664/746 
f 522/670/752 523/671/753 524/672/754 520/668/750 
f 525/673/755 526/674/756 523/671/753 522/670/752 
f 501/645/725 511/657/737 526/674/756 525/673/755 
f 527/675/757 528/676/758 529/677/759 524/672/754 
f 530/678/760 531/679/761 528/676/758 527/675/757 
s 5
f 514/660/740 532/680/762 531/681/763 530/682/764 
s 2
f 533/683/765 534/684/766 488/628/708 517/663/745 
s 1
f 535/685/767 536/686/768 534/687/769 533/688/770 
f 537/689/771 538/690/772 536/686/768 535/685/767 
f 539/691/773 540/692/774 541/693/775 537/689/771 
f 542/694/776 543/695/777 540/692/774 539/691/773 
f 521/669/751 529/677/759 543/695/777 542/694/776 
f 544/696/778 545/697/779 546/698/780 541/693/775 
f 547/699/781 548/700/782 545/697/779 544/696/778 
s 5
f 532/680/762 504/648/728 548/701/783 547/702/784 
s 1
f 549/703/785 550/704/786 508/654/734 483/623/703 
f 551/705/787 552/706/788 550/704/786 549/703/785 
f 538/690/772 546/698/780 552/706/788 551/705/787 
s 9
f 553/622/702 554/623/703 555/624/704 556/621/701 
f 557/625/705 558/626/706 553/622/702 556/621/701 
s 10
f 558/629/709 557/630/710 559/627/707 560/628/708 
s 9
f 561/634/714 562/631/789 563/632/790 564/633/713 
f 565/635/715 566/636/716 563/632/790 562/631/789 
f 567/637/717 566/638/716 565/639/715 555/624/704 
s 10
f 568/641/719 569/642/720 559/627/707 570/640/718 
s 9
f 571/644/791 568/641/792 570/640/793 572/643/721 
f 571/644/791 572/643/721 561/634/714 573/645/725 
s 13
f 574/647/727 575/648/728 576/649/729 577/646/726 
s 9
f 578/651/731 574/652/732 577/653/733 579/650/730 
f 567/637/717 580/654/734 578/651/731 579/650/730 
f 581/656/736 582/657/737 564/633/713 583/655/794 
f 584/658/795 585/659/796 581/656/736 583/655/794 
s 13
f 585/659/741 584/658/742 576/649/729 586/660/740 
s 10
f 587/661/743 588/662/744 589/663/745 569/642/720 
s 9
f 590/664/746 591/665/747 588/666/748 587/667/749 
f 591/665/747 590/664/746 592/668/750 593/669/751 
f 594/670/797 595/671/798 596/672/754 592/668/750 
f 597/673/799 598/674/800 595/671/798 594/670/797 
f 597/673/799 573/645/725 582/657/737 598/674/800 
f 599/676/758 600/677/759 596/672/754 601/675/757 
f 602/678/760 603/679/761 599/676/758 601/675/757 
s 13
f 603/681/763 602/682/764 586/660/740 604/680/762 
s 10
f 605/683/765 606/684/766 560/628/708 589/663/745 
s 9
f 607/685/767 608/686/801 606/687/769 605/688/770 
f 608/686/801 607/685/767 609/689/771 610/690/772 
f 611/691/802 612/692/803 613/693/775 609/689/771 
f 614/694/804 615/695/805 612/692/803 611/691/802 
f 615/695/805 614/694/804 593/669/751 600/677/759 
f 616/697/779 617/698/780 613/693/775 618/696/806 
f 619/699/781 620/700/782 616/697/779 618/696/806 
s 13
f 620/701/783 619/702/784 604/680/762 575/648/728 
s 9
f 621/703/785 622/704/786 580/654/734 554/623/703 
f 623/705/807 624/706/808 622/704/786 621/703/785 
f 624/706/808 623/705/807 610/690/772 617/698/780 
s 17
f 625/621/701 626/622/702 627/623/703 628/624/704 
f 629/625/809 630/626/810 626/622/702 625/621/701 
f 631/627/707 632/628/708 630/707/810 629/708/809 
f 633/632/790 634/633/713 635/634/714 636/631/789 
f 637/709/811 638/710/812 633/632/790 636/631/789 
f 628/624/704 639/637/717 638/638/813 637/639/814 
f 640/640/718 641/641/719 642/642/720 631/627/707 
f 643/643/721 644/644/722 641/641/723 640/640/793 
f 635/634/714 645/645/725 644/644/722 643/643/721 
f 646/711/815 647/648/728 648/649/729 649/712/816 
f 646/652/815 649/653/816 650/650/730 651/651/731 
f 651/651/731 650/650/730 639/637/717 652/654/734 
f 653/656/736 654/657/737 634/633/713 655/655/794 
f 656/658/738 657/659/739 653/656/736 655/655/794 
f 648/649/729 658/660/740 657/659/741 656/658/742 
f 659/662/817 660/663/745 642/642/720 661/661/818 
f 662/665/747 659/666/817 661/667/818 663/664/746 
f 663/664/746 664/668/750 665/669/751 662/665/747 
f 666/671/819 667/672/754 664/668/750 668/670/820 
f 669/673/799 670/674/800 666/671/821 668/670/822 
f 669/673/799 645/645/725 654/657/737 670/674/800 
f 671/676/758 672/677/759 667/672/754 673/675/757 
f 674/678/823 675/679/824 671/676/758 673/675/757 
f 658/660/740 676/680/762 675/681/824 674/682/823 
f 677/684/766 632/628/708 660/663/745 678/683/765 
f 679/685/767 680/686/801 677/687/769 678/688/770 
f 680/686/801 679/685/767 681/689/771 682/690/772 
f 683/693/775 681/689/771 684/691/802 685/692/803 
f 686/694/825 687/695/826 685/692/803 684/691/802 
f 686/694/827 665/669/751 672/677/759 687/695/828 
f 688/696/778 689/697/779 690/698/780 683/693/775 
f 691/699/781 692/700/782 689/697/779 688/696/778 
f 692/701/783 691/702/784 676/680/762 647/648/728 
f 693/704/829 652/654/734 627/623/703 694/703/830 
f 695/705/807 696/706/808 693/704/831 694/703/832 
f 682/690/772 690/698/780 696/706/808 695/705/807 
s 24
f 697/624/704 698/621/701 699/622/702 700/623/703 
f 701/625/809 702/626/810 699/622/702 698/621/701 
f 702/629/810 701/630/809 703/627/707 704/628/708 
f 705/632/790 706/633/713 707/634/714 708/631/789 
f 709/635/811 710/636/812 705/632/790 708/631/789 
f 710/638/813 709/639/814 697/624/704 711/637/717 
f 712/642/720 703/627/707 713/640/718 714/641/719 
f 715/643/721 716/644/722 714/641/723 713/640/724 
f 707/634/714 717/645/725 716/644/722 715/643/721 
f 718/647/815 719/648/728 720/649/729 721/646/816 
f 722/650/730 723/651/731 718/652/815 721/653/816 
f 724/654/734 723/651/731 722/650/730 711/637/717 
f 725/655/735 726/656/736 727/657/737 706/633/713 
f 728/658/738 729/659/739 726/656/736 725/655/735 
f 728/658/742 720/649/729 730/660/740 729/659/741 
f 731/662/817 732/663/745 712/642/720 733/661/818 
f 734/664/746 735/665/747 731/666/817 733/667/818 
f 735/665/747 734/664/746 736/668/750 737/669/751 
f 738/671/819 739/672/754 736/668/750 740/670/820 
f 741/673/799 742/674/800 738/671/821 740/670/822 
f 717/645/725 727/657/737 742/674/800 741/673/799 
f 743/676/758 744/677/759 739/672/754 745/675/757 
f 746/678/823 747/679/824 743/676/758 745/675/757 
f 746/682/823 730/660/740 748/680/762 747/681/824 
f 749/684/766 704/628/708 732/663/745 750/683/765 
f 751/685/767 752/686/768 749/687/769 750/688/770 
f 752/686/768 751/685/767 753/689/771 754/690/772 
f 755/692/803 756/693/775 753/689/771 757/691/802 
f 758/694/825 759/695/826 755/692/803 757/691/802 
f 737/669/751 744/677/759 759/695/828 758/694/827 
f 760/698/780 756/693/775 761/696/778 762/697/779 
f 763/699/781 764/700/782 762/697/779 761/696/778 
f 764/701/783 763/702/784 748/680/762 719/648/728 
f 700/623/703 765/703/830 766/704/829 724/654/734 
f 765/703/832 767/705/807 768/706/808 766/704/831 
f 767/705/807 754/690/772 760/698/780 768/706/808 
s 31
f 769/621/833 770/622/834 771/623/703 772/624/704 
s 32
f 773/625/809 774/626/810 770/622/706 769/621/705 
f 775/627/707 776/628/708 774/629/810 773/630/809 
f 777/631/835 778/632/790 779/633/713 780/634/714 
f 781/635/811 782/636/812 778/632/790 777/631/835 
s 31
f 772/624/704 783/637/717 782/638/813 781/639/814 
s 32
f 784/640/718 785/641/719 786/642/720 775/627/707 
f 787/643/721 788/644/722 785/641/723 784/640/724 
f 780/634/714 789/645/725 788/644/722 787/643/721 
f 790/646/816 791/647/815 792/648/728 793/649/729 
f 794/650/733 795/651/732 791/652/815 790/653/816 
s 31
f 783/637/717 796/654/734 795/651/836 794/650/837 
s 32
f 797/655/735 798/656/736 799/657/737 779/633/713 
f 800/658/738 801/659/739 798/656/736 797/655/735 
f 793/649/729 802/660/740 801/659/741 800/658/742 
f 803/661/818 804/662/817 805/663/745 786/642/720 
f 806/664/749 807/665/748 804/666/817 803/667/818 
s 36
f 808/668/750 809/669/751 807/665/838 806/664/839 
f 810/670/820 811/671/819 812/672/754 808/668/750 
s 32
f 813/673/799 814/674/840 811/671/821 810/670/822 
f 789/645/725 799/657/737 814/674/840 813/673/799 
s 36
f 815/675/841 816/676/842 817/677/759 812/672/754 
s 32
f 818/678/823 819/679/824 816/676/761 815/675/760 
f 802/660/740 820/680/762 819/681/824 818/682/823 
f 821/683/765 822/684/766 776/628/708 805/663/745 
f 823/685/767 824/686/768 822/687/769 821/688/770 
f 825/689/771 826/690/772 824/686/768 823/685/767 
f 827/691/843 828/692/803 829/693/775 825/689/771 
f 830/694/825 831/695/826 828/692/803 827/691/843 
s 36
f 809/669/751 817/677/759 831/695/828 830/694/827 
s 32
f 832/696/778 833/697/779 834/698/780 829/693/775 
f 835/699/781 836/700/782 833/697/779 832/696/778 
f 820/680/762 792/648/728 836/701/783 835/702/784 
s 31
f 837/703/830 838/704/829 796/654/734 771/623/703 
s 32
f 839/705/807 840/706/844 838/704/831 837/703/832 
f 826/690/772 834/698/780 840/706/844 839/705/807 
s 41
f 841/622/702 842/623/703 843/624/704 844/621/701 
f 845/625/809 846/626/810 841/622/702 844/621/701 
f 846/707/810 845/708/809 847/627/707 848/628/708 
f 849/634/714 850/631/789 851/632/790 852/633/713 
f 853/709/811 854/710/812 851/632/790 850/631/789 
f 855/637/717 854/638/813 853/639/814 843/624/704 
f 856/641/719 857/642/720 847/627/707 858/640/718 
f 859/644/722 856/641/723 858/640/724 860/643/721 
f 859/644/722 860/643/721 849/634/714 861/645/725 
f 862/649/729 863/712/816 864/711/815 865/648/728 
f 866/650/730 867/651/731 864/652/815 863/653/816 
f 867/651/731 866/650/730 855/637/717 868/654/734 
f 869/655/735 870/656/736 871/657/737 852/633/713 
f 872/658/738 873/659/739 870/656/736 869/655/735 
f 873/659/741 872/658/742 862/649/729 874/660/740 
f 875/661/818 876/662/817 877/663/745 857/642/720 
f 878/664/746 879/665/747 876/666/817 875/667/818 
f 879/665/747 878/664/746 880/668/750 881/669/751 
f 882/670/820 883/671/819 884/672/754 880/668/750 
f 885/673/799 886/674/800 883/671/821 882/670/822 
f 871/657/737 886/674/800 885/673/799 861/645/725 
f 887/676/758 888/677/759 884/672/754 889/675/757 
f 890/678/823 891/679/824 887/676/758 889/675/757 
f 891/681/824 890/682/823 874/660/740 892/680/762 
f 893/683/765 894/684/766 848/628/708 877/663/745 
f 895/685/767 896/686/768 894/687/845 893/688/846 
f 896/686/768 895/685/767 897/689/771 898/690/772 
f 899/691/843 900/692/847 901/693/775 897/689/771 
f 902/694/825 903/695/826 900/692/847 899/691/843 
f 903/695/828 902/694/827 881/669/751 888/677/759 
f 904/697/779 905/698/780 901/693/775 906/696/778 
f 907/699/848 908/700/849 904/697/779 906/696/778 
f 908/701/783 907/702/784 892/680/762 865/648/728 
f 909/703/830 910/704/829 868/654/734 842/623/703 
f 911/705/850 912/706/844 910/704/831 909/703/832 
f 912/706/844 911/705/850 898/690/772 905/698/780 
s 48
f 913/713/851 914/714/852 915/715/853 916/716/854 
f 917/717/855 918/718/856 914/714/852 913/713/851 
s 49
f 919/719/857 920/720/858 918/721/859 917/722/860 
s 48
f 921/723/861 922/724/862 923/725/863 924/726/864 
f 925/727/865 926/728/866 921/723/861 924/726/864 
f 916/716/854 927/729/867 926/730/868 925/731/869 
s 49
f 928/732/870 929/733/871 930/734/872 919/719/857 
s 48
f 931/735/873 932/736/874 929/733/875 928/732/876 
f 923/725/863 933/737/877 932/736/874 931/735/873 
s 52
f 934/738/878 935/739/879 936/740/880 937/741/881 
s 48
f 938/742/882 939/743/883 934/744/884 937/745/885 
f 938/742/882 927/729/867 940/746/886 939/743/883 
f 941/747/887 942/748/888 922/724/862 943/749/889 
f 944/750/890 945/751/891 941/747/887 943/749/889 
s 52
f 936/740/880 946/752/892 945/751/893 944/750/894 
s 49
f 947/753/895 948/754/896 930/734/872 949/755/897 
s 48
f 950/756/898 947/757/899 949/758/900 951/759/901 
f 951/759/901 952/760/902 953/761/903 950/756/898 
f 954/762/904 955/763/905 952/760/902 956/764/906 
f 957/765/907 958/766/908 954/762/904 956/764/906 
f 957/765/907 933/737/877 942/748/888 958/766/908 
f 959/767/909 960/768/910 955/763/905 961/769/911 
f 962/770/912 959/767/909 961/769/911 963/771/913 
s 52
f 946/752/892 964/772/914 962/773/915 963/774/916 
s 49
f 920/720/858 948/754/896 965/775/917 966/776/918 
s 48
f 967/777/919 968/778/920 966/779/921 965/780/922 
f 968/778/920 967/777/919 969/781/923 970/782/924 
f 971/783/925 969/781/923 972/784/926 973/785/927 
f 974/786/928 975/787/929 973/785/927 972/784/926 
f 974/786/928 953/761/903 960/768/910 975/787/929 
f 976/788/930 977/789/931 978/790/932 971/783/925 
f 979/791/933 980/792/934 977/789/931 976/788/930 
s 52
f 935/739/879 980/793/935 979/794/936 964/772/914 
s 48
f 981/795/937 940/746/886 915/715/853 982/796/938 
f 983/797/939 984/798/940 981/795/941 982/796/942 
f 970/782/924 978/790/932 984/798/940 983/797/939 
s 57
f 985/716/854 986/713/851 987/714/852 988/715/853 
f 989/717/855 990/718/856 987/714/852 986/713/851 
s 58
f 990/721/859 989/722/860 991/719/857 992/720/858 
s 57
f 993/723/861 994/724/862 995/725/863 996/726/864 
f 997/727/865 998/728/866 993/723/861 996/726/864 
f 998/730/868 997/731/869 985/716/854 999/729/867 
s 58
f 1000/734/872 991/719/857 1001/732/870 1002/733/871 
s 57
f 1003/735/873 1004/736/874 1002/733/875 1001/732/876 
f 995/725/863 1005/737/877 1004/736/874 1003/735/873 
s 61
f 1006/799/878 1007/739/879 1008/740/880 1009/800/881 
s 57
f 1010/742/882 1011/743/883 1006/744/884 1009/745/885 
f 1012/746/886 1011/743/883 1010/742/882 999/729/867 
f 1013/749/889 1014/747/887 1015/748/888 994/724/862 
f 1016/750/890 1017/751/891 1014/747/887 1013/749/889 
s 61
f 1016/750/894 1008/740/880 1018/752/892 1017/751/893 
s 58
f 1019/753/895 1020/754/896 1000/734/872 1021/755/897 
s 57
f 1022/759/901 1023/756/898 1019/757/899 1021/758/900 
f 1023/756/898 1022/759/901 1024/760/902 1025/761/903 
f 1026/762/904 1027/763/905 1024/760/902 1028/764/906 
f 1029/765/907 1030/766/908 1026/762/904 1028/764/906 
f 1005/737/877 1015/748/888 1030/766/908 1029/765/907 
f 1031/767/909 1032/768/910 1027/763/905 1033/769/911 
f 1034/771/913 1035/770/912 1031/767/909 1033/769/911 
s 61
f 1034/774/916 1018/752/892 1036/772/914 1035/773/915 
s 58
f 1037/776/918 992/720/858 1020/754/896 1038/775/917 
s 57
f 1039/777/919 1040/778/920 1037/779/921 1038/780/922 
f 1040/778/920 1039/777/919 1041/781/923 1042/782/924 
f 1043/785/927 1044/783/925 1041/781/923 1045/784/926 
f 1046/786/928 1047/787/929 1043/785/927 1045/784/926 
f 1025/761/903 1032/768/910 1047/787/929 1046/786/928 
f 1048/790/932 1044/783/925 1049/788/930 1050/789/931 
f 1051/791/933 1052/792/934 1050/789/931 1049/788/930 
s 61
f 1052/793/935 1051/794/936 1036/772/914 1007/739/879 
s 57
f 988/715/853 1053/796/938 1054/795/937 1012/746/886 
f 1053/796/942 1055/797/939 1056/798/940 1054/795/941 
f 1055/797/939 1042/782/924 1048/790/932 1056/798/940 
s 1
f 491/633/713 511/657/737 501/645/725 492/634/714 
f 524/672/754 529/677/759 521/669/751 520/668/750 
f 541/693/775 546/698/780 538/690/772 537/689/771 
f 508/654/734 495/637/717 484/624/704 483/623/703 
s 5
f 504/648/728 532/680/762 514/660/740 505/649/729 
s 2
f 487/627/707 498/642/720 517/663/745 488/628/708 
s 9
f 564/633/713 582/657/737 573/645/725 561/634/714 
f 592/668/750 596/672/754 600/677/759 593/669/751 
f 617/698/780 610/690/772 609/689/771 613/693/775 
f 580/654/734 567/637/717 555/624/704 554/623/703 
s 13
f 586/660/740 576/649/729 575/648/728 604/680/762 
s 10
f 589/663/745 560/628/708 559/627/707 569/642/720 
s 17
f 635/634/714 634/633/713 654/657/737 645/645/725 
f 672/677/759 665/669/751 664/668/750 667/672/754 
f 682/690/772 681/689/771 683/693/775 690/698/780 
f 652/654/734 639/637/717 628/624/704 627/623/703 
f 676/680/762 658/660/740 648/649/729 647/648/728 
f 660/663/745 632/628/708 631/627/707 642/642/720 
s 24
f 706/633/713 727/657/737 717/645/725 707/634/714 
f 744/677/759 737/669/751 736/668/750 739/672/754 
f 760/698/780 754/690/772 753/689/771 756/693/775 
f 711/637/717 697/624/704 700/623/703 724/654/734 
f 748/680/762 730/660/740 720/649/729 719/648/728 
f 704/628/708 703/627/707 712/642/720 732/663/745 
s 32
f 779/633/713 799/657/737 789/645/725 780/634/714 
s 36
f 812/672/754 817/677/759 809/669/751 808/668/750 
s 32
f 829/693/775 834/698/780 826/690/772 825/689/771 
s 31
f 796/654/734 783/637/717 772/624/704 771/623/703 
s 32
f 792/648/728 820/680/762 802/660/740 793/649/729 
f 775/627/707 786/642/720 805/663/745 776/628/708 
s 41
f 849/634/714 852/633/713 871/657/737 861/645/725 
f 880/668/750 884/672/754 888/677/759 881/669/751 
f 905/698/780 898/690/772 897/689/771 901/693/775 
f 855/637/717 843/624/704 842/623/703 868/654/734 
f 865/648/728 892/680/762 874/660/740 862/649/729 
f 847/627/707 857/642/720 877/663/745 848/628/708 
s 48
f 923/725/863 922/724/862 942/748/888 933/737/877 
f 960/768/910 953/761/903 952/760/902 955/763/905 
f 978/790/932 970/782/924 969/781/923 971/783/925 
f 915/715/853 940/746/886 927/729/867 916/716/854 
s 52
f 936/740/880 935/739/879 964/772/914 946/752/892 
s 49
f 948/754/896 920/720/858 919/719/857 930/734/872 
s 57
f 994/724/862 1015/748/888 1005/737/877 995/725/863 
f 1032/768/910 1025/761/903 1024/760/902 1027/763/905 
f 1048/790/932 1042/782/924 1041/781/923 1044/783/925 
f 999/729/867 985/716/854 988/715/853 1012/746/886 
s 61
f 1036/772/914 1018/752/892 1008/740/880 1007/739/879 
s 58
f 992/720/858 991/719/857 1000/734/872 1020/754/896 
s 2
f 496/640/718 487/627/707 485/630/710 1057/801/943 
s 1
f 1057/802/944 485/625/705 481/621/701 1058/803/945 
f 481/621/701 484/624/704 493/639/715 1058/803/946 
f 1058/804/945 493/635/715 489/631/711 1059/805/947 
f 1059/805/948 489/631/711 492/634/714 499/643/721 
f 496/640/724 1057/801/944 1059/805/947 499/643/721 
f 1057/801/944 1058/804/945 1059/805/947 
f 506/650/730 1060/806/949 494/638/716 495/637/717 
f 506/650/730 502/653/733 1061/807/950 1060/806/951 
s 5
f 502/646/726 505/649/729 512/658/742 1061/808/952 
s 1
f 512/658/738 509/655/735 1062/809/953 1061/808/950 
f 490/632/712 1062/809/954 509/655/735 491/633/713 
f 490/632/712 494/636/716 1060/810/951 1062/809/953 
f 1060/810/951 1061/808/950 1062/809/953 
f 522/670/752 520/668/750 518/664/746 1063/811/955 
f 1063/811/956 518/664/746 515/667/749 1064/812/957 
s 2
f 515/661/743 498/642/720 497/641/719 1064/812/958 
s 1
f 1064/812/957 497/641/723 500/644/722 1065/813/959 
f 1065/813/960 500/644/722 501/645/725 525/673/755 
f 522/670/752 1063/811/956 1065/813/959 525/673/755 
f 1063/811/956 1064/812/957 1065/813/959 
s 5
f 513/659/741 514/660/740 530/682/764 1066/814/961 
s 1
f 1066/814/962 530/678/760 527/675/757 1067/815/963 
f 523/671/753 1067/815/964 527/675/757 524/672/754 
f 1067/815/963 523/671/753 526/674/756 1068/816/965 
f 1068/816/966 526/674/756 511/657/737 510/656/736 
f 510/656/736 513/659/739 1066/814/962 1068/816/965 
f 1066/814/962 1067/815/963 1068/816/965 
f 539/691/773 537/689/771 535/685/767 1069/817/967 
f 535/685/767 533/688/770 1070/818/968 1069/817/969 
s 2
f 1070/819/970 533/683/765 517/663/745 516/662/744 
s 1
f 516/666/748 519/665/747 1071/820/971 1070/818/968 
f 1071/820/972 519/665/747 521/669/751 542/694/776 
f 542/694/776 539/691/773 1069/817/969 1071/820/971 
f 1069/817/969 1070/818/968 1071/820/971 
s 5
f 531/681/763 532/680/762 547/702/784 1072/821/973 
s 1
f 547/699/781 544/696/778 1073/822/974 1072/823/975 
f 1073/822/976 544/696/778 541/693/775 540/692/774 
f 1073/822/974 540/692/774 543/695/777 1074/824/977 
f 1074/824/978 543/695/777 529/677/759 528/676/758 
f 528/676/758 531/679/761 1072/823/975 1074/824/977 
f 1072/823/975 1073/822/974 1074/824/977 
f 549/703/785 483/623/703 482/622/702 1075/825/979 
f 486/626/706 1076/826/980 1075/825/981 482/622/702 
s 2
f 1076/827/982 486/629/709 488/628/708 534/684/766 
s 1
f 534/687/769 536/686/768 1077/828/983 1076/826/980 
f 551/705/787 1077/828/984 536/686/768 538/690/772 
f 549/703/785 1075/825/981 1077/828/983 551/705/787 
f 1075/825/981 1076/826/980 1077/828/983 
s 5
f 1078/829/985 548/701/783 504/648/728 503/647/727 
s 1
f 503/652/732 507/651/731 1079/830/986 1078/831/987 
f 1079/830/988 507/651/731 508/654/734 550/704/786 
f 550/704/786 552/706/788 1080/832/989 1079/830/986 
f 1080/832/990 552/706/788 546/698/780 545/697/779 
f 545/697/779 548/700/782 1078/831/987 1080/832/989 
f 1078/831/987 1079/830/986 1080/832/989 
s 10
f 557/630/710 1081/801/943 570/640/718 559/627/707 
s 9
f 556/621/701 1082/803/991 1081/802/992 557/625/705 
f 1082/803/993 556/621/701 555/624/704 565/639/715 
f 1082/804/991 565/635/715 562/631/789 1083/805/947 
f 1083/805/948 562/631/789 561/634/714 572/643/721 
f 572/643/721 570/640/793 1081/801/992 1083/805/947 
f 1081/801/992 1082/804/991 1083/805/947 
f 1084/806/994 566/638/716 567/637/717 579/650/730 
f 577/653/733 1085/807/995 1084/806/996 579/650/730 
s 13
f 577/646/726 576/649/729 584/658/742 1085/808/952 
s 9
f 584/658/795 583/655/794 1086/809/953 1085/808/995 
f 1086/809/954 583/655/794 564/633/713 563/632/790 
f 566/636/716 1084/810/996 1086/809/953 563/632/790 
f 1084/810/996 1085/808/995 1086/809/953 
f 590/664/746 1087/811/955 594/670/797 592/668/750 
f 590/664/746 587/667/749 1088/812/997 1087/811/998 
s 10
f 587/661/743 569/642/720 568/641/719 1088/812/958 
s 9
f 1088/812/997 568/641/792 571/644/791 1089/813/959 
f 597/673/799 1089/813/999 571/644/791 573/645/725 
f 597/673/799 594/670/797 1087/811/998 1089/813/959 
f 1087/811/998 1088/812/997 1089/813/959 
s 13
f 602/682/764 1090/814/961 585/659/741 586/660/740 
s 9
f 602/678/760 601/675/757 1091/815/1000 1090/814/1001 
f 595/671/798 1091/815/964 601/675/757 596/672/754 
f 1091/815/1000 595/671/798 598/674/800 1092/816/965 
f 581/656/736 1092/816/966 598/674/800 582/657/737 
f 581/656/736 585/659/796 1090/814/1001 1092/816/965 
f 1090/814/1001 1091/815/1000 1092/816/965 
f 607/685/767 1093/817/967 611/691/802 609/689/771 
f 607/685/767 605/688/770 1094/818/1002 1093/817/969 
s 10
f 1094/819/970 605/683/765 589/663/745 588/662/744 
s 9
f 1094/818/1002 588/666/748 591/665/747 1095/820/1003 
f 591/665/747 593/669/751 614/694/804 1095/820/972 
f 614/694/804 611/691/802 1093/817/969 1095/820/1003 
f 1093/817/969 1094/818/1002 1095/820/1003 
s 13
f 619/702/784 1096/821/973 603/681/763 604/680/762 
s 9
f 619/699/781 618/696/806 1097/822/974 1096/823/1004 
f 618/696/806 613/693/775 612/692/803 1097/822/1005 
f 1097/822/974 612/692/803 615/695/805 1098/824/1006 
f 1098/824/978 615/695/805 600/677/759 599/676/758 
f 599/676/758 603/679/761 1096/823/1004 1098/824/1006 
f 1096/823/1004 1097/822/974 1098/824/1006 
f 1099/825/1007 621/703/785 554/623/703 553/622/702 
f 553/622/702 558/626/706 1100/826/1008 1099/825/1009 
s 10
f 606/684/766 1100/827/982 558/629/709 560/628/708 
s 9
f 606/687/769 608/686/801 1101/828/983 1100/826/1008 
f 608/686/801 610/690/772 623/705/807 1101/828/984 
f 623/705/807 621/703/785 1099/825/1009 1101/828/983 
f 1099/825/1009 1100/826/1008 1101/828/983 
s 13
f 620/701/783 575/648/728 574/647/727 1102/829/985 
s 9
f 574/652/732 578/651/731 1103/830/1010 1102/831/1011 
f 578/651/731 580/654/734 622/704/786 1103/830/1012 
f 622/704/786 624/706/808 1104/832/989 1103/830/1010 
f 616/697/779 1104/832/990 624/706/808 617/698/780 
f 616/697/779 620/700/782 1102/831/1011 1104/832/989 
f 1102/831/1011 1103/830/1010 1104/832/989 
s 17
f 1105/833/943 640/640/718 631/627/707 629/708/809 
f 629/625/809 625/621/701 1106/803/991 1105/802/944 
f 1106/803/946 625/621/701 628/624/704 637/639/814 
f 637/709/811 636/631/789 1107/805/947 1106/804/991 
f 636/631/789 635/634/714 643/643/721 1107/805/948 
f 643/643/721 640/640/793 1105/833/944 1107/805/947 
f 1105/833/944 1106/804/991 1107/805/947 
f 638/638/813 639/637/717 650/650/730 1108/806/949 
f 650/650/730 649/653/816 1109/807/1013 1108/806/996 
f 656/658/742 1109/834/952 649/712/816 648/649/729 
f 656/658/738 655/655/794 1110/809/953 1109/834/1013 
f 1110/809/1014 655/655/794 634/633/713 633/632/790 
f 638/710/812 1108/835/996 1110/809/953 633/632/790 
f 1108/835/996 1109/834/1013 1110/809/953 
f 663/664/746 1111/811/1015 668/670/820 664/668/750 
f 663/664/746 661/667/818 1112/812/957 1111/811/998 
f 1112/812/958 661/661/818 642/642/720 641/641/719 
f 1112/812/957 641/641/723 644/644/722 1113/813/959 
f 669/673/799 1113/813/999 644/644/722 645/645/725 
f 669/673/799 668/670/822 1111/811/998 1113/813/959 
f 1111/811/998 1112/812/957 1113/813/959 
f 1114/814/961 657/659/741 658/660/740 674/682/823 
f 673/675/757 1115/815/1000 1114/814/962 674/678/823 
f 1115/815/1016 673/675/757 667/672/754 666/671/819 
f 666/671/821 670/674/800 1116/816/965 1115/815/1000 
f 1116/816/966 670/674/800 654/657/737 653/656/736 
f 653/656/736 657/659/739 1114/814/962 1116/816/965 
f 1114/814/962 1115/815/1000 1116/816/965 
f 679/685/767 1117/817/967 684/691/802 681/689/771 
f 679/685/767 678/688/770 1118/818/968 1117/817/969 
f 660/663/745 659/662/817 1118/819/970 678/683/765 
f 659/666/817 662/665/747 1119/836/1003 1118/818/968 
f 662/665/747 665/669/751 686/694/827 1119/836/1017 
f 686/694/825 684/691/802 1117/817/969 1119/836/1003 
f 1117/817/969 1118/818/968 1119/836/1003 
f 676/680/762 691/702/784 1120/821/973 675/681/824 
f 691/699/781 688/696/778 1121/822/974 1120/823/975 
f 683/693/775 685/692/803 1121/822/1005 688/696/778 
f 685/692/803 687/695/826 1122/837/1006 1121/822/974 
f 1122/837/1018 687/695/828 672/677/759 671/676/758 
f 671/676/758 675/679/824 1120/823/975 1122/837/1006 
f 1120/823/975 1121/822/974 1122/837/1006 
f 1123/825/1019 694/703/830 627/623/703 626/622/702 
f 626/622/702 630/626/810 1124/826/980 1123/825/1009 
f 677/684/766 1124/827/982 630/707/810 632/628/708 
f 677/687/769 680/686/801 1125/828/983 1124/826/980 
f 680/686/801 682/690/772 695/705/807 1125/828/1020 
f 695/705/807 694/703/832 1123/825/1009 1125/828/983 
f 1123/825/1009 1124/826/980 1125/828/983 
f 692/701/783 647/648/728 646/711/815 1126/829/985 
f 646/652/815 651/651/731 1127/830/1010 1126/831/987 
f 1127/830/1021 651/651/731 652/654/734 693/704/829 
f 693/704/831 696/706/808 1128/832/1022 1127/830/1010 
f 1128/832/990 696/706/808 690/698/780 689/697/779 
f 689/697/779 692/700/782 1126/831/987 1128/832/1022 
f 1126/831/987 1127/830/1010 1128/832/1022 
s 24
f 701/630/809 1129/801/943 713/640/718 703/627/707 
f 1129/802/944 701/625/809 698/621/701 1130/803/991 
f 698/621/701 697/624/704 709/639/814 1130/803/946 
f 709/635/811 708/631/789 1131/805/947 1130/804/991 
f 708/631/789 707/634/714 715/643/721 1131/805/948 
f 715/643/721 713/640/724 1129/801/944 1131/805/947 
f 1129/801/944 1130/804/991 1131/805/947 
f 710/638/813 711/637/717 722/650/730 1132/806/949 
f 722/650/730 721/653/816 1133/807/950 1132/806/996 
f 720/649/729 728/658/742 1133/808/952 721/646/816 
f 1133/808/950 728/658/738 725/655/735 1134/809/953 
f 1134/809/1014 725/655/735 706/633/713 705/632/790 
f 705/632/790 710/636/812 1132/810/996 1134/809/953 
f 1132/810/996 1133/808/950 1134/809/953 
f 736/668/750 734/664/746 1135/811/1015 740/670/820 
f 734/664/746 733/667/818 1136/812/957 1135/811/998 
f 714/641/719 1136/812/958 733/661/818 712/642/720 
f 714/641/723 716/644/722 1137/813/959 1136/812/957 
f 1137/813/960 716/644/722 717/645/725 741/673/799 
f 741/673/799 740/670/822 1135/811/998 1137/813/959 
f 1135/811/998 1136/812/957 1137/813/959 
f 729/659/741 730/660/740 746/682/823 1138/814/961 
f 1138/814/962 746/678/823 745/675/757 1139/815/1000 
f 738/671/819 1139/815/1016 745/675/757 739/672/754 
f 738/671/821 742/674/800 1140/816/965 1139/815/1000 
f 742/674/800 727/657/737 726/656/736 1140/816/966 
f 726/656/736 729/659/739 1138/814/962 1140/816/965 
f 1138/814/962 1139/815/1000 1140/816/965 
f 753/689/771 751/685/767 1141/817/967 757/691/802 
f 1141/817/1023 751/685/767 750/688/770 1142/818/968 
f 731/662/817 1142/819/970 750/683/765 732/663/745 
f 1142/818/968 731/666/817 735/665/747 1143/836/1003 
f 1143/836/1017 735/665/747 737/669/751 758/694/827 
f 757/691/802 1141/817/1023 1143/836/1003 758/694/825 
f 1141/817/1023 1142/818/968 1143/836/1003 
f 763/702/784 1144/821/973 747/681/824 748/680/762 
f 1144/823/975 763/699/781 761/696/778 1145/822/974 
f 756/693/775 755/692/803 1145/822/976 761/696/778 
f 755/692/803 759/695/826 1146/837/1006 1145/822/974 
f 759/695/828 744/677/759 743/676/758 1146/837/1018 
f 743/676/758 747/679/824 1144/823/975 1146/837/1006 
f 1144/823/975 1145/822/974 1146/837/1006 
f 699/622/702 1147/825/1019 765/703/830 700/623/703 
f 699/622/702 702/626/810 1148/826/980 1147/825/1009 
f 1148/827/982 702/629/810 704/628/708 749/684/766 
f 749/687/769 752/686/768 1149/828/983 1148/826/980 
f 767/705/807 1149/828/1020 752/686/768 754/690/772 
f 1149/828/983 767/705/807 765/703/832 1147/825/1009 
f 1147/825/1009 1148/826/980 1149/828/983 
f 718/647/815 1150/829/985 764/701/783 719/648/728 
f 1150/831/987 718/652/815 723/651/731 1151/830/1010 
f 724/654/734 766/704/829 1151/830/1021 723/651/731 
f 766/704/831 768/706/808 1152/832/1024 1151/830/1010 
f 768/706/808 760/698/780 762/697/779 1152/832/990 
f 762/697/779 764/700/782 1150/831/987 1152/832/1024 
f 1150/831/987 1151/830/1010 1152/832/1024 
s 32
f 784/640/718 775/627/707 773/630/809 1153/801/943 
f 773/625/809 769/621/705 1154/803/991 1153/802/1025 
s 31
f 781/639/814 1154/803/946 769/621/833 772/624/704 
s 32
f 1154/804/991 781/635/811 777/631/835 1155/805/1026 
f 1155/805/1027 777/631/835 780/634/714 787/643/721 
f 787/643/721 784/640/724 1153/801/1025 1155/805/1026 
f 1153/801/1025 1154/804/991 1155/805/1026 
s 31
f 782/638/813 783/637/717 794/650/837 1156/806/949 
s 32
f 1156/806/996 794/650/733 790/653/816 1157/807/1013 
f 800/658/742 1157/808/952 790/646/816 793/649/729 
f 1157/808/1013 800/658/738 797/655/735 1158/809/1028 
f 1158/809/1014 797/655/735 779/633/713 778/632/790 
f 778/632/790 782/636/812 1156/810/996 1158/809/1028 
f 1156/810/996 1157/808/1013 1158/809/1028 
s 36
f 806/664/839 1159/811/1015 810/670/820 808/668/750 
s 32
f 1159/811/998 806/664/749 803/667/818 1160/812/1029 
f 803/661/818 786/642/720 785/641/719 1160/812/958 
f 785/641/723 788/644/722 1161/813/1030 1160/812/1029 
f 813/673/799 1161/813/960 788/644/722 789/645/725 
f 813/673/799 810/670/822 1159/811/998 1161/813/1030 
f 1159/811/998 1160/812/1029 1161/813/1030 
f 801/659/741 802/660/740 818/682/823 1162/814/961 
f 1162/814/1031 818/678/823 815/675/760 1163/815/1000 
s 36
f 811/671/819 1163/815/1016 815/675/841 812/672/754 
s 32
f 1163/815/1000 811/671/821 814/674/840 1164/816/1032 
f 1164/816/1033 814/674/840 799/657/737 798/656/736 
f 798/656/736 801/659/739 1162/814/1031 1164/816/1032 
f 1162/814/1031 1163/815/1000 1164/816/1032 
f 1165/817/1034 827/691/843 825/689/771 823/685/767 
f 823/685/767 821/688/770 1166/818/968 1165/817/969 
f 821/683/765 805/663/745 804/662/817 1166/819/970 
f 1166/818/968 804/666/817 807/665/748 1167/836/1003 
s 36
f 1167/836/1035 807/665/838 809/669/751 830/694/827 
s 32
f 1167/836/1003 830/694/825 827/691/843 1165/817/969 
f 1165/817/969 1166/818/968 1167/836/1003 
f 1168/821/973 819/681/824 820/680/762 835/702/784 
f 1168/823/975 835/699/781 832/696/778 1169/822/974 
f 832/696/778 829/693/775 828/692/803 1169/822/1036 
f 828/692/803 831/695/826 1170/837/1006 1169/822/974 
s 36
f 1170/837/1037 831/695/828 817/677/759 816/676/842 
s 32
f 816/676/761 819/679/824 1168/823/975 1170/837/1006 
f 1168/823/975 1169/822/974 1170/837/1006 
s 31
f 1171/825/979 837/703/830 771/623/703 770/622/834 
s 32
f 770/622/706 774/626/810 1172/826/980 1171/825/1009 
f 774/629/810 776/628/708 822/684/766 1172/827/982 
f 822/687/769 824/686/768 1173/828/983 1172/826/980 
f 1173/828/1038 824/686/768 826/690/772 839/705/807 
f 839/705/807 837/703/832 1171/825/1009 1173/828/983 
f 1171/825/1009 1172/826/980 1173/828/983 
f 1174/829/985 836/701/783 792/648/728 791/647/815 
f 791/652/815 795/651/732 1175/830/1010 1174/831/987 
s 31
f 1175/830/988 795/651/836 796/654/734 838/704/829 
s 32
f 1175/830/1010 838/704/831 840/706/844 1176/832/989 
f 840/706/844 834/698/780 833/697/779 1176/832/1039 
f 833/697/779 836/700/782 1174/831/987 1176/832/989 
f 1174/831/987 1175/830/1010 1176/832/989 
s 41
f 847/627/707 845/708/809 1177/833/943 858/640/718 
f 1177/802/1025 845/625/809 844/621/701 1178/803/991 
f 853/639/814 1178/803/946 844/621/701 843/624/704 
f 1178/804/991 853/709/811 850/631/789 1179/805/1026 
f 1179/805/1027 850/631/789 849/634/714 860/643/721 
f 860/643/721 858/640/724 1177/833/1025 1179/805/1026 
f 1177/833/1025 1178/804/991 1179/805/1026 
f 854/638/813 855/637/717 866/650/730 1180/806/949 
f 866/650/730 863/653/816 1181/807/1013 1180/806/996 
f 872/658/742 1181/808/952 863/712/816 862/649/729 
f 1181/808/1013 872/658/738 869/655/735 1182/809/953 
f 869/655/735 852/633/713 851/632/790 1182/809/1014 
f 851/632/790 854/710/812 1180/835/996 1182/809/953 
f 1180/835/996 1181/808/1013 1182/809/953 
f 878/664/746 1183/811/1015 882/670/820 880/668/750 
f 1183/811/998 878/664/746 875/667/818 1184/812/1029 
f 875/661/818 857/642/720 856/641/719 1184/812/958 
f 856/641/723 859/644/722 1185/813/959 1184/812/1029 
f 861/645/725 885/673/799 1185/813/960 859/644/722 
f 882/670/822 1183/811/998 1185/813/959 885/673/799 
f 1183/811/998 1184/812/1029 1185/813/959 
f 873/659/741 874/660/740 890/682/823 1186/814/961 
f 890/678/823 889/675/757 1187/815/1000 1186/814/1031 
f 889/675/757 884/672/754 883/671/819 1187/815/1016 
f 883/671/821 886/674/800 1188/816/1032 1187/815/1000 
f 870/656/736 1188/816/1033 886/674/800 871/657/737 
f 870/656/736 873/659/739 1186/814/1031 1188/816/1032 
f 1186/814/1031 1187/815/1000 1188/816/1032 
f 895/685/767 1189/817/1034 899/691/843 897/689/771 
f 1189/817/969 895/685/767 893/688/846 1190/818/968 
f 876/662/817 1190/819/970 893/683/765 877/663/745 
f 876/666/817 879/665/747 1191/836/1003 1190/818/968 
f 902/694/827 1191/836/1035 879/665/747 881/669/751 
f 899/691/843 1189/817/969 1191/836/1003 902/694/825 
f 1189/817/969 1190/818/968 1191/836/1003 
f 891/681/824 892/680/762 907/702/784 1192/821/973 
f 907/699/848 906/696/778 1193/822/974 1192/823/975 
f 900/692/847 1193/822/1036 906/696/778 901/693/775 
f 900/692/847 903/695/826 1194/824/1006 1193/822/974 
f 887/676/758 1194/824/1037 903/695/828 888/677/759 
f 887/676/758 891/679/824 1192/823/975 1194/824/1006 
f 1192/823/975 1193/822/974 1194/824/1006 
f 1195/825/979 909/703/830 842/623/703 841/622/702 
f 841/622/702 846/626/810 1196/826/980 1195/825/1009 
f 1196/827/982 846/707/810 848/628/708 894/684/766 
f 1196/826/980 894/687/845 896/686/768 1197/828/983 
f 896/686/768 898/690/772 911/705/850 1197/828/1038 
f 911/705/850 909/703/832 1195/825/1009 1197/828/983 
f 1195/825/1009 1196/826/980 1197/828/983 
f 908/701/783 865/648/728 864/711/815 1198/829/985 
f 1198/831/987 864/652/815 867/651/731 1199/830/1010 
f 867/651/731 868/654/734 910/704/829 1199/830/988 
f 910/704/831 912/706/844 1200/832/989 1199/830/1010 
f 1200/832/1039 912/706/844 905/698/780 904/697/779 
f 904/697/779 908/700/849 1198/831/987 1200/832/989 
f 1198/831/987 1199/830/1010 1200/832/989 
s 49
f 917/722/860 1201/838/943 928/732/870 919/719/857 
s 48
f 917/717/855 913/713/851 1202/839/991 1201/840/1025 
f 1202/839/946 913/713/851 916/716/854 925/731/869 
f 925/727/865 924/726/864 1203/841/1026 1202/842/991 
f 931/735/873 1203/841/1040 924/726/864 923/725/863 
f 931/735/873 928/732/876 1201/838/1025 1203/841/1026 
f 1201/838/1025 1202/842/991 1203/841/1026 
f 1204/843/949 926/730/868 927/729/867 938/742/882 
f 938/742/882 937/745/885 1205/844/1013 1204/843/996 
s 52
f 937/741/881 936/740/880 944/750/894 1205/845/952 
s 48
f 944/750/890 943/749/889 1206/846/1028 1205/845/1013 
f 1206/846/1041 943/749/889 922/724/862 921/723/861 
f 926/728/866 1204/847/996 1206/846/1028 921/723/861 
f 1204/847/996 1205/845/1013 1206/846/1028 
f 951/759/901 1207/848/1042 956/764/906 952/760/902 
f 951/759/901 949/758/900 1208/812/957 1207/848/998 
s 49
f 1208/812/1043 949/755/897 930/734/872 929/733/871 
s 48
f 1208/812/957 929/733/875 932/736/874 1209/849/959 
f 1209/849/1044 932/736/874 933/737/877 957/765/907 
f 957/765/907 956/764/906 1207/848/998 1209/849/959 
f 1207/848/998 1208/812/957 1209/849/959 
s 52
f 1210/814/1045 945/751/893 946/752/892 963/774/916 
s 48
f 963/771/913 961/769/911 1211/850/1046 1210/814/962 
f 1211/850/1047 961/769/911 955/763/905 954/762/904 
f 954/762/904 958/766/908 1212/851/965 1211/850/1046 
f 1212/851/1048 958/766/908 942/748/888 941/747/887 
f 945/751/891 1210/814/962 1212/851/965 941/747/887 
f 1210/814/962 1211/850/1046 1212/851/965 
f 967/777/919 1213/852/1034 972/784/926 969/781/923 
f 1213/852/969 967/777/919 965/780/922 1214/818/968 
s 49
f 948/754/896 947/753/895 1214/819/970 965/775/917 
s 48
f 947/757/899 950/756/898 1215/853/1003 1214/818/968 
f 950/756/898 953/761/903 974/786/928 1215/853/1049 
f 974/786/928 972/784/926 1213/852/969 1215/853/1003 
f 1213/852/969 1214/818/968 1215/853/1003 
s 52
f 964/772/914 979/794/936 1216/821/973 962/773/915 
s 48
f 979/791/933 976/788/930 1217/854/974 1216/823/975 
f 971/783/925 973/785/927 1217/854/976 976/788/930 
f 973/785/927 975/787/929 1218/855/1050 1217/854/974 
f 1218/855/1051 975/787/929 960/768/910 959/767/909 
f 959/767/909 962/770/912 1216/823/975 1218/855/1050 
f 1216/823/975 1217/854/974 1218/855/1050 
f 1219/856/979 982/796/938 915/715/853 914/714/852 
f 1219/856/1009 914/714/852 918/718/856 1220/826/980 
s 49
f 966/776/918 1220/827/982 918/721/859 920/720/858 
s 48
f 1220/826/980 966/779/921 968/778/920 1221/857/1052 
f 968/778/920 970/782/924 983/797/939 1221/857/1053 
f 983/797/939 982/796/942 1219/856/1009 1221/857/1052 
f 1219/856/1009 1220/826/980 1221/857/1052 
s 52
f 1222/829/985 980/793/935 935/739/879 934/738/878 
s 48
f 1222/831/987 934/744/884 939/743/883 1223/858/1010 
f 981/795/937 1223/858/988 939/743/883 940/746/886 
f 1223/858/1010 981/795/941 984/798/940 1224/859/1022 
f 984/798/940 978/790/932 977/789/931 1224/859/1039 
f 980/792/934 1222/831/987 1224/859/1022 977/789/931 
f 1222/831/987 1223/858/1010 1224/859/1022 
s 58
f 1225/838/943 1001/732/870 991/719/857 989/722/860 
s 57
f 1225/840/1025 989/717/855 986/713/851 1226/839/991 
f 986/713/851 985/716/854 997/731/869 1226/839/1054 
f 997/727/865 996/726/864 1227/841/1055 1226/842/991 
f 996/726/864 995/725/863 1003/735/873 1227/841/948 
f 1227/841/1055 1003/735/873 1001/732/876 1225/838/1025 
f 1225/838/1025 1226/842/991 1227/841/1055 
f 998/730/868 999/729/867 1010/742/882 1228/843/1056 
f 1228/843/996 1010/742/882 1009/745/885 1229/844/1013 
s 61
f 1008/740/880 1016/750/894 1229/860/952 1009/800/881 
s 57
f 1016/750/890 1013/749/889 1230/846/1057 1229/860/1013 
f 1230/846/1058 1013/749/889 994/724/862 993/723/861 
f 993/723/861 998/728/866 1228/861/996 1230/846/1057 
f 1228/861/996 1229/860/1013 1230/846/1057 
f 1022/759/901 1231/848/1042 1028/764/906 1024/760/902 
f 1021/758/900 1232/812/1029 1231/848/998 1022/759/901 
s 58
f 1000/734/872 1002/733/871 1232/812/958 1021/755/897 
s 57
f 1002/733/875 1004/736/874 1233/849/959 1232/812/1029 
f 1233/849/960 1004/736/874 1005/737/877 1029/765/907 
f 1029/765/907 1028/764/906 1231/848/998 1233/849/959 
f 1231/848/998 1232/812/1029 1233/849/959 
s 61
f 1018/752/892 1034/774/916 1234/814/961 1017/751/893 
s 57
f 1034/771/913 1033/769/911 1235/850/1000 1234/814/1031 
f 1033/769/911 1027/763/905 1026/762/904 1235/850/1047 
f 1026/762/904 1030/766/908 1236/851/965 1235/850/1000 
f 1236/851/1033 1030/766/908 1015/748/888 1014/747/887 
f 1014/747/887 1017/751/891 1234/814/1031 1236/851/965 
f 1234/814/1031 1235/850/1000 1236/851/965 
f 1039/777/919 1237/852/967 1045/784/926 1041/781/923 
f 1039/777/919 1038/780/922 1238/818/968 1237/852/969 
s 58
f 1019/753/895 1238/819/970 1038/775/917 1020/754/896 
s 57
f 1019/757/899 1023/756/898 1239/853/1003 1238/818/968 
f 1239/853/1049 1023/756/898 1025/761/903 1046/786/928 
f 1046/786/928 1045/784/926 1237/852/969 1239/853/1003 
f 1237/852/969 1238/818/968 1239/853/1003 
s 61
f 1051/794/936 1240/821/973 1035/773/915 1036/772/914 
s 57
f 1051/791/933 1049/788/930 1241/854/1059 1240/823/975 
f 1043/785/927 1241/854/976 1049/788/930 1044/783/925 
f 1043/785/927 1047/787/929 1242/855/1006 1241/854/1059 
f 1242/855/1051 1047/787/929 1032/768/910 1031/767/909 
f 1242/855/1006 1031/767/909 1035/770/912 1240/823/975 
f 1240/823/975 1241/854/1059 1242/855/1006 
f 987/714/852 1243/856/979 1053/796/938 988/715/853 
f 987/714/852 990/718/856 1244/826/980 1243/856/1009 
s 58
f 1244/827/982 990/721/859 992/720/858 1037/776/918 
s 57
f 1037/779/921 1040/778/920 1245/857/1060 1244/826/980 
f 1055/797/939 1245/857/1038 1040/778/920 1042/782/924 
f 1055/797/939 1053/796/942 1243/856/1009 1245/857/1060 
f 1243/856/1009 1244/826/980 1245/857/1060 
s 61
f 1006/799/878 1246/829/985 1052/793/935 1007/739/879 
s 57
f 1006/744/884 1011/743/883 1247/858/1010 1246/831/987 
f 1054/795/937 1247/858/988 1011/743/883 1012/746/886 
f 1054/795/941 1056/798/940 1248/859/1024 1247/858/1010 
f 1056/798/940 1048/790/932 1050/789/931 1248/859/1039 
f 1050/789/931 1052/792/934 1246/831/987 1248/859/1024 
f 1246/831/987 1247/858/1010 1248/859/1024 
# 720 polygons - 64 triangles

#
# object BookShelf_Leg2
#

v  134.5488 147.6400 -124.4876
v  134.5488 147.6400 -94.9596
v  134.4755 147.6204 -94.9596
v  134.4755 147.6204 -124.4876
v  134.6025 147.6937 -124.4876
v  134.6025 147.6937 -94.9596
v  134.6222 147.7670 -124.4876
v  134.6222 147.7670 -94.9596
v  134.4755 147.6937 -124.6146
v  133.7909 147.6937 -124.6146
v  133.7909 147.7670 -124.6343
v  134.4755 147.7670 -124.6343
v  134.4755 147.6400 -124.5610
v  133.7909 147.6400 -124.5610
v  133.7909 147.6204 -124.4876
v  134.6025 147.7670 -124.5610
v  134.6025 148.4516 -124.5610
v  134.6222 148.4516 -124.4876
v  134.5488 147.7670 -124.6146
v  134.5488 148.4516 -124.6146
v  134.4755 148.4516 -124.6343
v  133.6639 147.6937 -124.4876
v  133.6639 147.6937 -94.9596
v  133.6442 147.7670 -94.9596
v  133.6442 147.7670 -124.4876
v  133.7176 147.6400 -124.4876
v  133.7176 147.6400 -94.9596
v  133.7909 147.6204 -94.9596
v  133.7176 147.7670 -124.6146
v  133.7176 148.4516 -124.6146
v  133.7909 148.4516 -124.6343
v  133.6639 147.7670 -124.5610
v  133.6639 148.4516 -124.5610
v  133.6442 148.4516 -124.4876
v  134.6025 148.5249 -124.4876
v  134.6025 148.5249 -94.9596
v  134.6222 148.4516 -94.9596
v  134.5488 148.5786 -124.4876
v  134.5488 148.5786 -94.9596
v  134.4755 148.5983 -124.4876
v  134.4755 148.5983 -94.9596
v  134.4755 148.5786 -124.5610
v  133.7909 148.5786 -124.5610
v  133.7909 148.5983 -124.4876
v  134.4755 148.5249 -124.6146
v  133.7909 148.5249 -124.6146
v  133.7176 148.5786 -124.4876
v  133.7176 148.5786 -94.9596
v  133.7909 148.5983 -94.9596
v  133.6639 148.5249 -124.4876
v  133.6639 148.5249 -94.9596
v  133.6442 148.4516 -94.9596
v  134.6025 148.4516 -94.8863
v  134.6025 147.7670 -94.8863
v  134.5488 148.4516 -94.8326
v  134.5488 147.7670 -94.8326
v  134.4755 148.4516 -94.8129
v  134.4755 147.7670 -94.8129
v  134.4755 148.5249 -94.8326
v  133.7909 148.5249 -94.8326
v  133.7909 148.4516 -94.8129
v  134.4755 148.5786 -94.8863
v  133.7909 148.5786 -94.8863
v  133.7176 148.4516 -94.8326
v  133.7176 147.7670 -94.8326
v  133.7909 147.7670 -94.8129
v  133.6639 148.4516 -94.8863
v  133.6639 147.7670 -94.8863
v  134.4755 147.6400 -94.8863
v  133.7909 147.6400 -94.8863
v  134.4755 147.6937 -94.8326
v  133.7909 147.6937 -94.8326
v  134.5488 112.3535 -94.9596
v  134.4755 112.3339 -94.9596
v  134.4755 112.3339 -124.4876
v  134.5488 112.3535 -124.4876
v  134.6025 112.4072 -124.4876
v  134.6025 112.4072 -94.9596
v  134.6222 112.4805 -124.4876
v  134.6222 112.4805 -94.9596
v  134.4755 112.4805 -124.6343
v  134.4755 112.4072 -124.6146
v  133.7909 112.4072 -124.6146
v  133.7909 112.4805 -124.6343
v  134.4755 112.3535 -124.5610
v  133.7909 112.3535 -124.5610
v  133.7909 112.3339 -124.4876
v  134.6025 113.1651 -124.5610
v  134.6222 113.1651 -124.4876
v  134.6025 112.4805 -124.5610
v  134.5488 113.1651 -124.6146
v  134.5488 112.4805 -124.6146
v  134.4755 113.1651 -124.6343
v  133.6639 112.4072 -94.9596
v  133.6442 112.4805 -94.9596
v  133.6442 112.4805 -124.4876
v  133.6639 112.4072 -124.4876
v  133.7176 112.3535 -94.9596
v  133.7176 112.3535 -124.4876
v  133.7909 112.3339 -94.9596
v  133.7176 113.1651 -124.6146
v  133.7909 113.1651 -124.6343
v  133.7176 112.4805 -124.6146
v  133.6639 112.4805 -124.5610
v  133.6639 113.1651 -124.5610
v  133.6442 113.1651 -124.4876
v  134.6025 113.2384 -124.4876
v  134.6025 113.2384 -94.9596
v  134.6222 113.1651 -94.9596
v  134.5488 113.2921 -124.4876
v  134.5488 113.2921 -94.9596
v  134.4755 113.3118 -124.4876
v  134.4755 113.3118 -94.9596
v  134.4755 113.2921 -124.5610
v  133.7909 113.2921 -124.5610
v  133.7909 113.3118 -124.4876
v  134.4755 113.2384 -124.6146
v  133.7909 113.2384 -124.6146
v  133.7176 113.2921 -94.9596
v  133.7909 113.3118 -94.9596
v  133.7176 113.2921 -124.4876
v  133.6639 113.2384 -124.4876
v  133.6639 113.2384 -94.9596
v  133.6442 113.1651 -94.9596
v  134.6025 113.1651 -94.8863
v  134.6025 112.4805 -94.8863
v  134.5488 113.1651 -94.8326
v  134.5488 112.4805 -94.8326
v  134.4755 113.1651 -94.8129
v  134.4755 112.4805 -94.8129
v  134.4755 113.2384 -94.8326
v  133.7909 113.2384 -94.8326
v  133.7909 113.1651 -94.8129
v  134.4755 113.2921 -94.8863
v  133.7909 113.2921 -94.8863
v  133.7176 112.4805 -94.8326
v  133.7909 112.4805 -94.8129
v  133.7176 113.1651 -94.8326
v  133.6639 113.1651 -94.8863
v  133.6639 112.4805 -94.8863
v  134.4755 112.3535 -94.8863
v  133.7909 112.3535 -94.8863
v  134.4755 112.4072 -94.8326
v  133.7909 112.4072 -94.8326
v  134.5488 77.0670 -124.4876
v  134.5488 77.0670 -94.9596
v  134.4755 77.0474 -94.9596
v  134.4755 77.0474 -124.4876
v  134.6025 77.1207 -124.4876
v  134.6025 77.1207 -94.9596
v  134.6222 77.1940 -124.4876
v  134.6222 77.1940 -94.9596
v  133.7909 77.1207 -124.6146
v  133.7909 77.1940 -124.6343
v  134.4755 77.1940 -124.6343
v  134.4755 77.1207 -124.6146
v  134.4755 77.0670 -124.5610
v  133.7909 77.0670 -124.5610
v  133.7909 77.0474 -124.4876
v  134.6025 77.1940 -124.5610
v  134.6025 77.8786 -124.5610
v  134.6222 77.8786 -124.4876
v  134.5488 77.1940 -124.6146
v  134.5488 77.8786 -124.6146
v  134.4755 77.8786 -124.6343
v  133.6639 77.1207 -94.9596
v  133.6442 77.1940 -94.9596
v  133.6442 77.1940 -124.4876
v  133.6639 77.1207 -124.4876
v  133.7176 77.0670 -124.4876
v  133.7176 77.0670 -94.9596
v  133.7909 77.0474 -94.9596
v  133.7176 77.8786 -124.6146
v  133.7909 77.8786 -124.6343
v  133.7176 77.1940 -124.6146
v  133.6639 77.1940 -124.5610
v  133.6639 77.8786 -124.5610
v  133.6442 77.8786 -124.4876
v  134.6025 77.9520 -94.9596
v  134.6222 77.8786 -94.9596
v  134.6025 77.9520 -124.4876
v  134.5488 78.0056 -94.9596
v  134.5488 78.0056 -124.4876
v  134.4755 78.0253 -124.4876
v  134.4755 78.0253 -94.9596
v  133.7909 78.0056 -124.5610
v  133.7909 78.0253 -124.4876
v  134.4755 78.0056 -124.5610
v  134.4755 77.9520 -124.6146
v  133.7909 77.9520 -124.6146
v  133.7176 78.0056 -94.9596
v  133.7909 78.0253 -94.9596
v  133.7176 78.0056 -124.4876
v  133.6639 77.9520 -124.4876
v  133.6639 77.9520 -94.9596
v  133.6442 77.8786 -94.9596
v  134.6025 77.1940 -94.8863
v  134.6025 77.8786 -94.8863
v  134.5488 77.8786 -94.8326
v  134.5488 77.1940 -94.8326
v  134.4755 77.8786 -94.8129
v  134.4755 77.1940 -94.8129
v  133.7909 77.8786 -94.8129
v  134.4755 77.9520 -94.8326
v  133.7909 77.9520 -94.8326
v  134.4755 78.0056 -94.8863
v  133.7909 78.0056 -94.8863
v  133.7176 77.8786 -94.8326
v  133.7176 77.1940 -94.8326
v  133.7909 77.1940 -94.8129
v  133.6639 77.8786 -94.8863
v  133.6639 77.1940 -94.8863
v  133.7909 77.0670 -94.8863
v  134.4755 77.0670 -94.8863
v  134.4755 77.1207 -94.8326
v  133.7909 77.1207 -94.8326
v  134.4755 41.7609 -124.4876
v  134.5488 41.7805 -124.4876
v  134.5488 41.7805 -94.9596
v  134.4755 41.7609 -94.9596
v  134.6025 41.8342 -124.4876
v  134.6025 41.8342 -94.9596
v  134.6222 41.9075 -124.4876
v  134.6222 41.9075 -94.9596
v  133.7909 41.8342 -124.6146
v  133.7909 41.9075 -124.6343
v  134.4755 41.9075 -124.6343
v  134.4755 41.8342 -124.6146
v  134.4755 41.7805 -124.5610
v  133.7909 41.7805 -124.5610
v  133.7909 41.7609 -124.4876
v  134.6222 42.5921 -124.4876
v  134.6025 41.9075 -124.5610
v  134.6025 42.5921 -124.5610
v  134.5488 41.9075 -124.6146
v  134.5488 42.5921 -124.6146
v  134.4755 42.5921 -124.6343
v  133.6639 41.8342 -94.9596
v  133.6442 41.9075 -94.9596
v  133.6442 41.9075 -124.4876
v  133.6639 41.8342 -124.4876
v  133.7176 41.7805 -124.4876
v  133.7176 41.7805 -94.9596
v  133.7909 41.7609 -94.9596
v  133.7176 41.9075 -124.6146
v  133.7176 42.5921 -124.6146
v  133.7909 42.5921 -124.6343
v  133.6639 41.9075 -124.5610
v  133.6639 42.5921 -124.5610
v  133.6442 42.5921 -124.4876
v  134.6025 42.6655 -94.9596
v  134.6222 42.5921 -94.9596
v  134.6025 42.6655 -124.4876
v  134.5488 42.7192 -124.4876
v  134.5488 42.7192 -94.9596
v  134.4755 42.7388 -124.4876
v  134.4755 42.7388 -94.9596
v  133.7909 42.7192 -124.5610
v  133.7909 42.7388 -124.4876
v  134.4755 42.7192 -124.5610
v  134.4755 42.6655 -124.6146
v  133.7909 42.6655 -124.6146
v  133.7176 42.7192 -94.9596
v  133.7909 42.7388 -94.9596
v  133.7176 42.7192 -124.4876
v  133.6639 42.6655 -124.4876
v  133.6639 42.6655 -94.9596
v  133.6442 42.5921 -94.9596
v  134.6025 41.9075 -94.8863
v  134.6025 42.5921 -94.8863
v  134.5488 42.5921 -94.8326
v  134.5488 41.9075 -94.8326
v  134.4755 42.5921 -94.8129
v  134.4755 41.9075 -94.8129
v  133.7909 42.6655 -94.8326
v  133.7909 42.5921 -94.8129
v  134.4755 42.6655 -94.8326
v  134.4755 42.7192 -94.8863
v  133.7909 42.7192 -94.8863
v  133.7909 41.9075 -94.8129
v  133.7176 42.5921 -94.8326
v  133.7176 41.9075 -94.8326
v  133.6639 42.5921 -94.8863
v  133.6639 41.9075 -94.8863
v  134.4755 41.7805 -94.8863
v  133.7909 41.7805 -94.8863
v  134.4755 41.8342 -94.8326
v  133.7909 41.8342 -94.8326
v  134.5488 6.4940 -124.4876
v  134.5488 6.4940 -94.9596
v  134.4755 6.4744 -94.9596
v  134.4755 6.4744 -124.4876
v  134.6025 6.5477 -124.4876
v  134.6025 6.5477 -94.9596
v  134.6222 6.6210 -124.4876
v  134.6222 6.6210 -94.9596
v  134.4755 6.5477 -124.6146
v  133.7909 6.5477 -124.6146
v  133.7909 6.6210 -124.6343
v  134.4755 6.6210 -124.6343
v  134.4755 6.4940 -124.5610
v  133.7909 6.4940 -124.5610
v  133.7909 6.4744 -124.4876
v  134.6025 6.6210 -124.5610
v  134.6025 7.3056 -124.5610
v  134.6222 7.3056 -124.4876
v  134.5488 6.6210 -124.6146
v  134.5488 7.3056 -124.6146
v  134.4755 7.3056 -124.6343
v  133.6639 6.5477 -124.4876
v  133.6639 6.5477 -94.9596
v  133.6442 6.6210 -94.9596
v  133.6442 6.6210 -124.4876
v  133.7176 6.4940 -124.4876
v  133.7176 6.4940 -94.9596
v  133.7909 6.4744 -94.9596
v  133.7176 6.6210 -124.6146
v  133.7176 7.3056 -124.6146
v  133.7909 7.3056 -124.6343
v  133.6639 6.6210 -124.5610
v  133.6639 7.3056 -124.5610
v  133.6442 7.3056 -124.4876
v  134.6025 7.3790 -124.4876
v  134.6025 7.3790 -94.9596
v  134.6222 7.3056 -94.9596
v  134.5488 7.4327 -124.4876
v  134.5488 7.4327 -94.9596
v  134.4755 7.4523 -124.4876
v  134.4755 7.4523 -94.9596
v  134.4755 7.4327 -124.5610
v  133.7909 7.4327 -124.5610
v  133.7909 7.4523 -124.4876
v  134.4755 7.3790 -124.6146
v  133.7909 7.3790 -124.6146
v  133.7176 7.4327 -124.4876
v  133.7176 7.4327 -94.9596
v  133.7909 7.4523 -94.9596
v  133.6639 7.3790 -124.4876
v  133.6639 7.3790 -94.9596
v  133.6442 7.3056 -94.9596
v  134.6025 7.3056 -94.8863
v  134.6025 6.6210 -94.8863
v  134.5488 7.3056 -94.8326
v  134.5488 6.6210 -94.8326
v  134.4755 7.3056 -94.8129
v  134.4755 6.6210 -94.8129
v  134.4755 7.3790 -94.8326
v  133.7909 7.3790 -94.8326
v  133.7909 7.3056 -94.8129
v  134.4755 7.4327 -94.8863
v  133.7909 7.4327 -94.8863
v  133.7176 7.3056 -94.8326
v  133.7176 6.6210 -94.8326
v  133.7909 6.6210 -94.8129
v  133.6639 7.3056 -94.8863
v  133.6639 6.6210 -94.8863
v  134.4755 6.4940 -94.8863
v  133.7909 6.4940 -94.8863
v  134.4755 6.5477 -94.8326
v  133.7909 6.5477 -94.8326
v  134.5488 -28.7925 -94.9596
v  134.4755 -28.8121 -94.9596
v  134.4755 -28.8121 -124.4876
v  134.5488 -28.7925 -124.4876
v  134.6025 -28.7388 -124.4876
v  134.6025 -28.7388 -94.9596
v  134.6222 -28.6655 -124.4876
v  134.6222 -28.6655 -94.9596
v  134.4755 -28.6655 -124.6343
v  134.4755 -28.7388 -124.6146
v  133.7909 -28.7388 -124.6146
v  133.7909 -28.6655 -124.6343
v  134.4755 -28.7925 -124.5610
v  133.7909 -28.7925 -124.5610
v  133.7909 -28.8121 -124.4876
v  134.6025 -27.9809 -124.5610
v  134.6222 -27.9809 -124.4876
v  134.6025 -28.6655 -124.5610
v  134.5488 -27.9809 -124.6146
v  134.5488 -28.6655 -124.6146
v  134.4755 -27.9809 -124.6343
v  133.6442 -28.6655 -124.4876
v  133.6639 -28.7388 -124.4876
v  133.6639 -28.7388 -94.9596
v  133.6442 -28.6655 -94.9596
v  133.7176 -28.7925 -124.4876
v  133.7176 -28.7925 -94.9596
v  133.7909 -28.8121 -94.9596
v  133.7176 -28.6655 -124.6146
v  133.7176 -27.9809 -124.6146
v  133.7909 -27.9809 -124.6343
v  133.6639 -28.6655 -124.5610
v  133.6639 -27.9809 -124.5610
v  133.6442 -27.9809 -124.4876
v  134.6025 -27.9075 -124.4876
v  134.6025 -27.9075 -94.9596
v  134.6222 -27.9809 -94.9596
v  134.5488 -27.8538 -124.4876
v  134.5488 -27.8538 -94.9596
v  134.4755 -27.8342 -124.4876
v  134.4755 -27.8342 -94.9596
v  134.4755 -27.8538 -124.5610
v  133.7909 -27.8538 -124.5610
v  133.7909 -27.8342 -124.4876
v  134.4755 -27.9075 -124.6146
v  133.7909 -27.9075 -124.6146
v  133.7176 -27.8538 -94.9596
v  133.7909 -27.8342 -94.9596
v  133.7176 -27.8538 -124.4876
v  133.6639 -27.9075 -124.4876
v  133.6639 -27.9075 -94.9596
v  133.6442 -27.9809 -94.9596
v  134.6025 -27.9809 -94.8863
v  134.6025 -28.6655 -94.8863
v  134.5488 -27.9809 -94.8326
v  134.5488 -28.6655 -94.8326
v  134.4755 -27.9809 -94.8129
v  134.4755 -28.6655 -94.8129
v  134.4755 -27.9075 -94.8326
v  133.7909 -27.9075 -94.8326
v  133.7909 -27.9809 -94.8129
v  134.4755 -27.8538 -94.8863
v  133.7909 -27.8538 -94.8863
v  133.7176 -28.6655 -94.8326
v  133.7909 -28.6655 -94.8129
v  133.7176 -27.9809 -94.8326
v  133.6639 -27.9809 -94.8863
v  133.6639 -28.6655 -94.8863
v  134.4755 -28.7925 -94.8863
v  133.7909 -28.7925 -94.8863
v  134.4755 -28.7388 -94.8326
v  133.7909 -28.7388 -94.8326
v  134.6953 -31.2721 -125.3829
v  134.6953 -31.2721 -124.4053
v  134.6220 -31.2918 -124.4053
v  134.6220 -31.2918 -125.3829
v  134.7490 -31.2184 -125.3829
v  134.7490 -31.2184 -124.4053
v  134.7687 -31.1451 -125.3829
v  134.7687 -31.1451 -124.4053
v  133.6444 -31.2184 -125.5099
v  133.6444 -31.1451 -125.5296
v  134.6220 -31.1451 -125.5296
v  134.6220 -31.2184 -125.5099
v  134.6220 -31.2721 -125.4563
v  133.6444 -31.2721 -125.4563
v  133.6444 -31.2918 -125.3829
v  134.7490 -31.1451 -125.4563
v  134.7490 157.8245 -125.4563
v  134.7687 157.8245 -125.3829
v  134.6953 -31.1451 -125.5099
v  134.6953 157.8245 -125.5099
v  134.6220 157.8245 -125.5296
v  133.5174 -31.2184 -124.4053
v  133.4977 -31.1451 -124.4053
v  133.4977 -31.1451 -125.3829
v  133.5174 -31.2184 -125.3829
v  133.5710 -31.2721 -125.3829
v  133.5710 -31.2721 -124.4053
v  133.6444 -31.2918 -124.4053
v  133.5710 157.8245 -125.5099
v  133.6444 157.8245 -125.5296
v  133.5710 -31.1451 -125.5099
v  133.5174 -31.1451 -125.4563
v  133.5174 157.8245 -125.4563
v  133.4977 157.8245 -125.3829
v  134.7490 157.8979 -124.4053
v  134.7687 157.8245 -124.4053
v  134.7490 157.8979 -125.3829
v  134.6953 157.9516 -124.4053
v  134.6953 157.9516 -125.3829
v  134.6220 157.9712 -125.3829
v  134.6220 157.9712 -124.4053
v  133.6444 157.9516 -125.4563
v  133.6444 157.9712 -125.3829
v  134.6220 157.9516 -125.4563
v  134.6220 157.8979 -125.5099
v  133.6444 157.8979 -125.5099
v  133.5710 157.9516 -124.4053
v  133.6444 157.9712 -124.4053
v  133.5710 157.9516 -125.3829
v  133.5174 157.8979 -124.4053
v  133.5174 157.8979 -125.3829
v  133.4977 157.8245 -124.4053
v  134.7490 157.8245 -124.3320
v  134.7490 -31.1451 -124.3320
v  134.6953 157.8245 -124.2783
v  134.6953 -31.1451 -124.2783
v  134.6220 157.8245 -124.2587
v  134.6220 -31.1451 -124.2587
v  133.6444 157.8245 -124.2587
v  134.6220 157.8979 -124.2783
v  133.6444 157.8979 -124.2783
v  134.6220 157.9516 -124.3320
v  133.6444 157.9516 -124.3320
v  133.5710 157.8245 -124.2783
v  133.5710 -31.1451 -124.2783
v  133.6444 -31.1451 -124.2587
v  133.5174 157.8245 -124.3320
v  133.5174 -31.1451 -124.3320
v  133.6444 -31.2721 -124.3320
v  134.6220 -31.2721 -124.3320
v  134.6220 -31.2184 -124.2783
v  133.6444 -31.2184 -124.2783
v  134.6220 -31.2918 -94.9530
v  134.6953 -31.2721 -94.9530
v  134.6953 -31.2721 -93.9754
v  134.6220 -31.2918 -93.9754
v  134.7490 -31.2184 -94.9530
v  134.7490 -31.2184 -93.9754
v  134.7687 -31.1451 -94.9530
v  134.7687 -31.1451 -93.9754
v  133.6444 -31.2184 -95.0801
v  133.6444 -31.1451 -95.0997
v  134.6220 -31.1451 -95.0997
v  134.6220 -31.2184 -95.0801
v  134.6220 -31.2721 -95.0264
v  133.6444 -31.2721 -95.0264
v  133.6444 -31.2918 -94.9530
v  134.7687 157.8245 -94.9530
v  134.7490 -31.1451 -95.0264
v  134.7490 157.8245 -95.0264
v  134.6953 -31.1451 -95.0801
v  134.6953 157.8245 -95.0801
v  134.6220 157.8245 -95.0997
v  133.5174 -31.2184 -93.9754
v  133.4977 -31.1451 -93.9754
v  133.4977 -31.1451 -94.9530
v  133.5174 -31.2184 -94.9530
v  133.5711 -31.2721 -94.9530
v  133.5711 -31.2721 -93.9754
v  133.6444 -31.2918 -93.9754
v  133.5711 -31.1451 -95.0801
v  133.5711 157.8245 -95.0801
v  133.6444 157.8245 -95.0997
v  133.5174 -31.1451 -95.0264
v  133.5174 157.8245 -95.0264
v  133.4977 157.8245 -94.9530
v  134.7490 157.8979 -93.9754
v  134.7687 157.8245 -93.9754
v  134.7490 157.8979 -94.9530
v  134.6953 157.9516 -94.9530
v  134.6953 157.9516 -93.9754
v  134.6220 157.9712 -94.9530
v  134.6220 157.9712 -93.9754
v  133.6444 157.9516 -95.0264
v  133.6444 157.9712 -94.9530
v  134.6220 157.9516 -95.0264
v  134.6220 157.8979 -95.0801
v  133.6444 157.8979 -95.0801
v  133.5711 157.9516 -93.9754
v  133.6444 157.9712 -93.9754
v  133.5711 157.9516 -94.9530
v  133.5174 157.8979 -94.9530
v  133.5174 157.8979 -93.9754
v  133.4977 157.8245 -93.9754
v  134.7490 -31.1451 -93.9021
v  134.7490 157.8245 -93.9021
v  134.6953 157.8245 -93.8484
v  134.6953 -31.1451 -93.8484
v  134.6220 157.8245 -93.8288
v  134.6220 -31.1451 -93.8288
v  133.6444 157.8979 -93.8484
v  133.6444 157.8245 -93.8288
v  134.6220 157.8979 -93.8484
v  134.6220 157.9516 -93.9021
v  133.6444 157.9516 -93.9021
v  133.6444 -31.1451 -93.8288
v  133.5711 157.8245 -93.8484
v  133.5711 -31.1451 -93.8484
v  133.5174 157.8245 -93.9021
v  133.5174 -31.1451 -93.9021
v  134.6220 -31.2721 -93.9021
v  133.6444 -31.2721 -93.9021
v  134.6220 -31.2184 -93.8484
v  133.6444 -31.2184 -93.8484
v  134.5915 147.7037 -124.5510
v  134.5389 147.6510 -124.5510
v  134.5389 147.7037 -124.6036
v  133.7275 147.6510 -124.5510
v  133.6749 147.7037 -124.5510
v  133.7275 147.7037 -124.6036
v  134.5389 148.5676 -124.5510
v  134.5915 148.5150 -124.5510
v  134.5389 148.5150 -124.6036
v  133.6749 148.5150 -124.5510
v  133.7275 148.5676 -124.5510
v  133.7275 148.5150 -124.6036
v  134.5389 148.5150 -94.8436
v  134.5915 148.5150 -94.8962
v  134.5389 148.5676 -94.8962
v  133.6749 148.5150 -94.8962
v  133.7275 148.5150 -94.8436
v  133.7275 148.5676 -94.8962
v  134.5389 147.6510 -94.8962
v  134.5915 147.7037 -94.8962
v  134.5389 147.7037 -94.8436
v  133.6749 147.7037 -94.8962
v  133.7275 147.6510 -94.8962
v  133.7275 147.7037 -94.8436
v  134.5915 112.4172 -124.5510
v  134.5389 112.3645 -124.5510
v  134.5389 112.4172 -124.6036
v  133.7275 112.3645 -124.5510
v  133.6749 112.4172 -124.5510
v  133.7275 112.4172 -124.6036
v  134.5389 113.2811 -124.5510
v  134.5915 113.2285 -124.5510
v  134.5389 113.2285 -124.6036
v  133.6749 113.2285 -124.5510
v  133.7275 113.2811 -124.5510
v  133.7275 113.2285 -124.6036
v  134.5389 113.2285 -94.8436
v  134.5915 113.2285 -94.8962
v  134.5389 113.2811 -94.8962
v  133.6749 113.2285 -94.8962
v  133.7275 113.2285 -94.8436
v  133.7275 113.2811 -94.8962
v  134.5389 112.3645 -94.8962
v  134.5915 112.4172 -94.8962
v  134.5389 112.4172 -94.8436
v  133.6749 112.4172 -94.8962
v  133.7275 112.3645 -94.8962
v  133.7275 112.4172 -94.8436
v  134.5915 77.1307 -124.5510
v  134.5389 77.0780 -124.5510
v  134.5389 77.1307 -124.6036
v  133.7275 77.0780 -124.5510
v  133.6749 77.1307 -124.5510
v  133.7275 77.1307 -124.6036
v  134.5389 77.9946 -124.5510
v  134.5915 77.9420 -124.5510
v  134.5389 77.9420 -124.6036
v  133.6749 77.9420 -124.5510
v  133.7275 77.9946 -124.5510
v  133.7275 77.9420 -124.6036
v  134.5389 77.9420 -94.8436
v  134.5915 77.9420 -94.8962
v  134.5389 77.9946 -94.8962
v  133.6749 77.9420 -94.8962
v  133.7275 77.9420 -94.8436
v  133.7275 77.9946 -94.8962
v  134.5389 77.0780 -94.8962
v  134.5915 77.1307 -94.8962
v  134.5389 77.1307 -94.8436
v  133.6749 77.1307 -94.8962
v  133.7275 77.0780 -94.8962
v  133.7275 77.1307 -94.8436
v  134.5915 41.8442 -124.5510
v  134.5389 41.7916 -124.5510
v  134.5389 41.8442 -124.6036
v  133.7275 41.7916 -124.5510
v  133.6749 41.8442 -124.5510
v  133.7275 41.8442 -124.6036
v  134.5389 42.7081 -124.5510
v  134.5915 42.6555 -124.5510
v  134.5389 42.6555 -124.6036
v  133.6749 42.6555 -124.5510
v  133.7275 42.7081 -124.5510
v  133.7275 42.6555 -124.6036
v  134.5389 42.6555 -94.8436
v  134.5915 42.6555 -94.8962
v  134.5389 42.7081 -94.8962
v  133.6749 42.6555 -94.8962
v  133.7275 42.6555 -94.8436
v  133.7275 42.7081 -94.8962
v  134.5389 41.7916 -94.8962
v  134.5915 41.8442 -94.8962
v  134.5389 41.8442 -94.8436
v  133.6749 41.8442 -94.8962
v  133.7275 41.7916 -94.8962
v  133.7275 41.8442 -94.8436
v  134.5915 6.5577 -124.5510
v  134.5389 6.5051 -124.5510
v  134.5389 6.5577 -124.6036
v  133.7275 6.5051 -124.5510
v  133.6749 6.5577 -124.5510
v  133.7275 6.5577 -124.6036
v  134.5389 7.4216 -124.5510
v  134.5915 7.3690 -124.5510
v  134.5389 7.3690 -124.6036
v  133.6749 7.3690 -124.5510
v  133.7275 7.4216 -124.5510
v  133.7275 7.3690 -124.6036
v  134.5389 7.3690 -94.8436
v  134.5915 7.3690 -94.8962
v  134.5389 7.4216 -94.8962
v  133.6749 7.3690 -94.8962
v  133.7275 7.3690 -94.8436
v  133.7275 7.4216 -94.8962
v  134.5389 6.5051 -94.8962
v  134.5915 6.5577 -94.8962
v  134.5389 6.5577 -94.8436
v  133.6749 6.5577 -94.8962
v  133.7275 6.5051 -94.8962
v  133.7275 6.5577 -94.8436
v  134.5915 -28.7288 -124.5510
v  134.5389 -28.7814 -124.5510
v  134.5389 -28.7288 -124.6036
v  133.7275 -28.7814 -124.5510
v  133.6749 -28.7288 -124.5510
v  133.7275 -28.7288 -124.6036
v  134.5389 -27.8649 -124.5510
v  134.5915 -27.9175 -124.5510
v  134.5389 -27.9175 -124.6036
v  133.6749 -27.9175 -124.5510
v  133.7275 -27.8649 -124.5510
v  133.7275 -27.9175 -124.6036
v  134.5389 -27.9175 -94.8436
v  134.5915 -27.9175 -94.8962
v  134.5389 -27.8649 -94.8962
v  133.6749 -27.9175 -94.8962
v  133.7275 -27.9175 -94.8436
v  133.7275 -27.8649 -94.8962
v  134.5389 -28.7814 -94.8962
v  134.5915 -28.7288 -94.8962
v  134.5389 -28.7288 -94.8436
v  133.6749 -28.7288 -94.8962
v  133.7275 -28.7814 -94.8962
v  133.7275 -28.7288 -94.8436
v  134.7380 -31.2085 -125.4463
v  134.6854 -31.2611 -125.4463
v  134.6854 -31.2085 -125.4989
v  133.5810 -31.2611 -125.4463
v  133.5284 -31.2085 -125.4463
v  133.5810 -31.2085 -125.4989
v  134.6854 157.9405 -125.4463
v  134.7380 157.8879 -125.4463
v  134.6854 157.8879 -125.4989
v  133.5284 157.8879 -125.4463
v  133.5810 157.9405 -125.4463
v  133.5810 157.8879 -125.4989
v  134.6854 157.8879 -124.2893
v  134.7380 157.8879 -124.3420
v  134.6854 157.9405 -124.3420
v  133.5284 157.8879 -124.3420
v  133.5810 157.8879 -124.2893
v  133.5810 157.9405 -124.3420
v  134.6854 -31.2611 -124.3420
v  134.7380 -31.2085 -124.3420
v  134.6854 -31.2085 -124.2893
v  133.5284 -31.2085 -124.3420
v  133.5810 -31.2611 -124.3420
v  133.5810 -31.2085 -124.2893
v  134.7380 -31.2085 -95.0164
v  134.6854 -31.2611 -95.0164
v  134.6854 -31.2085 -95.0690
v  133.5810 -31.2611 -95.0164
v  133.5284 -31.2085 -95.0164
v  133.5810 -31.2085 -95.0690
v  134.6854 157.9405 -95.0164
v  134.7380 157.8879 -95.0164
v  134.6854 157.8879 -95.0690
v  133.5284 157.8879 -95.0164
v  133.5810 157.9405 -95.0164
v  133.5810 157.8879 -95.0690
v  134.6854 157.8879 -93.8595
v  134.7380 157.8879 -93.9121
v  134.6854 157.9405 -93.9121
v  133.5284 157.8879 -93.9121
v  133.5810 157.8879 -93.8595
v  133.5810 157.9405 -93.9121
v  134.6854 -31.2611 -93.9121
v  134.7380 -31.2085 -93.9121
v  134.6854 -31.2085 -93.8595
v  133.5284 -31.2085 -93.9121
v  133.5810 -31.2611 -93.9121
v  133.5810 -31.2085 -93.8595
# 768 vertices

vn -0.5000 -0.8660 0.0005
vn -0.5000 -0.8660 -0.0005
vn -0.0259 -0.9997 -0.0006
vn -0.0259 -0.9997 0.0006
vn -0.7071 -0.7071 0.0005
vn -0.7071 -0.7071 -0.0005
vn -0.9997 -0.0259 0.0006
vn -0.9997 -0.0259 -0.0006
vn -0.9659 -0.2588 -0.0005
vn -0.9659 -0.2588 0.0005
vn -0.0198 -0.4997 0.8660
vn 0.0198 -0.4997 0.8660
vn 0.0253 -0.0253 0.9994
vn -0.0253 -0.0253 0.9994
vn -0.0197 -0.8660 0.4996
vn 0.0197 -0.8660 0.4996
vn 0.0259 -0.9997 0.0006
vn -0.9663 -0.0186 0.2569
vn -0.9663 0.0186 0.2569
vn -0.9997 0.0259 0.0006
vn -0.4996 -0.0197 0.8660
vn -0.4996 0.0197 0.8660
vn -0.7069 0.0195 0.7070
vn -0.7069 -0.0195 0.7070
vn -0.0253 0.0253 0.9994
vn 0.9659 -0.2588 0.0005
vn 0.9659 -0.2588 -0.0005
vn 0.9997 -0.0259 -0.0006
vn 0.9997 -0.0259 0.0006
vn 0.5000 -0.8660 0.0005
vn 0.5000 -0.8660 -0.0005
vn 0.7071 -0.7071 -0.0005
vn 0.7071 -0.7071 0.0005
vn 0.0259 -0.9997 -0.0006
vn 0.4996 -0.0197 0.8660
vn 0.4996 0.0197 0.8660
vn 0.0253 0.0253 0.9994
vn 0.7069 -0.0195 0.7070
vn 0.7069 0.0195 0.7070
vn 0.9997 0.0259 0.0006
vn 0.9663 0.0186 0.2569
vn 0.9663 -0.0186 0.2569
vn -0.9659 0.2588 0.0005
vn -0.9659 0.2588 -0.0005
vn -0.9997 0.0259 -0.0006
vn -0.5000 0.8660 0.0005
vn -0.5000 0.8660 -0.0005
vn -0.7071 0.7071 -0.0005
vn -0.7071 0.7071 0.0005
vn -0.0259 0.9997 0.0006
vn -0.0259 0.9997 -0.0006
vn -0.0197 0.8661 0.4995
vn 0.0197 0.8661 0.4995
vn 0.0259 0.9997 0.0006
vn -0.0198 0.4997 0.8660
vn 0.0198 0.4997 0.8660
vn 0.5000 0.8660 0.0005
vn 0.5000 0.8660 -0.0005
vn 0.0259 0.9997 -0.0006
vn 0.7071 0.7071 0.0005
vn 0.7071 0.7071 -0.0005
vn 0.9997 0.0259 -0.0006
vn 0.9659 0.2588 -0.0005
vn 0.9659 0.2588 0.0005
vn -0.9663 0.0186 -0.2569
vn -0.9663 -0.0186 -0.2569
vn -0.4996 0.0197 -0.8660
vn -0.4996 -0.0197 -0.8660
vn -0.7069 -0.0195 -0.7070
vn -0.7069 0.0195 -0.7070
vn -0.0253 0.0253 -0.9994
vn -0.0253 -0.0253 -0.9994
vn -0.0197 0.4997 -0.8660
vn 0.0197 0.4997 -0.8660
vn 0.0253 0.0253 -0.9994
vn -0.0197 0.8661 -0.4995
vn 0.0197 0.8661 -0.4995
vn 0.4996 0.0197 -0.8660
vn 0.4996 -0.0197 -0.8660
vn 0.0253 -0.0253 -0.9994
vn 0.7069 0.0195 -0.7070
vn 0.7069 -0.0195 -0.7070
vn 0.9663 -0.0186 -0.2569
vn 0.9663 0.0186 -0.2569
vn -0.0197 -0.8660 -0.4996
vn 0.0197 -0.8660 -0.4996
vn -0.0197 -0.4997 -0.8660
vn 0.0197 -0.4997 -0.8660
vn -0.0198 -0.4996 0.8660
vn 0.0197 -0.4996 0.8660
vn -0.4996 0.0198 0.8660
vn -0.7070 0.0195 0.7070
vn -0.7070 -0.0195 0.7070
vn 0.4996 -0.0198 0.8660
vn 0.7070 -0.0195 0.7070
vn 0.7070 0.0195 0.7070
vn -0.0197 0.8660 0.4996
vn 0.0197 0.8660 0.4996
vn -0.0197 0.4996 0.8660
vn 0.0198 0.4996 0.8660
vn -0.4996 -0.0198 -0.8660
vn -0.0197 0.4996 -0.8660
vn 0.0197 0.4996 -0.8660
vn -0.0197 0.8660 -0.4996
vn 0.0197 0.8660 -0.4996
vn 0.4996 0.0198 -0.8660
vn -0.0197 -0.4996 -0.8660
vn 0.0197 -0.4996 -0.8660
vn -0.8660 -0.5000 0.0005
vn -0.8660 -0.5000 -0.0005
vn -0.0195 -0.7069 0.7070
vn 0.0195 -0.7069 0.7070
vn 0.0186 -0.9663 0.2569
vn -0.0186 -0.9663 0.2569
vn 0.8660 -0.5000 -0.0005
vn 0.8660 -0.5000 0.0005
vn -0.8660 0.5000 -0.0005
vn -0.8660 0.5000 0.0005
vn 0.0186 0.9663 0.2569
vn -0.0186 0.9663 0.2569
vn 0.0195 0.7069 0.7070
vn -0.0195 0.7069 0.7070
vn 0.8660 0.5000 0.0005
vn 0.8660 0.5000 -0.0005
vn -0.0195 0.7069 -0.7070
vn 0.0195 0.7069 -0.7070
vn -0.0186 0.9663 -0.2569
vn 0.0186 0.9663 -0.2569
vn 0.0186 -0.9663 -0.2569
vn -0.0186 -0.9663 -0.2569
vn 0.0195 -0.7069 -0.7070
vn -0.0195 -0.7069 -0.7070
vn -0.2588 -0.9659 0.0005
vn -0.2588 -0.9659 -0.0005
vn -0.0197 -0.4996 0.8660
vn 0.2588 -0.9659 -0.0005
vn 0.2588 -0.9659 0.0005
vn -0.2588 0.9659 -0.0005
vn -0.2588 0.9659 0.0005
vn 0.0197 0.4996 0.8660
vn 0.2588 0.9659 0.0005
vn 0.2588 0.9659 -0.0005
vn -0.0198 0.4996 -0.8660
vn 0.0198 -0.4996 -0.8660
vn -0.7070 -0.0195 -0.7070
vn -0.7070 0.0195 -0.7070
vn 0.0198 0.4996 -0.8660
vn 0.7070 0.0195 -0.7070
vn 0.7070 -0.0195 -0.7070
vn -0.0198 -0.4996 -0.8660
vn -0.4997 -0.8661 0.0142
vn -0.4997 -0.8661 -0.0142
vn -0.0184 -0.9997 -0.0184
vn -0.0184 -0.9997 0.0184
vn -0.7070 -0.7070 0.0140
vn -0.7070 -0.7070 -0.0140
vn -0.9998 -0.0001 0.0187
vn -0.9998 -0.0001 -0.0187
vn -0.9662 -0.2575 -0.0133
vn -0.9662 -0.2575 0.0133
vn 0.0142 -0.4997 0.8661
vn 0.0187 -0.0001 0.9998
vn -0.0187 -0.0001 0.9998
vn -0.0142 -0.4997 0.8661
vn -0.0140 -0.7070 0.7071
vn 0.0140 -0.7070 0.7071
vn 0.0184 -0.9997 0.0184
vn 0.0133 -0.9662 0.2575
vn -0.0133 -0.9662 0.2575
vn -0.9659 -0.0001 0.2588
vn -0.9659 0.0001 0.2588
vn -0.9998 0.0001 0.0187
vn -0.5000 -0.0001 0.8660
vn -0.5000 0.0001 0.8660
vn -0.7071 0.0001 0.7071
vn -0.7071 -0.0001 0.7071
vn -0.0187 0.0001 0.9998
vn 0.9662 -0.2575 -0.0133
vn 0.9998 -0.0001 -0.0187
vn 0.9998 -0.0001 0.0187
vn 0.9662 -0.2575 0.0133
vn 0.4997 -0.8661 0.0142
vn 0.4997 -0.8661 -0.0142
vn 0.7070 -0.7070 -0.0140
vn 0.7070 -0.7070 0.0140
vn 0.0184 -0.9997 -0.0184
vn 0.5000 0.0001 0.8660
vn 0.0187 0.0001 0.9998
vn 0.5000 -0.0001 0.8660
vn 0.7071 -0.0001 0.7071
vn 0.7071 0.0001 0.7071
vn 0.9998 0.0001 0.0187
vn 0.9659 0.0001 0.2588
vn 0.9659 -0.0001 0.2588
vn -0.9662 0.2575 -0.0133
vn -0.9998 0.0001 -0.0187
vn -0.9662 0.2575 0.0134
vn -0.4997 0.8661 -0.0142
vn -0.7070 0.7071 -0.0140
vn -0.7070 0.7071 0.0140
vn -0.4997 0.8661 0.0142
vn -0.0184 0.9997 0.0184
vn -0.0184 0.9997 -0.0184
vn 0.0142 0.8661 0.4997
vn 0.0184 0.9997 0.0184
vn -0.0142 0.8661 0.4997
vn -0.0142 0.4998 0.8660
vn 0.0142 0.4998 0.8660
vn 0.4997 0.8661 -0.0142
vn 0.0184 0.9997 -0.0184
vn 0.4997 0.8661 0.0142
vn 0.7070 0.7071 -0.0140
vn 0.7070 0.7071 0.0140
vn 0.9998 0.0001 -0.0187
vn 0.9662 0.2575 -0.0133
vn 0.9662 0.2575 0.0133
vn -0.9659 0.0001 -0.2588
vn -0.9659 -0.0001 -0.2588
vn -0.5000 0.0001 -0.8660
vn -0.5000 -0.0001 -0.8660
vn -0.7071 -0.0001 -0.7071
vn -0.7071 0.0001 -0.7071
vn -0.0187 0.0001 -0.9998
vn -0.0187 -0.0001 -0.9998
vn 0.0187 0.0001 -0.9998
vn -0.0142 0.4998 -0.8660
vn 0.0142 0.4998 -0.8660
vn -0.0142 0.8661 -0.4997
vn 0.0142 0.8661 -0.4997
vn 0.5000 0.0001 -0.8660
vn 0.5000 -0.0001 -0.8660
vn 0.0187 -0.0001 -0.9998
vn 0.7071 0.0001 -0.7071
vn 0.7071 -0.0001 -0.7071
vn 0.9659 -0.0001 -0.2588
vn 0.9659 0.0001 -0.2588
vn 0.0133 -0.9662 -0.2575
vn -0.0133 -0.9662 -0.2575
vn -0.0142 -0.4997 -0.8661
vn 0.0142 -0.4997 -0.8661
vn 0.0140 -0.7070 -0.7071
vn -0.0140 -0.7070 -0.7071
vn -0.9662 0.2575 0.0133
vn -0.9461 -0.2290 0.2290
vn -0.7078 -0.4996 0.4995
vn -0.4995 -0.7079 0.4995
vn -0.2290 -0.9461 0.2290
vn -0.4994 -0.4995 0.7079
vn -0.2291 -0.2290 0.9461
vn 0.2290 -0.9461 0.2290
vn 0.7078 -0.4996 0.4995
vn 0.4995 -0.7079 0.4994
vn 0.9461 -0.2290 0.2290
vn 0.4994 -0.4995 0.7079
vn 0.2291 -0.2291 0.9461
vn -0.2290 0.9461 0.2289
vn -0.4995 0.7079 0.4994
vn -0.7078 0.4996 0.4995
vn -0.9461 0.2290 0.2290
vn -0.4994 0.4995 0.7079
vn -0.2290 0.2290 0.9461
vn 0.9461 0.2290 0.2290
vn 0.7078 0.4996 0.4995
vn 0.4995 0.7079 0.4995
vn 0.2290 0.9461 0.2288
vn 0.4994 0.4995 0.7079
vn 0.2291 0.2290 0.9461
vn -0.2290 0.2290 -0.9461
vn -0.7078 0.4995 -0.4995
vn -0.4994 0.4995 -0.7079
vn -0.9461 0.2290 -0.2290
vn -0.4995 0.7079 -0.4995
vn -0.2290 0.9461 -0.2288
vn 0.9461 0.2290 -0.2290
vn 0.4994 0.4995 -0.7079
vn 0.7078 0.4995 -0.4995
vn 0.2290 0.2290 -0.9461
vn 0.4995 0.7079 -0.4995
vn 0.2290 0.9461 -0.2289
vn -0.2290 -0.9461 -0.2290
vn -0.7078 -0.4995 -0.4995
vn -0.4995 -0.7079 -0.4995
vn -0.9461 -0.2290 -0.2290
vn -0.4994 -0.4995 -0.7079
vn -0.2291 -0.2291 -0.9461
vn 0.9461 -0.2290 -0.2290
vn 0.4995 -0.7079 -0.4995
vn 0.7078 -0.4995 -0.4995
vn 0.2290 -0.9461 -0.2290
vn 0.4994 -0.4995 -0.7079
vn 0.2290 -0.2290 -0.9461
vn -0.4995 -0.7078 0.4995
vn -0.7078 -0.4996 0.4994
vn -0.2290 -0.9461 0.2288
vn 0.2290 -0.9461 0.2289
vn 0.7078 -0.4996 0.4994
vn 0.4995 -0.7078 0.4995
vn -0.7078 0.4996 0.4994
vn -0.4995 0.7078 0.4995
vn -0.2291 0.2291 0.9461
vn 0.4995 0.7078 0.4995
vn 0.7078 0.4996 0.4994
vn -0.7078 0.4995 -0.4994
vn -0.4995 0.7078 -0.4995
vn 0.7078 0.4995 -0.4994
vn 0.2291 0.2291 -0.9461
vn 0.4995 0.7078 -0.4995
vn -0.2290 -0.9461 -0.2289
vn -0.7078 -0.4995 -0.4994
vn -0.4995 -0.7078 -0.4995
vn 0.4995 -0.7078 -0.4995
vn 0.7078 -0.4995 -0.4994
vn 0.2290 -0.9461 -0.2288
vn 0.7078 -0.4995 0.4995
vn 0.2290 -0.2290 0.9461
vn -0.2290 0.9461 0.2290
vn 0.2290 0.9461 0.2290
vn -0.2291 0.9461 -0.2290
vn 0.2291 0.9461 -0.2290
vn -0.2291 -0.9461 -0.2290
vn -0.2290 -0.2290 -0.9461
vn 0.2291 -0.9461 -0.2290
vn 0.4995 -0.4995 -0.7078
vn -0.4995 0.4995 -0.7079
vn 0.4995 -0.4995 -0.7079
vn -0.7078 -0.4995 0.4995
vn -0.4995 -0.4995 0.7078
vn -0.2290 -0.2290 0.9461
vn 0.4995 -0.4995 0.7078
vn -0.7078 0.4995 0.4995
vn -0.4995 0.4995 0.7078
vn 0.7078 0.4995 0.4995
vn 0.4995 0.4995 0.7078
vn 0.2290 0.2290 0.9461
vn -0.2291 0.2290 -0.9461
vn -0.2290 0.9461 -0.2290
vn 0.2291 0.2290 -0.9461
vn 0.2290 0.9461 -0.2290
vn -0.2291 -0.2290 -0.9461
vn 0.2291 -0.2290 -0.9461
vn -0.2292 -0.2290 0.9461
vn 0.2292 -0.2290 0.9461
vn -0.7077 0.4995 0.4996
vn -0.2292 0.2291 0.9460
vn 0.4994 0.7078 0.4995
vn 0.7077 0.4995 0.4996
vn 0.2290 0.9461 0.2291
vn 0.2292 0.2291 0.9460
vn -0.2291 0.2291 -0.9461
vn -0.2290 0.9461 -0.2291
vn 0.4994 0.7078 -0.4995
vn -0.4995 -0.4995 -0.7078
vn -0.2292 -0.2290 -0.9461
vn -0.2291 -0.9461 0.2290
vn -0.4995 -0.4995 0.7079
vn 0.2291 -0.9461 0.2290
vn 0.4995 -0.4995 0.7079
vn 0.2291 -0.2290 0.9461
vn 0.2291 0.2291 0.9461
vn -0.4995 -0.4995 -0.7079
# 360 vertex normals

vt 0.4552 0.8740 0.0000
vt 0.3939 0.7506 0.0000
vt 0.4125 0.7512 0.0000
vt 0.4125 0.9988 0.0000
vt 0.4977 0.7500 0.0000
vt 0.3753 0.7500 0.0000
vt 0.3738 0.0375 0.0000
vt 0.1262 0.0375 0.0000
vt 0.1258 0.0000 0.0000
vt 0.4932 0.0000 0.0000
vt 0.4510 0.0606 0.0000
vt 0.5490 0.0187 0.0000
vt 0.5875 0.0375 0.0000
vt 0.4125 0.0375 0.0000
vt 0.4957 0.0000 0.0000
vt 0.5043 0.0000 0.0000
vt 0.5875 0.9988 0.0000
vt 0.5014 0.7500 0.0000
vt 0.4986 0.7500 0.0000
vt 0.4009 0.0584 0.0000
vt 0.3854 0.2156 0.0000
vt 0.3738 0.2125 0.0000
vt 0.4071 0.0887 0.0000
vt 0.3989 0.2144 0.0000
vt 0.4125 0.2125 0.0000
vt 0.5068 0.0000 0.0000
vt 0.8742 0.0000 0.0000
vt 0.8738 0.0375 0.0000
vt 0.6262 0.0375 0.0000
vt 0.5448 0.8740 0.0000
vt 0.6061 0.7506 0.0000
vt 0.6247 0.7500 0.0000
vt 0.5023 0.7500 0.0000
vt 0.5875 0.7512 0.0000
vt 0.5929 0.0357 0.0000
vt 0.6011 0.2136 0.0000
vt 0.5875 0.2125 0.0000
vt 0.5991 0.0347 0.0000
vt 0.6146 0.2150 0.0000
vt 0.6262 0.2125 0.0000
vt 0.3745 0.2500 0.0000
vt 0.1255 0.2500 0.0000
vt 0.1262 0.2125 0.0000
vt 0.3938 0.2509 0.0000
vt 0.3938 0.4991 0.0000
vt 0.3750 0.4995 0.0000
vt 0.3750 0.2505 0.0000
vt 0.4125 0.2512 0.0000
vt 0.4125 0.4988 0.0000
vt 0.4130 0.2392 0.0000
vt 0.5870 0.2392 0.0000
vt 0.5875 0.2512 0.0000
vt 0.4130 0.2264 0.0000
vt 0.5870 0.2263 0.0000
vt 0.6062 0.2509 0.0000
vt 0.6062 0.4991 0.0000
vt 0.5875 0.4988 0.0000
vt 0.6250 0.2505 0.0000
vt 0.6250 0.4995 0.0000
vt 0.8738 0.2125 0.0000
vt 0.8745 0.2500 0.0000
vt 0.6255 0.2500 0.0000
vt 0.1250 0.2300 0.0000
vt 0.1250 0.0200 0.0000
vt 0.3940 0.5295 0.0000
vt 0.3940 0.7205 0.0000
vt 0.3750 0.7300 0.0000
vt 0.3750 0.5200 0.0000
vt 0.4125 0.5375 0.0000
vt 0.4125 0.7125 0.0000
vt 0.4128 0.5234 0.0000
vt 0.5872 0.5234 0.0000
vt 0.5875 0.5375 0.0000
vt 0.4128 0.5106 0.0000
vt 0.5872 0.5106 0.0000
vt 0.6060 0.5295 0.0000
vt 0.6060 0.7205 0.0000
vt 0.5875 0.7125 0.0000
vt 0.6250 0.5200 0.0000
vt 0.6250 0.7300 0.0000
vt 0.8750 0.0200 0.0000
vt 0.8750 0.2300 0.0000
vt 0.4128 0.7394 0.0000
vt 0.5872 0.7394 0.0000
vt 0.4128 0.7266 0.0000
vt 0.5872 0.7266 0.0000
vt 0.1258 -0.0000 0.0000
vt 0.4932 -0.0000 0.0000
vt 0.4957 -0.0000 0.0000
vt 0.5043 -0.0000 0.0000
vt 0.8742 -0.0000 0.0000
vt 0.5068 -0.0000 0.0000
vt 0.4293 0.8515 0.0000
vt 0.3920 0.7646 0.0000
vt 0.4039 0.7789 0.0000
vt 0.4039 0.9711 0.0000
vt 0.4501 0.7500 0.0000
vt 0.3797 0.7500 0.0000
vt 0.3463 0.0004 0.0000
vt 0.1537 0.0004 0.0000
vt 0.1391 -0.0000 0.0000
vt 0.3502 -0.0000 0.0000
vt 0.6010 0.0003 0.0000
vt 0.5963 0.0004 0.0000
vt 0.4037 0.0004 0.0000
vt 0.3990 0.0304 0.0000
vt 0.3944 -0.0000 0.0000
vt 0.6056 -0.0000 0.0000
vt 0.5961 0.9711 0.0000
vt 0.5352 0.7500 0.0000
vt 0.4648 0.7500 0.0000
vt 0.3654 0.0005 0.0000
vt 0.3654 0.2498 0.0000
vt 0.3461 0.2498 0.0000
vt 0.3846 0.0006 0.0000
vt 0.3846 0.2498 0.0000
vt 0.4039 0.2498 0.0000
vt 0.8609 0.0000 0.0000
vt 0.8463 0.0004 0.0000
vt 0.6537 0.0004 0.0000
vt 0.6498 0.0000 0.0000
vt 0.5707 0.8515 0.0000
vt 0.6080 0.7646 0.0000
vt 0.6203 0.7500 0.0000
vt 0.5499 0.7500 0.0000
vt 0.5961 0.7789 0.0000
vt 0.6154 0.2498 0.0000
vt 0.5961 0.2498 0.0000
vt 0.6154 0.0004 0.0000
vt 0.6346 0.0004 0.0000
vt 0.6346 0.2498 0.0000
vt 0.6539 0.2498 0.0000
vt 0.1397 0.2500 0.0000
vt 0.1539 0.2498 0.0000
vt 0.3603 0.2500 0.0000
vt 0.3896 0.4778 0.0000
vt 0.3750 0.4853 0.0000
vt 0.3750 0.2647 0.0000
vt 0.3895 0.2722 0.0000
vt 0.4039 0.2789 0.0000
vt 0.4039 0.4711 0.0000
vt 0.5961 0.2684 0.0000
vt 0.5961 0.2789 0.0000
vt 0.4039 0.2684 0.0000
vt 0.4039 0.2588 0.0000
vt 0.5961 0.2588 0.0000
vt 0.6104 0.4778 0.0000
vt 0.5961 0.4711 0.0000
vt 0.6105 0.2722 0.0000
vt 0.6250 0.4853 0.0000
vt 0.6250 0.2647 0.0000
vt 0.8461 0.2498 0.0000
vt 0.8603 0.2500 0.0000
vt 0.6397 0.2500 0.0000
vt 0.1250 0.2499 0.0000
vt 0.1250 0.0001 0.0000
vt 0.3893 0.5002 0.0000
vt 0.3894 0.7499 0.0000
vt 0.3750 0.7499 0.0000
vt 0.3750 0.5001 0.0000
vt 0.4037 0.5004 0.0000
vt 0.4039 0.7498 0.0000
vt 0.5963 0.5004 0.0000
vt 0.4039 0.4913 0.0000
vt 0.5961 0.4913 0.0000
vt 0.4040 0.4816 0.0000
vt 0.5960 0.4816 0.0000
vt 0.6107 0.5002 0.0000
vt 0.6106 0.7499 0.0000
vt 0.5961 0.7498 0.0000
vt 0.6250 0.5001 0.0000
vt 0.6250 0.7499 0.0000
vt 0.8750 0.0001 0.0000
vt 0.8750 0.2499 0.0000
vt 0.5959 0.7682 0.0000
vt 0.4041 0.7682 0.0000
vt 0.4041 0.7587 0.0000
vt 0.5959 0.7587 0.0000
vt 0.8609 -0.0000 0.0000
vt 0.6498 -0.0000 0.0000
vt 0.4940 0.0000 0.0000
vt 0.4980 0.7500 0.0000
vt 0.4983 0.7500 0.0000
vt 0.4949 0.0000 0.0000
vt 0.4118 0.4354 0.0000
vt 0.5017 0.7500 0.0000
vt 0.5020 0.7500 0.0000
vt 0.5060 0.0000 0.0000
vt 0.5882 0.0147 0.0000
vt 0.5051 0.0000 0.0000
vt 0.3972 0.2433 0.0000
vt 0.3750 0.2500 0.0000
vt 0.3985 0.2303 0.0000
vt 0.6250 0.2500 0.0000
vt 0.6028 0.2433 0.0000
vt 0.6015 0.2301 0.0000
vt 0.3969 0.5177 0.0000
vt 0.3750 0.5000 0.0000
vt 0.1250 0.2500 0.0000
vt 0.3969 0.5063 0.0000
vt 0.8750 0.2500 0.0000
vt 0.6031 0.5177 0.0000
vt 0.6250 0.5000 0.0000
vt 0.6031 0.5063 0.0000
vt 0.3969 0.7437 0.0000
vt 0.3750 0.7500 0.0000
vt 0.1250 0.0000 0.0000
vt 0.3969 0.7322 0.0000
vt 0.8750 0.0000 0.0000
vt 0.6031 0.7437 0.0000
vt 0.6250 0.7500 0.0000
vt 0.6031 0.7322 0.0000
vt 0.4940 -0.0000 0.0000
vt 0.5060 -0.0000 0.0000
vt 0.5051 -0.0000 0.0000
vt 0.3968 0.5063 0.0000
vt 0.6032 0.5063 0.0000
vt 0.3643 -0.0000 0.0000
vt 0.4601 0.7500 0.0000
vt 0.4548 0.7500 0.0000
vt 0.3840 0.4044 0.0000
vt 0.3804 -0.0000 0.0000
vt 0.5399 0.7500 0.0000
vt 0.5452 0.7500 0.0000
vt 0.6357 0.0000 0.0000
vt 0.6160 0.0002 0.0000
vt 0.6196 0.0000 0.0000
vt 0.3915 0.2637 0.0000
vt 0.3903 0.2552 0.0000
vt 0.6085 0.2637 0.0000
vt 0.6097 0.2552 0.0000
vt 0.3917 0.4949 0.0000
vt 0.3918 0.4863 0.0000
vt 0.6083 0.4949 0.0000
vt 0.6082 0.4863 0.0000
vt 0.3926 0.7613 0.0000
vt 0.3919 0.7547 0.0000
vt 0.6074 0.7613 0.0000
vt 0.6081 0.7547 0.0000
vt 0.6357 -0.0000 0.0000
vt 0.6196 -0.0000 0.0000
# 241 texture coords

o BookShelf_Leg2
g BookShelf_Leg2
usemtl wire_143224087
s 1
f 1249/862/1061 1250/863/1062 1251/864/1063 1252/865/1064 
f 1253/866/1065 1254/867/1066 1250/863/1062 1249/862/1061 
s 2
f 1255/868/1067 1256/869/1068 1254/870/1069 1253/871/1070 
s 1
f 1257/872/1071 1258/873/1072 1259/874/1073 1260/875/1074 
f 1261/876/1075 1262/877/1076 1258/873/1072 1257/872/1071 
f 1252/865/1064 1263/878/1077 1262/879/1076 1261/880/1075 
s 2
f 1264/881/1078 1265/882/1079 1266/883/1080 1255/868/1067 
s 1
f 1267/884/1081 1268/885/1082 1265/882/1083 1264/881/1084 
f 1260/875/1074 1269/886/1085 1268/885/1082 1267/884/1081 
s 5
f 1270/887/1086 1271/888/1087 1272/889/1088 1273/890/1089 
s 1
f 1274/891/1090 1275/892/1091 1271/893/1092 1270/894/1093 
f 1263/878/1077 1276/895/1094 1275/892/1091 1274/891/1090 
f 1277/896/1095 1278/897/1096 1279/898/1097 1259/874/1073 
f 1280/899/1098 1281/900/1099 1278/897/1096 1277/896/1095 
s 5
f 1273/890/1089 1282/901/1100 1281/900/1101 1280/899/1102 
s 2
f 1283/902/1103 1284/903/1104 1285/904/1105 1266/883/1080 
s 1
f 1286/905/1106 1287/906/1107 1284/907/1108 1283/908/1109 
f 1288/909/1110 1289/910/1111 1287/906/1107 1286/905/1106 
f 1290/911/1112 1291/912/1113 1292/913/1114 1288/909/1110 
f 1293/914/1115 1294/915/1116 1291/912/1113 1290/911/1112 
f 1269/886/1085 1279/898/1097 1294/915/1116 1293/914/1115 
f 1295/916/1117 1296/917/1118 1297/918/1119 1292/913/1114 
f 1298/919/1120 1299/920/1121 1296/917/1118 1295/916/1117 
s 5
f 1282/901/1100 1300/921/1122 1299/922/1123 1298/923/1124 
s 2
f 1301/924/1125 1302/925/1126 1256/869/1068 1285/904/1105 
s 1
f 1303/926/1127 1304/927/1128 1302/928/1129 1301/929/1130 
f 1305/930/1131 1306/931/1132 1304/927/1128 1303/926/1127 
f 1307/932/1133 1308/933/1134 1309/934/1135 1305/930/1131 
f 1310/935/1136 1311/936/1137 1308/933/1134 1307/932/1133 
f 1289/910/1111 1297/918/1119 1311/936/1137 1310/935/1136 
f 1312/937/1138 1313/938/1139 1314/939/1140 1309/934/1135 
f 1315/940/1141 1316/941/1142 1313/938/1139 1312/937/1138 
s 5
f 1300/921/1122 1272/889/1088 1316/942/1143 1315/943/1144 
s 1
f 1317/944/1145 1318/945/1146 1276/895/1094 1251/864/1063 
f 1319/946/1147 1320/947/1148 1318/945/1146 1317/944/1145 
f 1306/931/1132 1314/939/1140 1320/947/1148 1319/946/1147 
s 9
f 1321/863/1062 1322/864/1063 1323/865/1064 1324/862/1061 
f 1325/866/1065 1326/867/1066 1321/863/1062 1324/862/1061 
s 10
f 1326/870/1069 1325/871/1070 1327/868/1067 1328/869/1068 
s 9
f 1329/875/1074 1330/872/1149 1331/873/1150 1332/874/1073 
f 1333/876/1075 1334/877/1076 1331/873/1150 1330/872/1149 
f 1335/878/1077 1334/879/1076 1333/880/1075 1323/865/1064 
s 10
f 1336/882/1079 1337/883/1080 1327/868/1067 1338/881/1078 
s 9
f 1339/885/1151 1336/882/1152 1338/881/1153 1340/884/1081 
f 1339/885/1151 1340/884/1081 1329/875/1074 1341/886/1085 
s 13
f 1342/888/1087 1343/889/1088 1344/890/1089 1345/887/1086 
s 9
f 1346/892/1091 1342/893/1092 1345/894/1093 1347/891/1090 
f 1335/878/1077 1348/895/1094 1346/892/1091 1347/891/1090 
f 1349/897/1096 1350/898/1097 1332/874/1073 1351/896/1154 
f 1352/899/1155 1353/900/1156 1349/897/1096 1351/896/1154 
s 13
f 1353/900/1101 1352/899/1102 1344/890/1089 1354/901/1100 
s 10
f 1355/902/1103 1356/903/1104 1357/904/1105 1337/883/1080 
s 9
f 1358/905/1106 1359/906/1107 1356/907/1108 1355/908/1109 
f 1359/906/1107 1358/905/1106 1360/909/1110 1361/910/1111 
f 1362/911/1157 1363/912/1158 1364/913/1114 1360/909/1110 
f 1365/914/1159 1366/915/1160 1363/912/1158 1362/911/1157 
f 1365/914/1159 1341/886/1085 1350/898/1097 1366/915/1160 
f 1367/917/1118 1368/918/1119 1364/913/1114 1369/916/1117 
f 1370/919/1120 1371/920/1121 1367/917/1118 1369/916/1117 
s 13
f 1371/922/1123 1370/923/1124 1354/901/1100 1372/921/1122 
s 10
f 1373/924/1125 1374/925/1126 1328/869/1068 1357/904/1105 
s 9
f 1375/926/1127 1376/927/1161 1374/928/1129 1373/929/1130 
f 1376/927/1161 1375/926/1127 1377/930/1131 1378/931/1132 
f 1379/932/1162 1380/933/1163 1381/934/1135 1377/930/1131 
f 1382/935/1164 1383/936/1165 1380/933/1163 1379/932/1162 
f 1383/936/1165 1382/935/1164 1361/910/1111 1368/918/1119 
f 1384/938/1139 1385/939/1140 1381/934/1135 1386/937/1166 
f 1387/940/1141 1388/941/1142 1384/938/1139 1386/937/1166 
s 13
f 1388/942/1143 1387/943/1144 1372/921/1122 1343/889/1088 
s 9
f 1389/944/1145 1390/945/1146 1348/895/1094 1322/864/1063 
f 1391/946/1167 1392/947/1168 1390/945/1146 1389/944/1145 
f 1392/947/1168 1391/946/1167 1378/931/1132 1385/939/1140 
s 17
f 1393/862/1061 1394/863/1062 1395/864/1063 1396/865/1064 
f 1397/866/1169 1398/867/1170 1394/863/1062 1393/862/1061 
f 1399/868/1067 1400/869/1068 1398/948/1170 1397/949/1169 
f 1401/873/1150 1402/874/1073 1403/875/1074 1404/872/1149 
f 1405/950/1171 1406/951/1172 1401/873/1150 1404/872/1149 
f 1396/865/1064 1407/878/1077 1406/879/1173 1405/880/1174 
f 1408/881/1078 1409/882/1079 1410/883/1080 1399/868/1067 
f 1411/884/1081 1412/885/1082 1409/882/1083 1408/881/1153 
f 1403/875/1074 1413/886/1085 1412/885/1082 1411/884/1081 
f 1414/952/1175 1415/889/1088 1416/890/1089 1417/953/1176 
f 1414/893/1175 1417/894/1176 1418/891/1090 1419/892/1091 
f 1419/892/1091 1418/891/1090 1407/878/1077 1420/895/1094 
f 1421/897/1096 1422/898/1097 1402/874/1073 1423/896/1154 
f 1424/899/1098 1425/900/1099 1421/897/1096 1423/896/1154 
f 1416/890/1089 1426/901/1100 1425/900/1101 1424/899/1102 
f 1427/903/1177 1428/904/1105 1410/883/1080 1429/902/1178 
f 1430/906/1107 1427/907/1177 1429/908/1178 1431/905/1106 
f 1431/905/1106 1432/909/1110 1433/910/1111 1430/906/1107 
f 1434/912/1179 1435/913/1114 1432/909/1110 1436/911/1180 
f 1437/914/1159 1438/915/1160 1434/912/1181 1436/911/1182 
f 1437/914/1159 1413/886/1085 1422/898/1097 1438/915/1160 
f 1439/917/1118 1440/918/1119 1435/913/1114 1441/916/1117 
f 1442/919/1183 1443/920/1184 1439/917/1118 1441/916/1117 
f 1426/901/1100 1444/921/1122 1443/922/1184 1442/923/1183 
f 1445/925/1126 1400/869/1068 1428/904/1105 1446/924/1125 
f 1447/926/1127 1448/927/1161 1445/928/1129 1446/929/1130 
f 1448/927/1161 1447/926/1127 1449/930/1131 1450/931/1132 
f 1451/934/1135 1449/930/1131 1452/932/1162 1453/933/1163 
f 1454/935/1185 1455/936/1186 1453/933/1163 1452/932/1162 
f 1454/935/1187 1433/910/1111 1440/918/1119 1455/936/1188 
f 1456/937/1138 1457/938/1139 1458/939/1140 1451/934/1135 
f 1459/940/1141 1460/941/1142 1457/938/1139 1456/937/1138 
f 1460/942/1143 1459/943/1144 1444/921/1122 1415/889/1088 
f 1461/945/1189 1420/895/1094 1395/864/1063 1462/944/1190 
f 1463/946/1167 1464/947/1168 1461/945/1191 1462/944/1192 
f 1450/931/1132 1458/939/1140 1464/947/1168 1463/946/1167 
s 24
f 1465/865/1064 1466/862/1061 1467/863/1062 1468/864/1063 
f 1469/866/1169 1470/867/1170 1467/863/1062 1466/862/1061 
f 1470/870/1170 1469/871/1169 1471/868/1067 1472/869/1068 
f 1473/873/1150 1474/874/1073 1475/875/1074 1476/872/1149 
f 1477/876/1171 1478/877/1172 1473/873/1150 1476/872/1149 
f 1478/879/1173 1477/880/1174 1465/865/1064 1479/878/1077 
f 1480/883/1080 1471/868/1067 1481/881/1078 1482/882/1079 
f 1483/884/1081 1484/885/1082 1482/882/1083 1481/881/1084 
f 1475/875/1074 1485/886/1085 1484/885/1082 1483/884/1081 
f 1486/888/1175 1487/889/1088 1488/890/1089 1489/887/1176 
f 1490/891/1090 1491/892/1091 1486/893/1175 1489/894/1176 
f 1492/895/1094 1491/892/1091 1490/891/1090 1479/878/1077 
f 1493/896/1095 1494/897/1096 1495/898/1097 1474/874/1073 
f 1496/899/1098 1497/900/1099 1494/897/1096 1493/896/1095 
f 1496/899/1102 1488/890/1089 1498/901/1100 1497/900/1101 
f 1499/903/1177 1500/904/1105 1480/883/1080 1501/902/1178 
f 1502/905/1106 1503/906/1107 1499/907/1177 1501/908/1178 
f 1503/906/1107 1502/905/1106 1504/909/1110 1505/910/1111 
f 1506/912/1179 1507/913/1114 1504/909/1110 1508/911/1180 
f 1509/914/1159 1510/915/1160 1506/912/1181 1508/911/1182 
f 1485/886/1085 1495/898/1097 1510/915/1160 1509/914/1159 
f 1511/917/1118 1512/918/1119 1507/913/1114 1513/916/1117 
f 1514/919/1183 1515/920/1184 1511/917/1118 1513/916/1117 
f 1514/923/1183 1498/901/1100 1516/921/1122 1515/922/1184 
f 1517/925/1126 1472/869/1068 1500/904/1105 1518/924/1125 
f 1519/926/1127 1520/927/1128 1517/928/1129 1518/929/1130 
f 1520/927/1128 1519/926/1127 1521/930/1131 1522/931/1132 
f 1523/933/1163 1524/934/1135 1521/930/1131 1525/932/1162 
f 1526/935/1185 1527/936/1186 1523/933/1163 1525/932/1162 
f 1505/910/1111 1512/918/1119 1527/936/1188 1526/935/1187 
f 1528/939/1140 1524/934/1135 1529/937/1138 1530/938/1139 
f 1531/940/1141 1532/941/1142 1530/938/1139 1529/937/1138 
f 1532/942/1143 1531/943/1144 1516/921/1122 1487/889/1088 
f 1468/864/1063 1533/944/1190 1534/945/1189 1492/895/1094 
f 1533/944/1192 1535/946/1167 1536/947/1168 1534/945/1191 
f 1535/946/1167 1522/931/1132 1528/939/1140 1536/947/1168 
s 31
f 1537/862/1193 1538/863/1194 1539/864/1063 1540/865/1064 
s 32
f 1541/866/1169 1542/867/1170 1538/863/1066 1537/862/1065 
f 1543/868/1067 1544/869/1068 1542/870/1170 1541/871/1169 
f 1545/872/1195 1546/873/1150 1547/874/1073 1548/875/1074 
f 1549/876/1171 1550/877/1172 1546/873/1150 1545/872/1195 
s 31
f 1540/865/1064 1551/878/1077 1550/879/1173 1549/880/1174 
s 32
f 1552/881/1078 1553/882/1079 1554/883/1080 1543/868/1067 
f 1555/884/1081 1556/885/1082 1553/882/1083 1552/881/1084 
f 1548/875/1074 1557/886/1085 1556/885/1082 1555/884/1081 
f 1558/887/1176 1559/888/1175 1560/889/1088 1561/890/1089 
f 1562/891/1093 1563/892/1092 1559/893/1175 1558/894/1176 
s 31
f 1551/878/1077 1564/895/1094 1563/892/1196 1562/891/1197 
s 32
f 1565/896/1095 1566/897/1096 1567/898/1097 1547/874/1073 
f 1568/899/1098 1569/900/1099 1566/897/1096 1565/896/1095 
f 1561/890/1089 1570/901/1100 1569/900/1101 1568/899/1102 
f 1571/902/1178 1572/903/1177 1573/904/1105 1554/883/1080 
f 1574/905/1109 1575/906/1108 1572/907/1177 1571/908/1178 
s 36
f 1576/909/1110 1577/910/1111 1575/906/1198 1574/905/1199 
f 1578/911/1180 1579/912/1179 1580/913/1114 1576/909/1110 
s 32
f 1581/914/1159 1582/915/1200 1579/912/1181 1578/911/1182 
f 1557/886/1085 1567/898/1097 1582/915/1200 1581/914/1159 
s 36
f 1583/916/1201 1584/917/1202 1585/918/1119 1580/913/1114 
s 32
f 1586/919/1183 1587/920/1184 1584/917/1121 1583/916/1120 
f 1570/901/1100 1588/921/1122 1587/922/1184 1586/923/1183 
f 1589/924/1125 1590/925/1126 1544/869/1068 1573/904/1105 
f 1591/926/1127 1592/927/1128 1590/928/1129 1589/929/1130 
f 1593/930/1131 1594/931/1132 1592/927/1128 1591/926/1127 
f 1595/932/1203 1596/933/1163 1597/934/1135 1593/930/1131 
f 1598/935/1185 1599/936/1186 1596/933/1163 1595/932/1203 
s 36
f 1577/910/1111 1585/918/1119 1599/936/1188 1598/935/1187 
s 32
f 1600/937/1138 1601/938/1139 1602/939/1140 1597/934/1135 
f 1603/940/1141 1604/941/1142 1601/938/1139 1600/937/1138 
f 1588/921/1122 1560/889/1088 1604/942/1143 1603/943/1144 
s 31
f 1605/944/1190 1606/945/1189 1564/895/1094 1539/864/1063 
s 32
f 1607/946/1167 1608/947/1204 1606/945/1191 1605/944/1192 
f 1594/931/1132 1602/939/1140 1608/947/1204 1607/946/1167 
s 41
f 1609/863/1062 1610/864/1063 1611/865/1064 1612/862/1061 
f 1613/866/1169 1614/867/1170 1609/863/1062 1612/862/1061 
f 1614/948/1170 1613/949/1169 1615/868/1067 1616/869/1068 
f 1617/875/1074 1618/872/1149 1619/873/1150 1620/874/1073 
f 1621/950/1171 1622/951/1172 1619/873/1150 1618/872/1149 
f 1623/878/1077 1622/879/1173 1621/880/1174 1611/865/1064 
f 1624/882/1079 1625/883/1080 1615/868/1067 1626/881/1078 
f 1627/885/1082 1624/882/1083 1626/881/1084 1628/884/1081 
f 1627/885/1082 1628/884/1081 1617/875/1074 1629/886/1085 
f 1630/890/1089 1631/953/1176 1632/952/1175 1633/889/1088 
f 1634/891/1090 1635/892/1091 1632/893/1175 1631/894/1176 
f 1635/892/1091 1634/891/1090 1623/878/1077 1636/895/1094 
f 1637/896/1095 1638/897/1096 1639/898/1097 1620/874/1073 
f 1640/899/1098 1641/900/1099 1638/897/1096 1637/896/1095 
f 1641/900/1101 1640/899/1102 1630/890/1089 1642/901/1100 
f 1643/902/1178 1644/903/1177 1645/904/1105 1625/883/1080 
f 1646/905/1106 1647/906/1107 1644/907/1177 1643/908/1178 
f 1647/906/1107 1646/905/1106 1648/909/1110 1649/910/1111 
f 1650/911/1180 1651/912/1179 1652/913/1114 1648/909/1110 
f 1653/914/1159 1654/915/1160 1651/912/1181 1650/911/1182 
f 1639/898/1097 1654/915/1160 1653/914/1159 1629/886/1085 
f 1655/917/1118 1656/918/1119 1652/913/1114 1657/916/1117 
f 1658/919/1183 1659/920/1184 1655/917/1118 1657/916/1117 
f 1659/922/1184 1658/923/1183 1642/901/1100 1660/921/1122 
f 1661/924/1125 1662/925/1126 1616/869/1068 1645/904/1105 
f 1663/926/1127 1664/927/1128 1662/928/1205 1661/929/1206 
f 1664/927/1128 1663/926/1127 1665/930/1131 1666/931/1132 
f 1667/932/1203 1668/933/1207 1669/934/1135 1665/930/1131 
f 1670/935/1185 1671/936/1186 1668/933/1207 1667/932/1203 
f 1671/936/1188 1670/935/1187 1649/910/1111 1656/918/1119 
f 1672/938/1139 1673/939/1140 1669/934/1135 1674/937/1138 
f 1675/940/1208 1676/941/1209 1672/938/1139 1674/937/1138 
f 1676/942/1143 1675/943/1144 1660/921/1122 1633/889/1088 
f 1677/944/1190 1678/945/1189 1636/895/1094 1610/864/1063 
f 1679/946/1210 1680/947/1204 1678/945/1191 1677/944/1192 
f 1680/947/1204 1679/946/1210 1666/931/1132 1673/939/1140 
s 48
f 1681/954/1211 1682/955/1212 1683/956/1213 1684/957/1214 
f 1685/958/1215 1686/959/1216 1682/955/1212 1681/954/1211 
s 49
f 1687/960/1217 1688/961/1218 1686/962/1219 1685/963/1220 
s 48
f 1689/964/1221 1690/965/1222 1691/966/1223 1692/967/1224 
f 1693/968/1225 1694/969/1226 1689/964/1221 1692/967/1224 
f 1684/957/1214 1695/970/1227 1694/971/1228 1693/972/1229 
s 49
f 1696/973/1230 1697/974/1231 1698/975/1232 1687/960/1217 
s 48
f 1699/976/1233 1700/977/1234 1697/974/1235 1696/973/1236 
f 1691/966/1223 1701/978/1237 1700/977/1234 1699/976/1233 
s 52
f 1702/979/1238 1703/980/1239 1704/981/1240 1705/982/1241 
s 48
f 1706/983/1242 1707/984/1243 1702/985/1244 1705/986/1245 
f 1706/983/1242 1695/970/1227 1708/987/1246 1707/984/1243 
f 1709/988/1247 1710/989/1248 1690/965/1222 1711/990/1249 
f 1712/991/1250 1713/992/1251 1709/988/1247 1711/990/1249 
s 52
f 1704/981/1240 1714/993/1252 1713/992/1253 1712/991/1254 
s 49
f 1715/994/1255 1716/995/1256 1698/975/1232 1717/996/1257 
s 48
f 1718/997/1258 1715/998/1259 1717/999/1260 1719/1000/1261 
f 1719/1000/1261 1720/1001/1262 1721/1002/1263 1718/997/1258 
f 1722/1003/1264 1723/1004/1265 1720/1001/1262 1724/1005/1266 
f 1725/1006/1267 1726/1007/1268 1722/1003/1264 1724/1005/1266 
f 1725/1006/1267 1701/978/1237 1710/989/1248 1726/1007/1268 
f 1727/1008/1269 1728/1009/1270 1723/1004/1265 1729/1010/1271 
f 1730/1011/1272 1727/1008/1269 1729/1010/1271 1731/1012/1273 
s 52
f 1714/993/1252 1732/1013/1274 1730/1014/1275 1731/1015/1276 
s 49
f 1688/961/1218 1716/995/1256 1733/1016/1277 1734/1017/1278 
s 48
f 1735/1018/1279 1736/1019/1280 1734/1020/1281 1733/1021/1282 
f 1736/1019/1280 1735/1018/1279 1737/1022/1283 1738/1023/1284 
f 1739/1024/1285 1737/1022/1283 1740/1025/1286 1741/1026/1287 
f 1742/1027/1288 1743/1028/1289 1741/1026/1287 1740/1025/1286 
f 1742/1027/1288 1721/1002/1263 1728/1009/1270 1743/1028/1289 
f 1744/1029/1290 1745/1030/1291 1746/1031/1292 1739/1024/1285 
f 1747/1032/1293 1748/1033/1294 1745/1030/1291 1744/1029/1290 
s 52
f 1703/980/1239 1748/1034/1295 1747/1035/1296 1732/1013/1274 
s 48
f 1749/1036/1297 1708/987/1246 1683/956/1213 1750/1037/1298 
f 1751/1038/1299 1752/1039/1300 1749/1036/1301 1750/1037/1302 
f 1738/1023/1284 1746/1031/1292 1752/1039/1300 1751/1038/1299 
s 57
f 1753/957/1214 1754/954/1211 1755/955/1212 1756/956/1213 
f 1757/958/1215 1758/959/1216 1755/955/1212 1754/954/1211 
s 58
f 1758/962/1219 1757/963/1220 1759/960/1217 1760/961/1218 
s 57
f 1761/964/1221 1762/965/1222 1763/966/1223 1764/967/1224 
f 1765/968/1225 1766/969/1226 1761/964/1221 1764/967/1224 
f 1766/971/1228 1765/972/1229 1753/957/1214 1767/970/1227 
s 58
f 1768/975/1232 1759/960/1217 1769/973/1230 1770/974/1231 
s 57
f 1771/976/1233 1772/977/1234 1770/974/1235 1769/973/1236 
f 1763/966/1223 1773/978/1237 1772/977/1234 1771/976/1233 
s 61
f 1774/1040/1238 1775/980/1239 1776/981/1240 1777/1041/1241 
s 57
f 1778/983/1242 1779/984/1243 1774/985/1244 1777/986/1245 
f 1780/987/1246 1779/984/1243 1778/983/1242 1767/970/1227 
f 1781/990/1249 1782/988/1247 1783/989/1248 1762/965/1222 
f 1784/991/1250 1785/992/1251 1782/988/1247 1781/990/1249 
s 61
f 1784/991/1254 1776/981/1240 1786/993/1252 1785/992/1253 
s 58
f 1787/994/1255 1788/995/1256 1768/975/1232 1789/996/1303 
s 57
f 1790/1000/1261 1791/997/1258 1787/998/1259 1789/999/1260 
f 1791/997/1258 1790/1000/1261 1792/1001/1262 1793/1002/1263 
f 1794/1003/1264 1795/1004/1265 1792/1001/1262 1796/1005/1266 
f 1797/1006/1267 1798/1007/1268 1794/1003/1264 1796/1005/1266 
f 1773/978/1237 1783/989/1248 1798/1007/1268 1797/1006/1267 
f 1799/1008/1269 1800/1009/1270 1795/1004/1265 1801/1010/1271 
f 1802/1012/1273 1803/1011/1272 1799/1008/1269 1801/1010/1271 
s 61
f 1802/1015/1276 1786/993/1252 1804/1013/1274 1803/1014/1275 
s 58
f 1805/1017/1278 1760/961/1218 1788/995/1256 1806/1016/1277 
s 57
f 1807/1018/1279 1808/1019/1280 1805/1020/1281 1806/1021/1282 
f 1808/1019/1280 1807/1018/1279 1809/1022/1283 1810/1023/1284 
f 1811/1026/1287 1812/1024/1285 1809/1022/1283 1813/1025/1286 
f 1814/1027/1288 1815/1028/1289 1811/1026/1287 1813/1025/1286 
f 1793/1002/1263 1800/1009/1270 1815/1028/1289 1814/1027/1288 
f 1816/1031/1292 1812/1024/1285 1817/1029/1290 1818/1030/1291 
f 1819/1032/1293 1820/1033/1294 1818/1030/1291 1817/1029/1290 
s 61
f 1820/1034/1295 1819/1035/1296 1804/1013/1274 1775/980/1239 
s 57
f 1756/956/1213 1821/1037/1298 1822/1036/1297 1780/987/1246 
f 1821/1037/1302 1823/1038/1299 1824/1039/1300 1822/1036/1301 
f 1823/1038/1299 1810/1023/1284 1816/1031/1292 1824/1039/1300 
s 1
f 1259/874/1073 1279/898/1097 1269/886/1085 1260/875/1074 
f 1292/913/1114 1297/918/1119 1289/910/1111 1288/909/1110 
f 1309/934/1135 1314/939/1140 1306/931/1132 1305/930/1131 
f 1276/895/1094 1263/878/1077 1252/865/1064 1251/864/1063 
s 5
f 1272/889/1088 1300/921/1122 1282/901/1100 1273/890/1089 
s 2
f 1255/868/1067 1266/883/1080 1285/904/1105 1256/869/1068 
s 9
f 1332/874/1073 1350/898/1097 1341/886/1085 1329/875/1074 
f 1360/909/1110 1364/913/1114 1368/918/1119 1361/910/1111 
f 1385/939/1140 1378/931/1132 1377/930/1131 1381/934/1135 
f 1348/895/1094 1335/878/1077 1323/865/1064 1322/864/1063 
s 13
f 1354/901/1100 1344/890/1089 1343/889/1088 1372/921/1122 
s 10
f 1357/904/1105 1328/869/1068 1327/868/1067 1337/883/1080 
s 17
f 1403/875/1074 1402/874/1073 1422/898/1097 1413/886/1085 
f 1440/918/1119 1433/910/1111 1432/909/1110 1435/913/1114 
f 1450/931/1132 1449/930/1131 1451/934/1135 1458/939/1140 
f 1420/895/1094 1407/878/1077 1396/865/1064 1395/864/1063 
f 1444/921/1122 1426/901/1100 1416/890/1089 1415/889/1088 
f 1428/904/1105 1400/869/1068 1399/868/1067 1410/883/1080 
s 24
f 1474/874/1073 1495/898/1097 1485/886/1085 1475/875/1074 
f 1512/918/1119 1505/910/1111 1504/909/1110 1507/913/1114 
f 1528/939/1140 1522/931/1132 1521/930/1131 1524/934/1135 
f 1479/878/1077 1465/865/1064 1468/864/1063 1492/895/1094 
f 1516/921/1122 1498/901/1100 1488/890/1089 1487/889/1088 
f 1472/869/1068 1471/868/1067 1480/883/1080 1500/904/1105 
s 32
f 1547/874/1073 1567/898/1097 1557/886/1085 1548/875/1074 
s 36
f 1580/913/1114 1585/918/1119 1577/910/1111 1576/909/1110 
s 32
f 1597/934/1135 1602/939/1140 1594/931/1132 1593/930/1131 
s 31
f 1564/895/1094 1551/878/1077 1540/865/1064 1539/864/1063 
s 32
f 1560/889/1088 1588/921/1122 1570/901/1100 1561/890/1089 
f 1543/868/1067 1554/883/1080 1573/904/1105 1544/869/1068 
s 41
f 1617/875/1074 1620/874/1073 1639/898/1097 1629/886/1085 
f 1648/909/1110 1652/913/1114 1656/918/1119 1649/910/1111 
f 1673/939/1140 1666/931/1132 1665/930/1131 1669/934/1135 
f 1623/878/1077 1611/865/1064 1610/864/1063 1636/895/1094 
f 1633/889/1088 1660/921/1122 1642/901/1100 1630/890/1089 
f 1615/868/1067 1625/883/1080 1645/904/1105 1616/869/1068 
s 48
f 1691/966/1223 1690/965/1222 1710/989/1248 1701/978/1237 
f 1728/1009/1270 1721/1002/1263 1720/1001/1262 1723/1004/1265 
f 1746/1031/1292 1738/1023/1284 1737/1022/1283 1739/1024/1285 
f 1683/956/1213 1708/987/1246 1695/970/1227 1684/957/1214 
s 52
f 1704/981/1240 1703/980/1239 1732/1013/1274 1714/993/1252 
s 49
f 1716/995/1256 1688/961/1218 1687/960/1217 1698/975/1232 
s 57
f 1762/965/1222 1783/989/1248 1773/978/1237 1763/966/1223 
f 1800/1009/1270 1793/1002/1263 1792/1001/1262 1795/1004/1265 
f 1816/1031/1292 1810/1023/1284 1809/1022/1283 1812/1024/1285 
f 1767/970/1227 1753/957/1214 1756/956/1213 1780/987/1246 
s 61
f 1804/1013/1274 1786/993/1252 1776/981/1240 1775/980/1239 
s 58
f 1760/961/1218 1759/960/1217 1768/975/1232 1788/995/1256 
s 2
f 1264/881/1078 1255/868/1067 1253/871/1070 1825/1042/1304 
s 1
f 1825/1043/1305 1253/866/1065 1249/862/1061 1826/1044/1306 
f 1249/862/1061 1252/865/1064 1261/880/1075 1826/1044/1307 
f 1826/1045/1306 1261/876/1075 1257/872/1071 1827/1046/1308 
f 1827/1046/1309 1257/872/1071 1260/875/1074 1267/884/1081 
f 1264/881/1084 1825/1042/1305 1827/1046/1308 1267/884/1081 
f 1825/1042/1305 1826/1045/1306 1827/1046/1308 
f 1274/891/1090 1828/1047/1310 1262/879/1076 1263/878/1077 
f 1274/891/1090 1270/894/1093 1829/1048/1311 1828/1047/1312 
s 5
f 1270/887/1086 1273/890/1089 1280/899/1102 1829/1049/1313 
s 1
f 1280/899/1098 1277/896/1095 1830/1050/1314 1829/1049/1311 
f 1258/873/1072 1830/1050/1315 1277/896/1095 1259/874/1073 
f 1258/873/1072 1262/877/1076 1828/1051/1312 1830/1050/1314 
f 1828/1051/1312 1829/1049/1311 1830/1050/1314 
f 1290/911/1112 1288/909/1110 1286/905/1106 1831/1052/1316 
f 1831/1052/1317 1286/905/1106 1283/908/1109 1832/1053/1318 
s 2
f 1283/902/1103 1266/883/1080 1265/882/1079 1832/1053/1319 
s 1
f 1832/1053/1318 1265/882/1083 1268/885/1082 1833/1054/1320 
f 1833/1054/1321 1268/885/1082 1269/886/1085 1293/914/1115 
f 1290/911/1112 1831/1052/1317 1833/1054/1320 1293/914/1115 
f 1831/1052/1317 1832/1053/1318 1833/1054/1320 
s 5
f 1281/900/1101 1282/901/1100 1298/923/1124 1834/1055/1322 
s 1
f 1834/1055/1323 1298/919/1120 1295/916/1117 1835/1056/1324 
f 1291/912/1113 1835/1056/1325 1295/916/1117 1292/913/1114 
f 1835/1056/1324 1291/912/1113 1294/915/1116 1836/1057/1326 
f 1836/1057/1327 1294/915/1116 1279/898/1097 1278/897/1096 
f 1278/897/1096 1281/900/1099 1834/1055/1323 1836/1057/1326 
f 1834/1055/1323 1835/1056/1324 1836/1057/1326 
f 1307/932/1133 1305/930/1131 1303/926/1127 1837/1058/1328 
f 1303/926/1127 1301/929/1130 1838/1059/1329 1837/1058/1330 
s 2
f 1838/1060/1331 1301/924/1125 1285/904/1105 1284/903/1104 
s 1
f 1284/907/1108 1287/906/1107 1839/1061/1332 1838/1059/1329 
f 1839/1061/1333 1287/906/1107 1289/910/1111 1310/935/1136 
f 1310/935/1136 1307/932/1133 1837/1058/1330 1839/1061/1332 
f 1837/1058/1330 1838/1059/1329 1839/1061/1332 
s 5
f 1299/922/1123 1300/921/1122 1315/943/1144 1840/1062/1334 
s 1
f 1315/940/1141 1312/937/1138 1841/1063/1335 1840/1064/1336 
f 1841/1063/1337 1312/937/1138 1309/934/1135 1308/933/1134 
f 1841/1063/1335 1308/933/1134 1311/936/1137 1842/1065/1338 
f 1842/1065/1339 1311/936/1137 1297/918/1119 1296/917/1118 
f 1296/917/1118 1299/920/1121 1840/1064/1336 1842/1065/1338 
f 1840/1064/1336 1841/1063/1335 1842/1065/1338 
f 1317/944/1145 1251/864/1063 1250/863/1062 1843/1066/1340 
f 1254/867/1066 1844/1067/1341 1843/1066/1342 1250/863/1062 
s 2
f 1844/1068/1343 1254/870/1069 1256/869/1068 1302/925/1126 
s 1
f 1302/928/1129 1304/927/1128 1845/1069/1344 1844/1067/1341 
f 1319/946/1147 1845/1069/1345 1304/927/1128 1306/931/1132 
f 1317/944/1145 1843/1066/1342 1845/1069/1344 1319/946/1147 
f 1843/1066/1342 1844/1067/1341 1845/1069/1344 
s 5
f 1846/1070/1346 1316/942/1143 1272/889/1088 1271/888/1087 
s 1
f 1271/893/1092 1275/892/1091 1847/1071/1347 1846/1072/1348 
f 1847/1071/1349 1275/892/1091 1276/895/1094 1318/945/1146 
f 1318/945/1146 1320/947/1148 1848/1073/1350 1847/1071/1347 
f 1848/1073/1351 1320/947/1148 1314/939/1140 1313/938/1139 
f 1313/938/1139 1316/941/1142 1846/1072/1348 1848/1073/1350 
f 1846/1072/1348 1847/1071/1347 1848/1073/1350 
s 10
f 1325/871/1070 1849/1042/1304 1338/881/1078 1327/868/1067 
s 9
f 1324/862/1061 1850/1044/1352 1849/1043/1353 1325/866/1065 
f 1850/1044/1354 1324/862/1061 1323/865/1064 1333/880/1075 
f 1850/1045/1352 1333/876/1075 1330/872/1149 1851/1046/1308 
f 1851/1046/1309 1330/872/1149 1329/875/1074 1340/884/1081 
f 1340/884/1081 1338/881/1153 1849/1042/1353 1851/1046/1308 
f 1849/1042/1353 1850/1045/1352 1851/1046/1308 
f 1852/1047/1355 1334/879/1076 1335/878/1077 1347/891/1090 
f 1345/894/1093 1853/1048/1356 1852/1047/1357 1347/891/1090 
s 13
f 1345/887/1086 1344/890/1089 1352/899/1102 1853/1049/1313 
s 9
f 1352/899/1155 1351/896/1154 1854/1050/1314 1853/1049/1356 
f 1854/1050/1315 1351/896/1154 1332/874/1073 1331/873/1150 
f 1334/877/1076 1852/1051/1357 1854/1050/1314 1331/873/1150 
f 1852/1051/1357 1853/1049/1356 1854/1050/1314 
f 1358/905/1106 1855/1052/1316 1362/911/1157 1360/909/1110 
f 1358/905/1106 1355/908/1109 1856/1053/1358 1855/1052/1359 
s 10
f 1355/902/1103 1337/883/1080 1336/882/1079 1856/1053/1319 
s 9
f 1856/1053/1358 1336/882/1152 1339/885/1151 1857/1054/1320 
f 1365/914/1159 1857/1054/1360 1339/885/1151 1341/886/1085 
f 1365/914/1159 1362/911/1157 1855/1052/1359 1857/1054/1320 
f 1855/1052/1359 1856/1053/1358 1857/1054/1320 
s 13
f 1370/923/1124 1858/1055/1322 1353/900/1101 1354/901/1100 
s 9
f 1370/919/1120 1369/916/1117 1859/1056/1361 1858/1055/1362 
f 1363/912/1158 1859/1056/1325 1369/916/1117 1364/913/1114 
f 1859/1056/1361 1363/912/1158 1366/915/1160 1860/1057/1326 
f 1349/897/1096 1860/1057/1327 1366/915/1160 1350/898/1097 
f 1349/897/1096 1353/900/1156 1858/1055/1362 1860/1057/1326 
f 1858/1055/1362 1859/1056/1361 1860/1057/1326 
f 1375/926/1127 1861/1058/1328 1379/932/1162 1377/930/1131 
f 1375/926/1127 1373/929/1130 1862/1059/1363 1861/1058/1330 
s 10
f 1862/1060/1331 1373/924/1125 1357/904/1105 1356/903/1104 
s 9
f 1862/1059/1363 1356/907/1108 1359/906/1107 1863/1061/1364 
f 1359/906/1107 1361/910/1111 1382/935/1164 1863/1061/1333 
f 1382/935/1164 1379/932/1162 1861/1058/1330 1863/1061/1364 
f 1861/1058/1330 1862/1059/1363 1863/1061/1364 
s 13
f 1387/943/1144 1864/1062/1334 1371/922/1123 1372/921/1122 
s 9
f 1387/940/1141 1386/937/1166 1865/1063/1335 1864/1064/1365 
f 1386/937/1166 1381/934/1135 1380/933/1163 1865/1063/1366 
f 1865/1063/1335 1380/933/1163 1383/936/1165 1866/1065/1367 
f 1866/1065/1339 1383/936/1165 1368/918/1119 1367/917/1118 
f 1367/917/1118 1371/920/1121 1864/1064/1365 1866/1065/1367 
f 1864/1064/1365 1865/1063/1335 1866/1065/1367 
f 1867/1066/1368 1389/944/1145 1322/864/1063 1321/863/1062 
f 1321/863/1062 1326/867/1066 1868/1067/1369 1867/1066/1370 
s 10
f 1374/925/1126 1868/1068/1343 1326/870/1069 1328/869/1068 
s 9
f 1374/928/1129 1376/927/1161 1869/1069/1344 1868/1067/1369 
f 1376/927/1161 1378/931/1132 1391/946/1167 1869/1069/1345 
f 1391/946/1167 1389/944/1145 1867/1066/1370 1869/1069/1344 
f 1867/1066/1370 1868/1067/1369 1869/1069/1344 
s 13
f 1388/942/1143 1343/889/1088 1342/888/1087 1870/1070/1346 
s 9
f 1342/893/1092 1346/892/1091 1871/1071/1371 1870/1072/1372 
f 1346/892/1091 1348/895/1094 1390/945/1146 1871/1071/1373 
f 1390/945/1146 1392/947/1168 1872/1073/1350 1871/1071/1371 
f 1384/938/1139 1872/1073/1351 1392/947/1168 1385/939/1140 
f 1384/938/1139 1388/941/1142 1870/1072/1372 1872/1073/1350 
f 1870/1072/1372 1871/1071/1371 1872/1073/1350 
s 17
f 1873/1074/1304 1408/881/1078 1399/868/1067 1397/949/1169 
f 1397/866/1169 1393/862/1061 1874/1044/1352 1873/1043/1305 
f 1874/1044/1307 1393/862/1061 1396/865/1064 1405/880/1174 
f 1405/950/1171 1404/872/1149 1875/1046/1308 1874/1045/1352 
f 1404/872/1149 1403/875/1074 1411/884/1081 1875/1046/1309 
f 1411/884/1081 1408/881/1153 1873/1074/1305 1875/1046/1308 
f 1873/1074/1305 1874/1045/1352 1875/1046/1308 
f 1406/879/1173 1407/878/1077 1418/891/1090 1876/1047/1310 
f 1418/891/1090 1417/894/1176 1877/1048/1374 1876/1047/1357 
f 1424/899/1102 1877/1075/1313 1417/953/1176 1416/890/1089 
f 1424/899/1098 1423/896/1154 1878/1050/1314 1877/1075/1374 
f 1878/1050/1375 1423/896/1154 1402/874/1073 1401/873/1150 
f 1406/951/1172 1876/1076/1357 1878/1050/1314 1401/873/1150 
f 1876/1076/1357 1877/1075/1374 1878/1050/1314 
f 1431/905/1106 1879/1052/1376 1436/911/1180 1432/909/1110 
f 1431/905/1106 1429/908/1178 1880/1053/1318 1879/1052/1359 
f 1880/1053/1319 1429/902/1178 1410/883/1080 1409/882/1079 
f 1880/1053/1318 1409/882/1083 1412/885/1082 1881/1054/1320 
f 1437/914/1159 1881/1054/1360 1412/885/1082 1413/886/1085 
f 1437/914/1159 1436/911/1182 1879/1052/1359 1881/1054/1320 
f 1879/1052/1359 1880/1053/1318 1881/1054/1320 
f 1882/1055/1322 1425/900/1101 1426/901/1100 1442/923/1183 
f 1441/916/1117 1883/1056/1361 1882/1055/1323 1442/919/1183 
f 1883/1056/1377 1441/916/1117 1435/913/1114 1434/912/1179 
f 1434/912/1181 1438/915/1160 1884/1057/1326 1883/1056/1361 
f 1884/1057/1327 1438/915/1160 1422/898/1097 1421/897/1096 
f 1421/897/1096 1425/900/1099 1882/1055/1323 1884/1057/1326 
f 1882/1055/1323 1883/1056/1361 1884/1057/1326 
f 1447/926/1127 1885/1058/1328 1452/932/1162 1449/930/1131 
f 1447/926/1127 1446/929/1130 1886/1059/1329 1885/1058/1330 
f 1428/904/1105 1427/903/1177 1886/1060/1331 1446/924/1125 
f 1427/907/1177 1430/906/1107 1887/1077/1364 1886/1059/1329 
f 1430/906/1107 1433/910/1111 1454/935/1187 1887/1077/1378 
f 1454/935/1185 1452/932/1162 1885/1058/1330 1887/1077/1364 
f 1885/1058/1330 1886/1059/1329 1887/1077/1364 
f 1444/921/1122 1459/943/1144 1888/1062/1334 1443/922/1184 
f 1459/940/1141 1456/937/1138 1889/1063/1335 1888/1064/1336 
f 1451/934/1135 1453/933/1163 1889/1063/1366 1456/937/1138 
f 1453/933/1163 1455/936/1186 1890/1078/1367 1889/1063/1335 
f 1890/1078/1379 1455/936/1188 1440/918/1119 1439/917/1118 
f 1439/917/1118 1443/920/1184 1888/1064/1336 1890/1078/1367 
f 1888/1064/1336 1889/1063/1335 1890/1078/1367 
f 1891/1066/1380 1462/944/1190 1395/864/1063 1394/863/1062 
f 1394/863/1062 1398/867/1170 1892/1067/1341 1891/1066/1370 
f 1445/925/1126 1892/1068/1343 1398/948/1170 1400/869/1068 
f 1445/928/1129 1448/927/1161 1893/1069/1344 1892/1067/1341 
f 1448/927/1161 1450/931/1132 1463/946/1167 1893/1069/1381 
f 1463/946/1167 1462/944/1192 1891/1066/1370 1893/1069/1344 
f 1891/1066/1370 1892/1067/1341 1893/1069/1344 
f 1460/942/1143 1415/889/1088 1414/952/1175 1894/1070/1346 
f 1414/893/1175 1419/892/1091 1895/1071/1371 1894/1072/1348 
f 1895/1071/1382 1419/892/1091 1420/895/1094 1461/945/1189 
f 1461/945/1191 1464/947/1168 1896/1073/1383 1895/1071/1371 
f 1896/1073/1351 1464/947/1168 1458/939/1140 1457/938/1139 
f 1457/938/1139 1460/941/1142 1894/1072/1348 1896/1073/1383 
f 1894/1072/1348 1895/1071/1371 1896/1073/1383 
s 24
f 1469/871/1169 1897/1042/1304 1481/881/1078 1471/868/1067 
f 1897/1043/1305 1469/866/1169 1466/862/1061 1898/1044/1352 
f 1466/862/1061 1465/865/1064 1477/880/1174 1898/1044/1307 
f 1477/876/1171 1476/872/1149 1899/1046/1308 1898/1045/1352 
f 1476/872/1149 1475/875/1074 1483/884/1081 1899/1046/1309 
f 1483/884/1081 1481/881/1084 1897/1042/1305 1899/1046/1308 
f 1897/1042/1305 1898/1045/1352 1899/1046/1308 
f 1478/879/1173 1479/878/1077 1490/891/1090 1900/1047/1310 
f 1490/891/1090 1489/894/1176 1901/1048/1311 1900/1047/1357 
f 1488/890/1089 1496/899/1102 1901/1049/1313 1489/887/1176 
f 1901/1049/1311 1496/899/1098 1493/896/1095 1902/1050/1314 
f 1902/1050/1375 1493/896/1095 1474/874/1073 1473/873/1150 
f 1473/873/1150 1478/877/1172 1900/1051/1357 1902/1050/1314 
f 1900/1051/1357 1901/1049/1311 1902/1050/1314 
f 1504/909/1110 1502/905/1106 1903/1052/1376 1508/911/1180 
f 1502/905/1106 1501/908/1178 1904/1053/1318 1903/1052/1359 
f 1482/882/1079 1904/1053/1319 1501/902/1178 1480/883/1080 
f 1482/882/1083 1484/885/1082 1905/1054/1320 1904/1053/1318 
f 1905/1054/1321 1484/885/1082 1485/886/1085 1509/914/1159 
f 1509/914/1159 1508/911/1182 1903/1052/1359 1905/1054/1320 
f 1903/1052/1359 1904/1053/1318 1905/1054/1320 
f 1497/900/1101 1498/901/1100 1514/923/1183 1906/1055/1322 
f 1906/1055/1323 1514/919/1183 1513/916/1117 1907/1056/1361 
f 1506/912/1179 1907/1056/1377 1513/916/1117 1507/913/1114 
f 1506/912/1181 1510/915/1160 1908/1057/1326 1907/1056/1361 
f 1510/915/1160 1495/898/1097 1494/897/1096 1908/1057/1327 
f 1494/897/1096 1497/900/1099 1906/1055/1323 1908/1057/1326 
f 1906/1055/1323 1907/1056/1361 1908/1057/1326 
f 1521/930/1131 1519/926/1127 1909/1058/1328 1525/932/1162 
f 1909/1058/1384 1519/926/1127 1518/929/1130 1910/1059/1329 
f 1499/903/1177 1910/1060/1331 1518/924/1125 1500/904/1105 
f 1910/1059/1329 1499/907/1177 1503/906/1107 1911/1077/1364 
f 1911/1077/1378 1503/906/1107 1505/910/1111 1526/935/1187 
f 1525/932/1162 1909/1058/1384 1911/1077/1364 1526/935/1185 
f 1909/1058/1384 1910/1059/1329 1911/1077/1364 
f 1531/943/1144 1912/1062/1334 1515/922/1184 1516/921/1122 
f 1912/1064/1336 1531/940/1141 1529/937/1138 1913/1063/1335 
f 1524/934/1135 1523/933/1163 1913/1063/1337 1529/937/1138 
f 1523/933/1163 1527/936/1186 1914/1078/1367 1913/1063/1335 
f 1527/936/1188 1512/918/1119 1511/917/1118 1914/1078/1379 
f 1511/917/1118 1515/920/1184 1912/1064/1336 1914/1078/1367 
f 1912/1064/1336 1913/1063/1335 1914/1078/1367 
f 1467/863/1062 1915/1066/1380 1533/944/1190 1468/864/1063 
f 1467/863/1062 1470/867/1170 1916/1067/1341 1915/1066/1370 
f 1916/1068/1343 1470/870/1170 1472/869/1068 1517/925/1126 
f 1517/928/1129 1520/927/1128 1917/1069/1344 1916/1067/1341 
f 1535/946/1167 1917/1069/1381 1520/927/1128 1522/931/1132 
f 1917/1069/1344 1535/946/1167 1533/944/1192 1915/1066/1370 
f 1915/1066/1370 1916/1067/1341 1917/1069/1344 
f 1486/888/1175 1918/1070/1346 1532/942/1143 1487/889/1088 
f 1918/1072/1348 1486/893/1175 1491/892/1091 1919/1071/1371 
f 1492/895/1094 1534/945/1189 1919/1071/1382 1491/892/1091 
f 1534/945/1191 1536/947/1168 1920/1073/1385 1919/1071/1371 
f 1536/947/1168 1528/939/1140 1530/938/1139 1920/1073/1351 
f 1530/938/1139 1532/941/1142 1918/1072/1348 1920/1073/1385 
f 1918/1072/1348 1919/1071/1371 1920/1073/1385 
s 32
f 1552/881/1078 1543/868/1067 1541/871/1169 1921/1042/1304 
f 1541/866/1169 1537/862/1065 1922/1044/1352 1921/1043/1386 
s 31
f 1549/880/1174 1922/1044/1307 1537/862/1193 1540/865/1064 
s 32
f 1922/1045/1352 1549/876/1171 1545/872/1195 1923/1046/1387 
f 1923/1046/1388 1545/872/1195 1548/875/1074 1555/884/1081 
f 1555/884/1081 1552/881/1084 1921/1042/1386 1923/1046/1387 
f 1921/1042/1386 1922/1045/1352 1923/1046/1387 
s 31
f 1550/879/1173 1551/878/1077 1562/891/1197 1924/1047/1310 
s 32
f 1924/1047/1357 1562/891/1093 1558/894/1176 1925/1048/1374 
f 1568/899/1102 1925/1049/1313 1558/887/1176 1561/890/1089 
f 1925/1049/1374 1568/899/1098 1565/896/1095 1926/1050/1389 
f 1926/1050/1375 1565/896/1095 1547/874/1073 1546/873/1150 
f 1546/873/1150 1550/877/1172 1924/1051/1357 1926/1050/1389 
f 1924/1051/1357 1925/1049/1374 1926/1050/1389 
s 36
f 1574/905/1199 1927/1052/1376 1578/911/1180 1576/909/1110 
s 32
f 1927/1052/1359 1574/905/1109 1571/908/1178 1928/1053/1390 
f 1571/902/1178 1554/883/1080 1553/882/1079 1928/1053/1319 
f 1553/882/1083 1556/885/1082 1929/1054/1391 1928/1053/1390 
f 1581/914/1159 1929/1054/1321 1556/885/1082 1557/886/1085 
f 1581/914/1159 1578/911/1182 1927/1052/1359 1929/1054/1391 
f 1927/1052/1359 1928/1053/1390 1929/1054/1391 
f 1569/900/1101 1570/901/1100 1586/923/1183 1930/1055/1322 
f 1930/1055/1392 1586/919/1183 1583/916/1120 1931/1056/1361 
s 36
f 1579/912/1179 1931/1056/1377 1583/916/1201 1580/913/1114 
s 32
f 1931/1056/1361 1579/912/1181 1582/915/1200 1932/1057/1393 
f 1932/1057/1394 1582/915/1200 1567/898/1097 1566/897/1096 
f 1566/897/1096 1569/900/1099 1930/1055/1392 1932/1057/1393 
f 1930/1055/1392 1931/1056/1361 1932/1057/1393 
f 1933/1058/1395 1595/932/1203 1593/930/1131 1591/926/1127 
f 1591/926/1127 1589/929/1130 1934/1059/1329 1933/1058/1330 
f 1589/924/1125 1573/904/1105 1572/903/1177 1934/1060/1331 
f 1934/1059/1329 1572/907/1177 1575/906/1108 1935/1077/1364 
s 36
f 1935/1077/1396 1575/906/1198 1577/910/1111 1598/935/1187 
s 32
f 1935/1077/1364 1598/935/1185 1595/932/1203 1933/1058/1330 
f 1933/1058/1330 1934/1059/1329 1935/1077/1364 
f 1936/1062/1334 1587/922/1184 1588/921/1122 1603/943/1144 
f 1936/1064/1336 1603/940/1141 1600/937/1138 1937/1063/1335 
f 1600/937/1138 1597/934/1135 1596/933/1163 1937/1063/1397 
f 1596/933/1163 1599/936/1186 1938/1078/1367 1937/1063/1335 
s 36
f 1938/1078/1398 1599/936/1188 1585/918/1119 1584/917/1202 
s 32
f 1584/917/1121 1587/920/1184 1936/1064/1336 1938/1078/1367 
f 1936/1064/1336 1937/1063/1335 1938/1078/1367 
s 31
f 1939/1066/1340 1605/944/1190 1539/864/1063 1538/863/1194 
s 32
f 1538/863/1066 1542/867/1170 1940/1067/1341 1939/1066/1370 
f 1542/870/1170 1544/869/1068 1590/925/1126 1940/1068/1343 
f 1590/928/1129 1592/927/1128 1941/1069/1344 1940/1067/1341 
f 1941/1069/1399 1592/927/1128 1594/931/1132 1607/946/1167 
f 1607/946/1167 1605/944/1192 1939/1066/1370 1941/1069/1344 
f 1939/1066/1370 1940/1067/1341 1941/1069/1344 
f 1942/1070/1346 1604/942/1143 1560/889/1088 1559/888/1175 
f 1559/893/1175 1563/892/1092 1943/1071/1371 1942/1072/1348 
s 31
f 1943/1071/1349 1563/892/1196 1564/895/1094 1606/945/1189 
s 32
f 1943/1071/1371 1606/945/1191 1608/947/1204 1944/1073/1350 
f 1608/947/1204 1602/939/1140 1601/938/1139 1944/1073/1400 
f 1601/938/1139 1604/941/1142 1942/1072/1348 1944/1073/1350 
f 1942/1072/1348 1943/1071/1371 1944/1073/1350 
s 41
f 1615/868/1067 1613/949/1169 1945/1074/1304 1626/881/1078 
f 1945/1043/1386 1613/866/1169 1612/862/1061 1946/1044/1352 
f 1621/880/1174 1946/1044/1307 1612/862/1061 1611/865/1064 
f 1946/1045/1352 1621/950/1171 1618/872/1149 1947/1046/1387 
f 1947/1046/1388 1618/872/1149 1617/875/1074 1628/884/1081 
f 1628/884/1081 1626/881/1084 1945/1074/1386 1947/1046/1387 
f 1945/1074/1386 1946/1045/1352 1947/1046/1387 
f 1622/879/1173 1623/878/1077 1634/891/1090 1948/1047/1310 
f 1634/891/1090 1631/894/1176 1949/1048/1374 1948/1047/1357 
f 1640/899/1102 1949/1049/1313 1631/953/1176 1630/890/1089 
f 1949/1049/1374 1640/899/1098 1637/896/1095 1950/1050/1314 
f 1637/896/1095 1620/874/1073 1619/873/1150 1950/1050/1375 
f 1619/873/1150 1622/951/1172 1948/1076/1357 1950/1050/1314 
f 1948/1076/1357 1949/1049/1374 1950/1050/1314 
f 1646/905/1106 1951/1052/1376 1650/911/1180 1648/909/1110 
f 1951/1052/1359 1646/905/1106 1643/908/1178 1952/1053/1390 
f 1643/902/1178 1625/883/1080 1624/882/1079 1952/1053/1319 
f 1624/882/1083 1627/885/1082 1953/1054/1320 1952/1053/1390 
f 1629/886/1085 1653/914/1159 1953/1054/1321 1627/885/1082 
f 1650/911/1182 1951/1052/1359 1953/1054/1320 1653/914/1159 
f 1951/1052/1359 1952/1053/1390 1953/1054/1320 
f 1641/900/1101 1642/901/1100 1658/923/1183 1954/1055/1322 
f 1658/919/1183 1657/916/1117 1955/1056/1361 1954/1055/1392 
f 1657/916/1117 1652/913/1114 1651/912/1179 1955/1056/1377 
f 1651/912/1181 1654/915/1160 1956/1057/1393 1955/1056/1361 
f 1638/897/1096 1956/1057/1394 1654/915/1160 1639/898/1097 
f 1638/897/1096 1641/900/1099 1954/1055/1392 1956/1057/1393 
f 1954/1055/1392 1955/1056/1361 1956/1057/1393 
f 1663/926/1127 1957/1058/1395 1667/932/1203 1665/930/1131 
f 1957/1058/1330 1663/926/1127 1661/929/1206 1958/1059/1329 
f 1644/903/1177 1958/1060/1331 1661/924/1125 1645/904/1105 
f 1644/907/1177 1647/906/1107 1959/1077/1364 1958/1059/1329 
f 1670/935/1187 1959/1077/1396 1647/906/1107 1649/910/1111 
f 1667/932/1203 1957/1058/1330 1959/1077/1364 1670/935/1185 
f 1957/1058/1330 1958/1059/1329 1959/1077/1364 
f 1659/922/1184 1660/921/1122 1675/943/1144 1960/1062/1334 
f 1675/940/1208 1674/937/1138 1961/1063/1335 1960/1064/1336 
f 1668/933/1207 1961/1063/1397 1674/937/1138 1669/934/1135 
f 1668/933/1207 1671/936/1186 1962/1065/1367 1961/1063/1335 
f 1655/917/1118 1962/1065/1398 1671/936/1188 1656/918/1119 
f 1655/917/1118 1659/920/1184 1960/1064/1336 1962/1065/1367 
f 1960/1064/1336 1961/1063/1335 1962/1065/1367 
f 1963/1066/1340 1677/944/1190 1610/864/1063 1609/863/1062 
f 1609/863/1062 1614/867/1170 1964/1067/1341 1963/1066/1370 
f 1964/1068/1343 1614/948/1170 1616/869/1068 1662/925/1126 
f 1964/1067/1341 1662/928/1205 1664/927/1128 1965/1069/1344 
f 1664/927/1128 1666/931/1132 1679/946/1210 1965/1069/1399 
f 1679/946/1210 1677/944/1192 1963/1066/1370 1965/1069/1344 
f 1963/1066/1370 1964/1067/1341 1965/1069/1344 
f 1676/942/1143 1633/889/1088 1632/952/1175 1966/1070/1346 
f 1966/1072/1348 1632/893/1175 1635/892/1091 1967/1071/1371 
f 1635/892/1091 1636/895/1094 1678/945/1189 1967/1071/1349 
f 1678/945/1191 1680/947/1204 1968/1073/1350 1967/1071/1371 
f 1968/1073/1400 1680/947/1204 1673/939/1140 1672/938/1139 
f 1672/938/1139 1676/941/1209 1966/1072/1348 1968/1073/1350 
f 1966/1072/1348 1967/1071/1371 1968/1073/1350 
s 49
f 1685/963/1220 1969/1079/1304 1696/973/1230 1687/960/1217 
s 48
f 1685/958/1215 1681/954/1211 1970/1080/1352 1969/1081/1386 
f 1970/1080/1307 1681/954/1211 1684/957/1214 1693/972/1229 
f 1693/968/1225 1692/967/1224 1971/1082/1387 1970/1083/1352 
f 1699/976/1233 1971/1082/1401 1692/967/1224 1691/966/1223 
f 1699/976/1233 1696/973/1236 1969/1079/1386 1971/1082/1387 
f 1969/1079/1386 1970/1083/1352 1971/1082/1387 
f 1972/1084/1310 1694/971/1228 1695/970/1227 1706/983/1242 
f 1706/983/1242 1705/986/1245 1973/1085/1374 1972/1084/1357 
s 52
f 1705/982/1241 1704/981/1240 1712/991/1254 1973/1086/1313 
s 48
f 1712/991/1250 1711/990/1249 1974/1087/1389 1973/1086/1374 
f 1974/1087/1402 1711/990/1249 1690/965/1222 1689/964/1221 
f 1694/969/1226 1972/1088/1357 1974/1087/1389 1689/964/1221 
f 1972/1088/1357 1973/1086/1374 1974/1087/1389 
f 1719/1000/1261 1975/1089/1376 1724/1005/1266 1720/1001/1262 
f 1719/1000/1261 1717/999/1260 1976/1053/1403 1975/1089/1359 
s 49
f 1976/1053/1319 1717/996/1257 1698/975/1232 1697/974/1231 
s 48
f 1976/1053/1403 1697/974/1235 1700/977/1234 1977/1090/1320 
f 1977/1090/1404 1700/977/1234 1701/978/1237 1725/1006/1267 
f 1725/1006/1267 1724/1005/1266 1975/1089/1359 1977/1090/1320 
f 1975/1089/1359 1976/1053/1403 1977/1090/1320 
s 52
f 1978/1055/1322 1713/992/1253 1714/993/1252 1731/1015/1276 
s 48
f 1731/1012/1273 1729/1010/1271 1979/1091/1405 1978/1055/1406 
f 1979/1091/1407 1729/1010/1271 1723/1004/1265 1722/1003/1264 
f 1722/1003/1264 1726/1007/1268 1980/1092/1326 1979/1091/1405 
f 1980/1092/1408 1726/1007/1268 1710/989/1248 1709/988/1247 
f 1713/992/1251 1978/1055/1406 1980/1092/1326 1709/988/1247 
f 1978/1055/1406 1979/1091/1405 1980/1092/1326 
f 1735/1018/1279 1981/1093/1409 1740/1025/1286 1737/1022/1283 
f 1981/1093/1330 1735/1018/1279 1733/1021/1282 1982/1059/1329 
s 49
f 1716/995/1256 1715/994/1255 1982/1060/1331 1733/1016/1277 
s 48
f 1715/998/1259 1718/997/1258 1983/1094/1364 1982/1059/1329 
f 1718/997/1258 1721/1002/1263 1742/1027/1288 1983/1094/1410 
f 1742/1027/1288 1740/1025/1286 1981/1093/1330 1983/1094/1364 
f 1981/1093/1330 1982/1059/1329 1983/1094/1364 
s 52
f 1732/1013/1274 1747/1035/1296 1984/1062/1334 1730/1014/1275 
s 48
f 1747/1032/1293 1744/1029/1290 1985/1095/1335 1984/1064/1336 
f 1739/1024/1285 1741/1026/1287 1985/1095/1366 1744/1029/1290 
f 1741/1026/1287 1743/1028/1289 1986/1096/1411 1985/1095/1335 
f 1986/1096/1398 1743/1028/1289 1728/1009/1270 1727/1008/1269 
f 1727/1008/1269 1730/1011/1272 1984/1064/1336 1986/1096/1411 
f 1984/1064/1336 1985/1095/1335 1986/1096/1411 
f 1987/1097/1340 1750/1037/1298 1683/956/1213 1682/955/1212 
f 1987/1097/1370 1682/955/1212 1686/959/1216 1988/1067/1341 
s 49
f 1734/1017/1278 1988/1068/1343 1686/962/1219 1688/961/1218 
s 48
f 1988/1067/1341 1734/1020/1281 1736/1019/1280 1989/1098/1412 
f 1736/1019/1280 1738/1023/1284 1751/1038/1299 1989/1098/1413 
f 1751/1038/1299 1750/1037/1302 1987/1097/1370 1989/1098/1412 
f 1987/1097/1370 1988/1067/1341 1989/1098/1412 
s 52
f 1990/1070/1346 1748/1034/1295 1703/980/1239 1702/979/1238 
s 48
f 1990/1072/1348 1702/985/1244 1707/984/1243 1991/1099/1371 
f 1749/1036/1297 1991/1099/1349 1707/984/1243 1708/987/1246 
f 1991/1099/1371 1749/1036/1301 1752/1039/1300 1992/1100/1383 
f 1752/1039/1300 1746/1031/1292 1745/1030/1291 1992/1100/1400 
f 1748/1033/1294 1990/1072/1348 1992/1100/1383 1745/1030/1291 
f 1990/1072/1348 1991/1099/1371 1992/1100/1383 
s 58
f 1993/1079/1304 1769/973/1230 1759/960/1217 1757/963/1220 
s 57
f 1993/1081/1386 1757/958/1215 1754/954/1211 1994/1080/1352 
f 1754/954/1211 1753/957/1214 1765/972/1229 1994/1080/1414 
f 1765/968/1225 1764/967/1224 1995/1082/1415 1994/1083/1352 
f 1764/967/1224 1763/966/1223 1771/976/1233 1995/1082/1309 
f 1995/1082/1415 1771/976/1233 1769/973/1236 1993/1079/1386 
f 1993/1079/1386 1994/1083/1352 1995/1082/1415 
f 1766/971/1228 1767/970/1227 1778/983/1242 1996/1084/1416 
f 1996/1084/1357 1778/983/1242 1777/986/1245 1997/1085/1374 
s 61
f 1776/981/1240 1784/991/1254 1997/1101/1313 1777/1041/1241 
s 57
f 1784/991/1250 1781/990/1249 1998/1087/1417 1997/1101/1374 
f 1998/1087/1418 1781/990/1249 1762/965/1222 1761/964/1221 
f 1761/964/1221 1766/969/1226 1996/1102/1357 1998/1087/1417 
f 1996/1102/1357 1997/1101/1374 1998/1087/1417 
f 1790/1000/1261 1999/1089/1376 1796/1005/1266 1792/1001/1262 
f 1789/999/1260 2000/1053/1390 1999/1089/1359 1790/1000/1261 
s 58
f 1768/975/1232 1770/974/1231 2000/1053/1319 1789/996/1303 
s 57
f 1770/974/1235 1772/977/1234 2001/1090/1320 2000/1053/1390 
f 2001/1090/1360 1772/977/1234 1773/978/1237 1797/1006/1267 
f 1797/1006/1267 1796/1005/1266 1999/1089/1359 2001/1090/1320 
f 1999/1089/1359 2000/1053/1390 2001/1090/1320 
s 61
f 1786/993/1252 1802/1015/1276 2002/1055/1322 1785/992/1253 
s 57
f 1802/1012/1273 1801/1010/1271 2003/1091/1361 2002/1055/1392 
f 1801/1010/1271 1795/1004/1265 1794/1003/1264 2003/1091/1407 
f 1794/1003/1264 1798/1007/1268 2004/1092/1326 2003/1091/1361 
f 2004/1092/1419 1798/1007/1268 1783/989/1248 1782/988/1247 
f 1782/988/1247 1785/992/1251 2002/1055/1392 2004/1092/1326 
f 2002/1055/1392 2003/1091/1361 2004/1092/1326 
f 1807/1018/1279 2005/1093/1409 1813/1025/1286 1809/1022/1283 
f 1807/1018/1279 1806/1021/1282 2006/1059/1329 2005/1093/1330 
s 58
f 1787/994/1255 2006/1060/1331 1806/1016/1277 1788/995/1256 
s 57
f 1787/998/1259 1791/997/1258 2007/1094/1364 2006/1059/1329 
f 2007/1094/1410 1791/997/1258 1793/1002/1263 1814/1027/1288 
f 1814/1027/1288 1813/1025/1286 2005/1093/1330 2007/1094/1364 
f 2005/1093/1330 2006/1059/1329 2007/1094/1364 
s 61
f 1819/1035/1296 2008/1062/1334 1803/1014/1275 1804/1013/1274 
s 57
f 1819/1032/1293 1817/1029/1290 2009/1095/1335 2008/1064/1336 
f 1811/1026/1287 2009/1095/1366 1817/1029/1290 1812/1024/1285 
f 1811/1026/1287 1815/1028/1289 2010/1096/1367 2009/1095/1335 
f 2010/1096/1398 1815/1028/1289 1800/1009/1270 1799/1008/1269 
f 2010/1096/1367 1799/1008/1269 1803/1011/1272 2008/1064/1336 
f 2008/1064/1336 2009/1095/1335 2010/1096/1367 
f 1755/955/1212 2011/1097/1340 1821/1037/1298 1756/956/1213 
f 1755/955/1212 1758/959/1216 2012/1067/1341 2011/1097/1370 
s 58
f 2012/1068/1343 1758/962/1219 1760/961/1218 1805/1017/1278 
s 57
f 1805/1020/1281 1808/1019/1280 2013/1098/1420 2012/1067/1341 
f 1823/1038/1299 2013/1098/1399 1808/1019/1280 1810/1023/1284 
f 1823/1038/1299 1821/1037/1302 2011/1097/1370 2013/1098/1420 
f 2011/1097/1370 2012/1067/1341 2013/1098/1420 
s 61
f 1774/1040/1238 2014/1070/1346 1820/1034/1295 1775/980/1239 
s 57
f 1774/985/1244 1779/984/1243 2015/1099/1371 2014/1072/1348 
f 1822/1036/1297 2015/1099/1349 1779/984/1243 1780/987/1246 
f 1822/1036/1301 1824/1039/1300 2016/1100/1385 2015/1099/1371 
f 1824/1039/1300 1816/1031/1292 1818/1030/1291 2016/1100/1400 
f 1818/1030/1291 1820/1033/1294 2014/1072/1348 2016/1100/1385 
f 2014/1072/1348 2015/1099/1371 2016/1100/1385 
# 720 polygons - 64 triangles

#
# object BookShelf_Leg1
#

v  46.3326 147.6400 -124.4876
v  46.3326 147.6400 -94.9596
v  46.2592 147.6204 -94.9596
v  46.2592 147.6204 -124.4876
v  46.3863 147.6937 -124.4876
v  46.3863 147.6937 -94.9596
v  46.4059 147.7670 -124.4876
v  46.4059 147.7670 -94.9596
v  46.2592 147.6937 -124.6146
v  45.5747 147.6937 -124.6146
v  45.5747 147.7670 -124.6343
v  46.2592 147.7670 -124.6343
v  46.2592 147.6400 -124.5609
v  45.5747 147.6400 -124.5609
v  45.5747 147.6204 -124.4876
v  46.3863 147.7670 -124.5609
v  46.3863 148.4516 -124.5609
v  46.4059 148.4516 -124.4876
v  46.3326 147.7670 -124.6146
v  46.3326 148.4516 -124.6146
v  46.2592 148.4516 -124.6343
v  45.4476 147.6937 -124.4876
v  45.4476 147.6937 -94.9596
v  45.4280 147.7670 -94.9596
v  45.4280 147.7670 -124.4876
v  45.5013 147.6400 -124.4876
v  45.5013 147.6400 -94.9596
v  45.5747 147.6204 -94.9596
v  45.5013 147.7670 -124.6146
v  45.5013 148.4516 -124.6146
v  45.5747 148.4516 -124.6343
v  45.4476 147.7670 -124.5609
v  45.4476 148.4516 -124.5609
v  45.4280 148.4516 -124.4876
v  46.3863 148.5249 -124.4876
v  46.3863 148.5249 -94.9596
v  46.4059 148.4516 -94.9596
v  46.3326 148.5786 -124.4876
v  46.3326 148.5786 -94.9596
v  46.2592 148.5983 -124.4876
v  46.2592 148.5983 -94.9596
v  46.2592 148.5786 -124.5609
v  45.5747 148.5786 -124.5609
v  45.5747 148.5983 -124.4876
v  46.2592 148.5249 -124.6146
v  45.5747 148.5249 -124.6146
v  45.5013 148.5786 -124.4876
v  45.5013 148.5786 -94.9596
v  45.5747 148.5983 -94.9596
v  45.4476 148.5249 -124.4876
v  45.4476 148.5249 -94.9596
v  45.4280 148.4516 -94.9596
v  46.3863 148.4516 -94.8862
v  46.3863 147.7670 -94.8862
v  46.3326 148.4516 -94.8326
v  46.3326 147.7670 -94.8326
v  46.2592 148.4516 -94.8129
v  46.2592 147.7670 -94.8129
v  46.2592 148.5249 -94.8326
v  45.5747 148.5249 -94.8326
v  45.5747 148.4516 -94.8129
v  46.2592 148.5786 -94.8862
v  45.5747 148.5786 -94.8862
v  45.5013 148.4516 -94.8326
v  45.5013 147.7670 -94.8326
v  45.5747 147.7670 -94.8129
v  45.4476 148.4516 -94.8862
v  45.4476 147.7670 -94.8862
v  46.2592 147.6400 -94.8862
v  45.5747 147.6400 -94.8862
v  46.2592 147.6937 -94.8326
v  45.5747 147.6937 -94.8326
v  46.3326 112.3535 -94.9596
v  46.2592 112.3339 -94.9596
v  46.2592 112.3339 -124.4876
v  46.3326 112.3535 -124.4876
v  46.3863 112.4072 -124.4876
v  46.3863 112.4072 -94.9596
v  46.4059 112.4805 -124.4876
v  46.4059 112.4805 -94.9596
v  46.2592 112.4805 -124.6343
v  46.2592 112.4072 -124.6146
v  45.5747 112.4072 -124.6146
v  45.5747 112.4805 -124.6343
v  46.2592 112.3535 -124.5609
v  45.5747 112.3535 -124.5609
v  45.5747 112.3339 -124.4876
v  46.3863 113.1651 -124.5609
v  46.4059 113.1651 -124.4876
v  46.3863 112.4805 -124.5609
v  46.3326 113.1651 -124.6146
v  46.3326 112.4805 -124.6146
v  46.2592 113.1651 -124.6343
v  45.4476 112.4072 -94.9596
v  45.4280 112.4805 -94.9596
v  45.4280 112.4805 -124.4876
v  45.4476 112.4072 -124.4876
v  45.5013 112.3535 -94.9596
v  45.5013 112.3535 -124.4876
v  45.5747 112.3339 -94.9596
v  45.5013 113.1651 -124.6146
v  45.5747 113.1651 -124.6343
v  45.5013 112.4805 -124.6146
v  45.4476 112.4805 -124.5609
v  45.4476 113.1651 -124.5609
v  45.4280 113.1651 -124.4876
v  46.3863 113.2384 -124.4876
v  46.3863 113.2384 -94.9596
v  46.4059 113.1651 -94.9596
v  46.3326 113.2921 -124.4876
v  46.3326 113.2921 -94.9596
v  46.2592 113.3118 -124.4876
v  46.2592 113.3118 -94.9596
v  46.2592 113.2921 -124.5609
v  45.5747 113.2921 -124.5609
v  45.5747 113.3118 -124.4876
v  46.2592 113.2384 -124.6146
v  45.5747 113.2384 -124.6146
v  45.5013 113.2921 -94.9596
v  45.5747 113.3118 -94.9596
v  45.5013 113.2921 -124.4876
v  45.4476 113.2384 -124.4876
v  45.4476 113.2384 -94.9596
v  45.4280 113.1651 -94.9596
v  46.3863 113.1651 -94.8862
v  46.3863 112.4805 -94.8862
v  46.3326 113.1651 -94.8326
v  46.3326 112.4805 -94.8326
v  46.2592 113.1651 -94.8129
v  46.2592 112.4805 -94.8129
v  46.2592 113.2384 -94.8326
v  45.5747 113.2384 -94.8326
v  45.5747 113.1651 -94.8129
v  46.2592 113.2921 -94.8862
v  45.5747 113.2921 -94.8862
v  45.5013 112.4805 -94.8326
v  45.5747 112.4805 -94.8129
v  45.5013 113.1651 -94.8326
v  45.4476 113.1651 -94.8862
v  45.4476 112.4805 -94.8862
v  46.2592 112.3535 -94.8862
v  45.5747 112.3535 -94.8862
v  46.2592 112.4072 -94.8326
v  45.5747 112.4072 -94.8326
v  46.3326 77.0670 -124.4876
v  46.3326 77.0670 -94.9596
v  46.2592 77.0474 -94.9596
v  46.2592 77.0474 -124.4876
v  46.3863 77.1207 -124.4876
v  46.3863 77.1207 -94.9596
v  46.4059 77.1940 -124.4876
v  46.4059 77.1940 -94.9596
v  45.5747 77.1207 -124.6146
v  45.5747 77.1940 -124.6343
v  46.2592 77.1940 -124.6343
v  46.2592 77.1207 -124.6146
v  46.2592 77.0670 -124.5609
v  45.5747 77.0670 -124.5609
v  45.5747 77.0474 -124.4876
v  46.3863 77.1940 -124.5609
v  46.3863 77.8786 -124.5609
v  46.4059 77.8786 -124.4876
v  46.3326 77.1940 -124.6146
v  46.3326 77.8786 -124.6146
v  46.2592 77.8786 -124.6343
v  45.4476 77.1207 -94.9596
v  45.4280 77.1940 -94.9596
v  45.4280 77.1940 -124.4876
v  45.4476 77.1207 -124.4876
v  45.5013 77.0670 -124.4876
v  45.5013 77.0670 -94.9596
v  45.5747 77.0474 -94.9596
v  45.5013 77.8786 -124.6146
v  45.5747 77.8786 -124.6343
v  45.5013 77.1940 -124.6146
v  45.4476 77.1940 -124.5609
v  45.4476 77.8786 -124.5609
v  45.4280 77.8786 -124.4876
v  46.3863 77.9520 -94.9596
v  46.4059 77.8786 -94.9596
v  46.3863 77.9520 -124.4876
v  46.3326 78.0056 -94.9596
v  46.3326 78.0056 -124.4876
v  46.2592 78.0253 -124.4876
v  46.2592 78.0253 -94.9596
v  45.5747 78.0056 -124.5609
v  45.5747 78.0253 -124.4876
v  46.2592 78.0056 -124.5609
v  46.2592 77.9520 -124.6146
v  45.5747 77.9520 -124.6146
v  45.5013 78.0056 -94.9596
v  45.5747 78.0253 -94.9596
v  45.5013 78.0056 -124.4876
v  45.4476 77.9520 -124.4876
v  45.4476 77.9520 -94.9596
v  45.4280 77.8786 -94.9596
v  46.3863 77.1940 -94.8862
v  46.3863 77.8786 -94.8862
v  46.3326 77.8786 -94.8326
v  46.3326 77.1940 -94.8326
v  46.2592 77.8786 -94.8129
v  46.2592 77.1940 -94.8129
v  45.5747 77.8786 -94.8129
v  46.2592 77.9520 -94.8326
v  45.5747 77.9520 -94.8326
v  46.2592 78.0056 -94.8862
v  45.5747 78.0056 -94.8862
v  45.5013 77.8786 -94.8326
v  45.5013 77.1940 -94.8326
v  45.5747 77.1940 -94.8129
v  45.4476 77.8786 -94.8862
v  45.4476 77.1940 -94.8862
v  45.5747 77.0670 -94.8862
v  46.2592 77.0670 -94.8862
v  46.2592 77.1207 -94.8326
v  45.5747 77.1207 -94.8326
v  46.2592 41.7609 -124.4876
v  46.3326 41.7805 -124.4876
v  46.3326 41.7805 -94.9596
v  46.2592 41.7609 -94.9596
v  46.3863 41.8342 -124.4876
v  46.3863 41.8342 -94.9596
v  46.4059 41.9075 -124.4876
v  46.4059 41.9075 -94.9596
v  45.5747 41.8342 -124.6146
v  45.5747 41.9075 -124.6343
v  46.2592 41.9075 -124.6343
v  46.2592 41.8342 -124.6146
v  46.2592 41.7805 -124.5609
v  45.5747 41.7805 -124.5609
v  45.5747 41.7609 -124.4876
v  46.4059 42.5921 -124.4876
v  46.3863 41.9075 -124.5609
v  46.3863 42.5921 -124.5609
v  46.3326 41.9075 -124.6146
v  46.3326 42.5921 -124.6146
v  46.2592 42.5921 -124.6343
v  45.4476 41.8342 -94.9596
v  45.4280 41.9075 -94.9596
v  45.4280 41.9075 -124.4876
v  45.4476 41.8342 -124.4876
v  45.5013 41.7805 -124.4876
v  45.5013 41.7805 -94.9596
v  45.5747 41.7609 -94.9596
v  45.5013 41.9075 -124.6146
v  45.5013 42.5921 -124.6146
v  45.5747 42.5921 -124.6343
v  45.4476 41.9075 -124.5609
v  45.4476 42.5921 -124.5609
v  45.4280 42.5921 -124.4876
v  46.3863 42.6655 -94.9596
v  46.4059 42.5921 -94.9596
v  46.3863 42.6655 -124.4876
v  46.3326 42.7192 -124.4876
v  46.3326 42.7192 -94.9596
v  46.2592 42.7388 -124.4876
v  46.2592 42.7388 -94.9596
v  45.5747 42.7192 -124.5609
v  45.5747 42.7388 -124.4876
v  46.2592 42.7192 -124.5609
v  46.2592 42.6655 -124.6146
v  45.5747 42.6655 -124.6146
v  45.5013 42.7192 -94.9596
v  45.5747 42.7388 -94.9596
v  45.5013 42.7192 -124.4876
v  45.4476 42.6655 -124.4876
v  45.4476 42.6655 -94.9596
v  45.4280 42.5921 -94.9596
v  46.3863 41.9075 -94.8862
v  46.3863 42.5921 -94.8862
v  46.3326 42.5921 -94.8326
v  46.3326 41.9075 -94.8326
v  46.2592 42.5921 -94.8129
v  46.2592 41.9075 -94.8129
v  45.5747 42.6655 -94.8326
v  45.5747 42.5921 -94.8129
v  46.2592 42.6655 -94.8326
v  46.2592 42.7192 -94.8862
v  45.5747 42.7192 -94.8862
v  45.5747 41.9075 -94.8129
v  45.5013 42.5921 -94.8326
v  45.5013 41.9075 -94.8326
v  45.4476 42.5921 -94.8862
v  45.4476 41.9075 -94.8862
v  46.2592 41.7805 -94.8862
v  45.5747 41.7805 -94.8862
v  46.2592 41.8342 -94.8326
v  45.5747 41.8342 -94.8326
v  46.3326 6.4940 -124.4876
v  46.3326 6.4940 -94.9596
v  46.2592 6.4744 -94.9596
v  46.2592 6.4744 -124.4876
v  46.3863 6.5477 -124.4876
v  46.3863 6.5477 -94.9596
v  46.4059 6.6210 -124.4876
v  46.4059 6.6210 -94.9596
v  46.2592 6.5477 -124.6146
v  45.5747 6.5477 -124.6146
v  45.5747 6.6210 -124.6343
v  46.2592 6.6210 -124.6343
v  46.2592 6.4940 -124.5609
v  45.5747 6.4940 -124.5609
v  45.5747 6.4744 -124.4876
v  46.3863 6.6210 -124.5609
v  46.3863 7.3056 -124.5609
v  46.4059 7.3056 -124.4876
v  46.3326 6.6210 -124.6146
v  46.3326 7.3056 -124.6146
v  46.2592 7.3056 -124.6343
v  45.4476 6.5477 -124.4876
v  45.4476 6.5477 -94.9596
v  45.4280 6.6210 -94.9596
v  45.4280 6.6210 -124.4876
v  45.5013 6.4940 -124.4876
v  45.5013 6.4940 -94.9596
v  45.5747 6.4744 -94.9596
v  45.5013 6.6210 -124.6146
v  45.5013 7.3056 -124.6146
v  45.5747 7.3056 -124.6343
v  45.4476 6.6210 -124.5609
v  45.4476 7.3056 -124.5609
v  45.4280 7.3056 -124.4876
v  46.3863 7.3790 -124.4876
v  46.3863 7.3790 -94.9596
v  46.4059 7.3056 -94.9596
v  46.3326 7.4327 -124.4876
v  46.3326 7.4327 -94.9596
v  46.2592 7.4523 -124.4876
v  46.2592 7.4523 -94.9596
v  46.2592 7.4327 -124.5609
v  45.5747 7.4327 -124.5609
v  45.5747 7.4523 -124.4876
v  46.2592 7.3790 -124.6146
v  45.5747 7.3790 -124.6146
v  45.5013 7.4327 -124.4876
v  45.5013 7.4327 -94.9596
v  45.5747 7.4523 -94.9596
v  45.4476 7.3790 -124.4876
v  45.4476 7.3790 -94.9596
v  45.4280 7.3056 -94.9596
v  46.3863 7.3056 -94.8862
v  46.3863 6.6210 -94.8862
v  46.3326 7.3056 -94.8326
v  46.3326 6.6210 -94.8326
v  46.2592 7.3056 -94.8129
v  46.2592 6.6210 -94.8129
v  46.2592 7.3790 -94.8326
v  45.5747 7.3790 -94.8326
v  45.5747 7.3056 -94.8129
v  46.2592 7.4327 -94.8862
v  45.5747 7.4327 -94.8862
v  45.5013 7.3056 -94.8326
v  45.5013 6.6210 -94.8326
v  45.5747 6.6210 -94.8129
v  45.4476 7.3056 -94.8862
v  45.4476 6.6210 -94.8862
v  46.2592 6.4940 -94.8862
v  45.5747 6.4940 -94.8862
v  46.2592 6.5477 -94.8326
v  45.5747 6.5477 -94.8326
v  46.3326 -28.7925 -94.9596
v  46.2592 -28.8121 -94.9596
v  46.2592 -28.8121 -124.4876
v  46.3326 -28.7925 -124.4876
v  46.3863 -28.7388 -124.4876
v  46.3863 -28.7388 -94.9596
v  46.4059 -28.6655 -124.4876
v  46.4059 -28.6655 -94.9596
v  46.2592 -28.6655 -124.6343
v  46.2592 -28.7388 -124.6146
v  45.5747 -28.7388 -124.6146
v  45.5747 -28.6655 -124.6343
v  46.2592 -28.7925 -124.5609
v  45.5747 -28.7925 -124.5609
v  45.5747 -28.8121 -124.4876
v  46.3863 -27.9809 -124.5609
v  46.4059 -27.9809 -124.4876
v  46.3863 -28.6655 -124.5609
v  46.3326 -27.9809 -124.6146
v  46.3326 -28.6655 -124.6146
v  46.2592 -27.9809 -124.6343
v  45.4280 -28.6655 -124.4876
v  45.4476 -28.7388 -124.4876
v  45.4476 -28.7388 -94.9596
v  45.4280 -28.6655 -94.9596
v  45.5013 -28.7925 -124.4876
v  45.5013 -28.7925 -94.9596
v  45.5747 -28.8121 -94.9596
v  45.5013 -28.6655 -124.6146
v  45.5013 -27.9809 -124.6146
v  45.5747 -27.9809 -124.6343
v  45.4476 -28.6655 -124.5609
v  45.4476 -27.9809 -124.5609
v  45.4280 -27.9809 -124.4876
v  46.3863 -27.9075 -124.4876
v  46.3863 -27.9075 -94.9596
v  46.4059 -27.9809 -94.9596
v  46.3326 -27.8538 -124.4876
v  46.3326 -27.8538 -94.9596
v  46.2592 -27.8342 -124.4876
v  46.2592 -27.8342 -94.9596
v  46.2592 -27.8538 -124.5609
v  45.5747 -27.8538 -124.5609
v  45.5747 -27.8342 -124.4876
v  46.2592 -27.9075 -124.6146
v  45.5747 -27.9075 -124.6146
v  45.5013 -27.8538 -94.9596
v  45.5747 -27.8342 -94.9596
v  45.5013 -27.8538 -124.4876
v  45.4476 -27.9075 -124.4876
v  45.4476 -27.9075 -94.9596
v  45.4280 -27.9809 -94.9596
v  46.3863 -27.9809 -94.8862
v  46.3863 -28.6655 -94.8862
v  46.3326 -27.9809 -94.8326
v  46.3326 -28.6655 -94.8326
v  46.2592 -27.9809 -94.8129
v  46.2592 -28.6655 -94.8129
v  46.2592 -27.9075 -94.8326
v  45.5747 -27.9075 -94.8326
v  45.5747 -27.9809 -94.8129
v  46.2592 -27.8538 -94.8862
v  45.5747 -27.8538 -94.8862
v  45.5013 -28.6655 -94.8326
v  45.5747 -28.6655 -94.8129
v  45.5013 -27.9809 -94.8326
v  45.4476 -27.9809 -94.8862
v  45.4476 -28.6655 -94.8862
v  46.2592 -28.7925 -94.8862
v  45.5747 -28.7925 -94.8862
v  46.2592 -28.7388 -94.8326
v  45.5747 -28.7388 -94.8326
v  46.4791 -31.2721 -125.3829
v  46.4791 -31.2721 -124.4053
v  46.4057 -31.2918 -124.4053
v  46.4057 -31.2918 -125.3829
v  46.5328 -31.2184 -125.3829
v  46.5328 -31.2184 -124.4053
v  46.5524 -31.1451 -125.3829
v  46.5524 -31.1451 -124.4053
v  45.4281 -31.2184 -125.5099
v  45.4281 -31.1451 -125.5296
v  46.4057 -31.1451 -125.5296
v  46.4057 -31.2184 -125.5099
v  46.4057 -31.2721 -125.4563
v  45.4281 -31.2721 -125.4563
v  45.4281 -31.2918 -125.3829
v  46.5328 -31.1451 -125.4563
v  46.5328 157.8211 -125.4563
v  46.5524 157.8211 -125.3829
v  46.4791 -31.1451 -125.5099
v  46.4791 157.8211 -125.5099
v  46.4057 157.8211 -125.5296
v  45.3011 -31.2184 -124.4053
v  45.2815 -31.1451 -124.4053
v  45.2815 -31.1451 -125.3829
v  45.3011 -31.2184 -125.3829
v  45.3548 -31.2721 -125.3829
v  45.3548 -31.2721 -124.4053
v  45.4281 -31.2918 -124.4053
v  45.3548 157.8211 -125.5099
v  45.4281 157.8211 -125.5296
v  45.3548 -31.1451 -125.5099
v  45.3011 -31.1451 -125.4563
v  45.3011 157.8211 -125.4563
v  45.2815 157.8211 -125.3829
v  46.5328 157.8945 -124.4053
v  46.5524 157.8211 -124.4053
v  46.5328 157.8945 -125.3829
v  46.4791 157.9481 -124.4053
v  46.4791 157.9481 -125.3829
v  46.4057 157.9678 -125.3829
v  46.4057 157.9678 -124.4053
v  45.4281 157.9481 -125.4563
v  45.4281 157.9678 -125.3829
v  46.4057 157.9481 -125.4563
v  46.4057 157.8945 -125.5099
v  45.4281 157.8945 -125.5099
v  45.3548 157.9481 -124.4053
v  45.4281 157.9678 -124.4053
v  45.3548 157.9481 -125.3829
v  45.3011 157.8945 -124.4053
v  45.3011 157.8945 -125.3829
v  45.2815 157.8211 -124.4053
v  46.5328 157.8211 -124.3320
v  46.5328 -31.1451 -124.3320
v  46.4791 157.8211 -124.2783
v  46.4791 -31.1451 -124.2783
v  46.4057 157.8211 -124.2586
v  46.4057 -31.1451 -124.2586
v  45.4281 157.8211 -124.2586
v  46.4057 157.8945 -124.2783
v  45.4281 157.8945 -124.2783
v  46.4057 157.9481 -124.3320
v  45.4281 157.9481 -124.3320
v  45.3548 157.8211 -124.2783
v  45.3548 -31.1451 -124.2783
v  45.4281 -31.1451 -124.2586
v  45.3011 157.8211 -124.3320
v  45.3011 -31.1451 -124.3320
v  45.4281 -31.2721 -124.3320
v  46.4057 -31.2721 -124.3320
v  46.4057 -31.2184 -124.2783
v  45.4281 -31.2184 -124.2783
v  46.4057 -31.2918 -94.9530
v  46.4791 -31.2721 -94.9530
v  46.4791 -31.2721 -93.9754
v  46.4057 -31.2918 -93.9754
v  46.5328 -31.2184 -94.9530
v  46.5328 -31.2184 -93.9754
v  46.5524 -31.1451 -94.9530
v  46.5524 -31.1451 -93.9754
v  45.4281 -31.2184 -95.0801
v  45.4281 -31.1451 -95.0997
v  46.4057 -31.1451 -95.0997
v  46.4057 -31.2184 -95.0801
v  46.4057 -31.2721 -95.0264
v  45.4281 -31.2721 -95.0264
v  45.4281 -31.2918 -94.9530
v  46.5524 157.8211 -94.9530
v  46.5328 -31.1451 -95.0264
v  46.5328 157.8211 -95.0264
v  46.4791 -31.1451 -95.0801
v  46.4791 157.8211 -95.0801
v  46.4057 157.8211 -95.0997
v  45.3011 -31.2184 -93.9754
v  45.2815 -31.1451 -93.9754
v  45.2815 -31.1451 -94.9530
v  45.3011 -31.2184 -94.9530
v  45.3548 -31.2721 -94.9530
v  45.3548 -31.2721 -93.9754
v  45.4281 -31.2918 -93.9754
v  45.3548 -31.1451 -95.0801
v  45.3548 157.8211 -95.0801
v  45.4281 157.8211 -95.0997
v  45.3011 -31.1451 -95.0264
v  45.3011 157.8211 -95.0264
v  45.2815 157.8211 -94.9530
v  46.5328 157.8945 -93.9754
v  46.5524 157.8211 -93.9754
v  46.5328 157.8945 -94.9530
v  46.4791 157.9481 -94.9530
v  46.4791 157.9481 -93.9754
v  46.4057 157.9678 -94.9530
v  46.4057 157.9678 -93.9754
v  45.4281 157.9481 -95.0264
v  45.4281 157.9678 -94.9530
v  46.4057 157.9481 -95.0264
v  46.4057 157.8945 -95.0801
v  45.4281 157.8945 -95.0801
v  45.3548 157.9481 -93.9754
v  45.4281 157.9678 -93.9754
v  45.3548 157.9481 -94.9530
v  45.3011 157.8945 -94.9530
v  45.3011 157.8945 -93.9754
v  45.2815 157.8211 -93.9754
v  46.5328 -31.1451 -93.9021
v  46.5328 157.8211 -93.9021
v  46.4791 157.8211 -93.8484
v  46.4791 -31.1451 -93.8484
v  46.4057 157.8211 -93.8288
v  46.4057 -31.1451 -93.8288
v  45.4281 157.8945 -93.8484
v  45.4281 157.8211 -93.8288
v  46.4057 157.8945 -93.8484
v  46.4057 157.9481 -93.9021
v  45.4281 157.9481 -93.9021
v  45.4281 -31.1451 -93.8288
v  45.3548 157.8211 -93.8484
v  45.3548 -31.1451 -93.8484
v  45.3011 157.8211 -93.9021
v  45.3011 -31.1451 -93.9021
v  46.4057 -31.2721 -93.9021
v  45.4281 -31.2721 -93.9021
v  46.4057 -31.2184 -93.8484
v  45.4281 -31.2184 -93.8484
v  46.3752 147.7037 -124.5510
v  46.3226 147.6510 -124.5510
v  46.3226 147.7037 -124.6036
v  45.5113 147.6510 -124.5510
v  45.4587 147.7037 -124.5510
v  45.5113 147.7037 -124.6036
v  46.3226 148.5676 -124.5510
v  46.3752 148.5150 -124.5510
v  46.3226 148.5150 -124.6036
v  45.4587 148.5150 -124.5510
v  45.5113 148.5676 -124.5510
v  45.5113 148.5150 -124.6036
v  46.3226 148.5150 -94.8436
v  46.3752 148.5150 -94.8962
v  46.3226 148.5676 -94.8962
v  45.4587 148.5150 -94.8962
v  45.5113 148.5150 -94.8436
v  45.5113 148.5676 -94.8962
v  46.3226 147.6510 -94.8962
v  46.3752 147.7037 -94.8962
v  46.3226 147.7037 -94.8436
v  45.4587 147.7037 -94.8962
v  45.5113 147.6510 -94.8962
v  45.5113 147.7037 -94.8436
v  46.3752 112.4172 -124.5510
v  46.3226 112.3645 -124.5510
v  46.3226 112.4172 -124.6036
v  45.5113 112.3645 -124.5510
v  45.4587 112.4172 -124.5510
v  45.5113 112.4172 -124.6036
v  46.3226 113.2811 -124.5510
v  46.3752 113.2285 -124.5510
v  46.3226 113.2285 -124.6036
v  45.4587 113.2285 -124.5510
v  45.5113 113.2811 -124.5510
v  45.5113 113.2285 -124.6036
v  46.3226 113.2285 -94.8436
v  46.3752 113.2285 -94.8962
v  46.3226 113.2811 -94.8962
v  45.4587 113.2285 -94.8962
v  45.5113 113.2285 -94.8436
v  45.5113 113.2811 -94.8962
v  46.3226 112.3645 -94.8962
v  46.3752 112.4172 -94.8962
v  46.3226 112.4172 -94.8436
v  45.4587 112.4172 -94.8962
v  45.5113 112.3645 -94.8962
v  45.5113 112.4172 -94.8436
v  46.3752 77.1307 -124.5510
v  46.3226 77.0780 -124.5510
v  46.3226 77.1307 -124.6036
v  45.5113 77.0780 -124.5510
v  45.4587 77.1307 -124.5510
v  45.5113 77.1307 -124.6036
v  46.3226 77.9946 -124.5510
v  46.3752 77.9420 -124.5510
v  46.3226 77.9420 -124.6036
v  45.4587 77.9420 -124.5510
v  45.5113 77.9946 -124.5510
v  45.5113 77.9420 -124.6036
v  46.3226 77.9420 -94.8436
v  46.3752 77.9420 -94.8962
v  46.3226 77.9946 -94.8962
v  45.4587 77.9420 -94.8962
v  45.5113 77.9420 -94.8436
v  45.5113 77.9946 -94.8962
v  46.3226 77.0780 -94.8962
v  46.3752 77.1307 -94.8962
v  46.3226 77.1307 -94.8436
v  45.4587 77.1307 -94.8962
v  45.5113 77.0780 -94.8962
v  45.5113 77.1307 -94.8436
v  46.3752 41.8442 -124.5510
v  46.3226 41.7916 -124.5510
v  46.3226 41.8442 -124.6036
v  45.5113 41.7916 -124.5510
v  45.4587 41.8442 -124.5510
v  45.5113 41.8442 -124.6036
v  46.3226 42.7081 -124.5510
v  46.3752 42.6555 -124.5510
v  46.3226 42.6555 -124.6036
v  45.4587 42.6555 -124.5510
v  45.5113 42.7081 -124.5510
v  45.5113 42.6555 -124.6036
v  46.3226 42.6555 -94.8436
v  46.3752 42.6555 -94.8962
v  46.3226 42.7081 -94.8962
v  45.4587 42.6555 -94.8962
v  45.5113 42.6555 -94.8436
v  45.5113 42.7081 -94.8962
v  46.3226 41.7916 -94.8962
v  46.3752 41.8442 -94.8962
v  46.3226 41.8442 -94.8436
v  45.4587 41.8442 -94.8962
v  45.5113 41.7916 -94.8962
v  45.5113 41.8442 -94.8436
v  46.3752 6.5577 -124.5510
v  46.3226 6.5051 -124.5510
v  46.3226 6.5577 -124.6036
v  45.5113 6.5051 -124.5510
v  45.4587 6.5577 -124.5510
v  45.5113 6.5577 -124.6036
v  46.3226 7.4216 -124.5510
v  46.3752 7.3690 -124.5510
v  46.3226 7.3690 -124.6036
v  45.4587 7.3690 -124.5510
v  45.5113 7.4216 -124.5510
v  45.5113 7.3690 -124.6036
v  46.3226 7.3690 -94.8436
v  46.3752 7.3690 -94.8962
v  46.3226 7.4216 -94.8962
v  45.4587 7.3690 -94.8962
v  45.5113 7.3690 -94.8436
v  45.5113 7.4216 -94.8962
v  46.3226 6.5051 -94.8962
v  46.3752 6.5577 -94.8962
v  46.3226 6.5577 -94.8436
v  45.4587 6.5577 -94.8962
v  45.5113 6.5051 -94.8962
v  45.5113 6.5577 -94.8436
v  46.3752 -28.7288 -124.5510
v  46.3226 -28.7814 -124.5510
v  46.3226 -28.7288 -124.6036
v  45.5113 -28.7814 -124.5510
v  45.4587 -28.7288 -124.5510
v  45.5113 -28.7288 -124.6036
v  46.3226 -27.8649 -124.5510
v  46.3752 -27.9175 -124.5510
v  46.3226 -27.9175 -124.6036
v  45.4587 -27.9175 -124.5510
v  45.5113 -27.8649 -124.5510
v  45.5113 -27.9175 -124.6036
v  46.3226 -27.9175 -94.8436
v  46.3752 -27.9175 -94.8962
v  46.3226 -27.8649 -94.8962
v  45.4587 -27.9175 -94.8962
v  45.5113 -27.9175 -94.8436
v  45.5113 -27.8649 -94.8962
v  46.3226 -28.7814 -94.8962
v  46.3752 -28.7288 -94.8962
v  46.3226 -28.7288 -94.8436
v  45.4587 -28.7288 -94.8962
v  45.5113 -28.7814 -94.8962
v  45.5113 -28.7288 -94.8436
v  46.5217 -31.2085 -125.4463
v  46.4691 -31.2611 -125.4463
v  46.4691 -31.2085 -125.4989
v  45.3648 -31.2611 -125.4463
v  45.3122 -31.2085 -125.4463
v  45.3648 -31.2085 -125.4989
v  46.4691 157.9371 -125.4463
v  46.5217 157.8845 -125.4463
v  46.4691 157.8845 -125.4989
v  45.3122 157.8845 -125.4463
v  45.3648 157.9371 -125.4463
v  45.3648 157.8845 -125.4989
v  46.4691 157.8845 -124.2893
v  46.5217 157.8845 -124.3419
v  46.4691 157.9371 -124.3419
v  45.3122 157.8845 -124.3419
v  45.3648 157.8845 -124.2893
v  45.3648 157.9371 -124.3419
v  46.4691 -31.2611 -124.3419
v  46.5217 -31.2085 -124.3419
v  46.4691 -31.2085 -124.2893
v  45.3122 -31.2085 -124.3419
v  45.3648 -31.2611 -124.3419
v  45.3648 -31.2085 -124.2893
v  46.5217 -31.2085 -95.0164
v  46.4691 -31.2611 -95.0164
v  46.4691 -31.2085 -95.0690
v  45.3648 -31.2611 -95.0164
v  45.3122 -31.2085 -95.0164
v  45.3648 -31.2085 -95.0690
v  46.4691 157.9371 -95.0164
v  46.5217 157.8845 -95.0164
v  46.4691 157.8845 -95.0690
v  45.3122 157.8845 -95.0164
v  45.3648 157.9371 -95.0164
v  45.3648 157.8845 -95.0690
v  46.4691 157.8845 -93.8595
v  46.5217 157.8845 -93.9121
v  46.4691 157.9371 -93.9121
v  45.3122 157.8845 -93.9121
v  45.3648 157.8845 -93.8595
v  45.3648 157.9371 -93.9121
v  46.4691 -31.2611 -93.9121
v  46.5217 -31.2085 -93.9121
v  46.4691 -31.2085 -93.8595
v  45.3122 -31.2085 -93.9121
v  45.3648 -31.2611 -93.9121
v  45.3648 -31.2085 -93.8595
# 768 vertices

vn -0.5000 -0.8660 0.0005
vn -0.5000 -0.8660 -0.0005
vn -0.0259 -0.9997 -0.0006
vn -0.0259 -0.9997 0.0006
vn -0.7071 -0.7071 0.0005
vn -0.7071 -0.7071 -0.0005
vn -0.9997 -0.0259 0.0006
vn -0.9997 -0.0259 -0.0006
vn -0.9659 -0.2588 -0.0005
vn -0.9659 -0.2588 0.0005
vn -0.0198 -0.4997 0.8660
vn 0.0198 -0.4997 0.8660
vn 0.0253 -0.0253 0.9994
vn -0.0253 -0.0253 0.9994
vn -0.0197 -0.8660 0.4996
vn 0.0197 -0.8660 0.4996
vn 0.0259 -0.9997 0.0006
vn -0.9663 -0.0186 0.2569
vn -0.9663 0.0186 0.2569
vn -0.9997 0.0259 0.0006
vn -0.4996 -0.0197 0.8660
vn -0.4996 0.0197 0.8660
vn -0.7069 0.0195 0.7070
vn -0.7069 -0.0195 0.7070
vn -0.0253 0.0253 0.9994
vn 0.9659 -0.2588 0.0005
vn 0.9659 -0.2588 -0.0005
vn 0.9997 -0.0259 -0.0006
vn 0.9997 -0.0259 0.0006
vn 0.5000 -0.8660 0.0005
vn 0.5000 -0.8660 -0.0005
vn 0.7071 -0.7071 -0.0005
vn 0.7071 -0.7071 0.0005
vn 0.0259 -0.9997 -0.0006
vn 0.4996 -0.0197 0.8660
vn 0.4996 0.0197 0.8660
vn 0.0253 0.0253 0.9994
vn 0.7069 -0.0195 0.7070
vn 0.7069 0.0195 0.7070
vn 0.9997 0.0259 0.0006
vn 0.9663 0.0186 0.2569
vn 0.9663 -0.0186 0.2569
vn -0.9659 0.2588 0.0005
vn -0.9659 0.2588 -0.0005
vn -0.9997 0.0259 -0.0006
vn -0.5000 0.8660 0.0005
vn -0.5000 0.8660 -0.0005
vn -0.7071 0.7071 -0.0005
vn -0.7071 0.7071 0.0005
vn -0.0259 0.9997 0.0006
vn -0.0259 0.9997 -0.0006
vn -0.0197 0.8661 0.4995
vn 0.0197 0.8661 0.4995
vn 0.0259 0.9997 0.0006
vn -0.0198 0.4997 0.8660
vn 0.0198 0.4997 0.8660
vn 0.5000 0.8660 0.0005
vn 0.5000 0.8660 -0.0005
vn 0.0259 0.9997 -0.0006
vn 0.7071 0.7071 0.0005
vn 0.7071 0.7071 -0.0005
vn 0.9997 0.0259 -0.0006
vn 0.9659 0.2588 -0.0005
vn 0.9659 0.2588 0.0005
vn -0.9663 0.0186 -0.2569
vn -0.9663 -0.0186 -0.2569
vn -0.4996 0.0197 -0.8660
vn -0.4996 -0.0197 -0.8660
vn -0.7069 -0.0195 -0.7070
vn -0.7069 0.0195 -0.7070
vn -0.0253 0.0253 -0.9994
vn -0.0253 -0.0253 -0.9994
vn -0.0197 0.4997 -0.8660
vn 0.0197 0.4997 -0.8660
vn 0.0253 0.0253 -0.9994
vn -0.0197 0.8661 -0.4995
vn 0.0197 0.8661 -0.4995
vn 0.4996 0.0197 -0.8660
vn 0.4996 -0.0197 -0.8660
vn 0.0253 -0.0253 -0.9994
vn 0.7069 0.0195 -0.7070
vn 0.7069 -0.0195 -0.7070
vn 0.9663 -0.0186 -0.2569
vn 0.9663 0.0186 -0.2569
vn -0.0197 -0.8660 -0.4996
vn 0.0197 -0.8660 -0.4996
vn -0.0197 -0.4997 -0.8660
vn 0.0197 -0.4997 -0.8660
vn -0.0198 -0.4996 0.8660
vn 0.0197 -0.4996 0.8660
vn -0.4996 0.0198 0.8660
vn -0.7070 0.0195 0.7070
vn -0.7070 -0.0195 0.7070
vn 0.4996 -0.0198 0.8660
vn 0.7070 -0.0195 0.7070
vn 0.7070 0.0195 0.7070
vn -0.0197 0.8660 0.4996
vn 0.0197 0.8660 0.4996
vn -0.0197 0.4996 0.8660
vn 0.0198 0.4996 0.8660
vn -0.4996 -0.0198 -0.8660
vn -0.0197 0.4996 -0.8660
vn 0.0197 0.4996 -0.8660
vn -0.0197 0.8660 -0.4996
vn 0.0197 0.8660 -0.4996
vn 0.4996 0.0198 -0.8660
vn -0.0197 -0.4996 -0.8660
vn 0.0197 -0.4996 -0.8660
vn -0.8660 -0.5000 0.0005
vn -0.8660 -0.5000 -0.0005
vn -0.0195 -0.7069 0.7070
vn 0.0195 -0.7069 0.7070
vn 0.0186 -0.9663 0.2569
vn -0.0186 -0.9663 0.2569
vn 0.8660 -0.5000 -0.0005
vn 0.8660 -0.5000 0.0005
vn -0.8660 0.5000 -0.0005
vn -0.8660 0.5000 0.0005
vn 0.0186 0.9663 0.2569
vn -0.0186 0.9663 0.2569
vn 0.0195 0.7069 0.7070
vn -0.0195 0.7069 0.7070
vn 0.8660 0.5000 0.0005
vn 0.8660 0.5000 -0.0005
vn -0.0195 0.7069 -0.7070
vn 0.0195 0.7069 -0.7070
vn -0.0186 0.9663 -0.2569
vn 0.0186 0.9663 -0.2569
vn 0.0186 -0.9663 -0.2569
vn -0.0186 -0.9663 -0.2569
vn 0.0195 -0.7069 -0.7070
vn -0.0195 -0.7069 -0.7070
vn -0.2588 -0.9659 0.0005
vn -0.2588 -0.9659 -0.0005
vn -0.0197 -0.4996 0.8660
vn 0.2588 -0.9659 -0.0005
vn 0.2588 -0.9659 0.0005
vn -0.2588 0.9659 -0.0005
vn -0.2588 0.9659 0.0005
vn 0.0197 0.4996 0.8660
vn 0.2588 0.9659 0.0005
vn 0.2588 0.9659 -0.0005
vn -0.0198 0.4996 -0.8660
vn 0.0198 -0.4996 -0.8660
vn -0.7070 -0.0195 -0.7070
vn -0.7070 0.0195 -0.7070
vn 0.0198 0.4996 -0.8660
vn 0.7070 0.0195 -0.7070
vn 0.7070 -0.0195 -0.7070
vn -0.0198 -0.4996 -0.8660
vn -0.4997 -0.8661 0.0142
vn -0.4997 -0.8661 -0.0142
vn -0.0184 -0.9997 -0.0184
vn -0.0184 -0.9997 0.0184
vn -0.7070 -0.7070 0.0140
vn -0.7070 -0.7070 -0.0140
vn -0.9998 -0.0001 0.0187
vn -0.9998 -0.0001 -0.0187
vn -0.9662 -0.2575 -0.0133
vn -0.9662 -0.2575 0.0133
vn 0.0142 -0.4997 0.8661
vn 0.0187 -0.0001 0.9998
vn -0.0187 -0.0001 0.9998
vn -0.0142 -0.4997 0.8661
vn -0.0140 -0.7070 0.7071
vn 0.0140 -0.7070 0.7071
vn 0.0184 -0.9997 0.0184
vn 0.0133 -0.9662 0.2575
vn -0.0133 -0.9662 0.2575
vn -0.9659 -0.0001 0.2588
vn -0.9659 0.0001 0.2588
vn -0.9998 0.0001 0.0187
vn -0.5000 -0.0001 0.8660
vn -0.5000 0.0001 0.8660
vn -0.7071 0.0001 0.7071
vn -0.7071 -0.0001 0.7071
vn -0.0187 0.0001 0.9998
vn 0.9662 -0.2575 -0.0133
vn 0.9998 -0.0001 -0.0187
vn 0.9998 -0.0001 0.0187
vn 0.9662 -0.2575 0.0133
vn 0.4997 -0.8661 0.0142
vn 0.4997 -0.8661 -0.0142
vn 0.7070 -0.7070 -0.0140
vn 0.7070 -0.7070 0.0140
vn 0.0184 -0.9997 -0.0184
vn 0.5000 0.0001 0.8660
vn 0.0187 0.0001 0.9998
vn 0.5000 -0.0001 0.8660
vn 0.7071 -0.0001 0.7071
vn 0.7071 0.0001 0.7071
vn 0.9998 0.0001 0.0187
vn 0.9659 0.0001 0.2588
vn 0.9659 -0.0001 0.2588
vn -0.9662 0.2575 -0.0133
vn -0.9998 0.0001 -0.0187
vn -0.9662 0.2575 0.0134
vn -0.4997 0.8661 -0.0142
vn -0.7070 0.7071 -0.0140
vn -0.7070 0.7071 0.0140
vn -0.4997 0.8661 0.0142
vn -0.0184 0.9997 0.0184
vn -0.0184 0.9997 -0.0184
vn 0.0142 0.8661 0.4997
vn 0.0184 0.9997 0.0184
vn -0.0142 0.8661 0.4997
vn -0.0142 0.4997 0.8661
vn 0.0142 0.4997 0.8661
vn 0.4997 0.8661 -0.0142
vn 0.0184 0.9997 -0.0184
vn 0.4997 0.8661 0.0142
vn 0.7070 0.7071 -0.0140
vn 0.7070 0.7071 0.0140
vn 0.9998 0.0001 -0.0187
vn 0.9662 0.2575 -0.0133
vn 0.9662 0.2575 0.0133
vn -0.9659 0.0001 -0.2588
vn -0.9659 -0.0001 -0.2588
vn -0.5000 0.0001 -0.8660
vn -0.5000 -0.0001 -0.8660
vn -0.7071 -0.0001 -0.7071
vn -0.7071 0.0001 -0.7071
vn -0.0187 0.0001 -0.9998
vn -0.0187 -0.0001 -0.9998
vn 0.0187 0.0001 -0.9998
vn -0.0142 0.4997 -0.8661
vn 0.0142 0.4997 -0.8661
vn -0.0142 0.8661 -0.4997
vn 0.0142 0.8661 -0.4997
vn 0.5000 0.0001 -0.8660
vn 0.5000 -0.0001 -0.8660
vn 0.0187 -0.0001 -0.9998
vn 0.7071 0.0001 -0.7071
vn 0.7071 -0.0001 -0.7071
vn 0.9659 -0.0001 -0.2588
vn 0.9659 0.0001 -0.2588
vn 0.0133 -0.9662 -0.2575
vn -0.0133 -0.9662 -0.2575
vn -0.0142 -0.4997 -0.8661
vn 0.0142 -0.4997 -0.8661
vn 0.0140 -0.7070 -0.7071
vn -0.0140 -0.7070 -0.7071
vn -0.9662 0.2575 0.0133
vn -0.9461 -0.2290 0.2290
vn -0.7078 -0.4996 0.4995
vn -0.4995 -0.7079 0.4995
vn -0.2290 -0.9461 0.2290
vn -0.4994 -0.4995 0.7079
vn -0.2291 -0.2290 0.9461
vn 0.2290 -0.9461 0.2290
vn 0.7078 -0.4996 0.4995
vn 0.4995 -0.7079 0.4994
vn 0.9461 -0.2290 0.2290
vn 0.4994 -0.4995 0.7079
vn 0.2291 -0.2291 0.9461
vn -0.2290 0.9461 0.2289
vn -0.4995 0.7079 0.4994
vn -0.7078 0.4996 0.4995
vn -0.9461 0.2290 0.2290
vn -0.4994 0.4995 0.7079
vn -0.2290 0.2290 0.9461
vn 0.9461 0.2290 0.2290
vn 0.7078 0.4996 0.4995
vn 0.4995 0.7079 0.4995
vn 0.2290 0.9461 0.2288
vn 0.4994 0.4995 0.7079
vn 0.2291 0.2290 0.9461
vn -0.2290 0.2290 -0.9461
vn -0.7078 0.4995 -0.4995
vn -0.4994 0.4995 -0.7079
vn -0.9461 0.2290 -0.2290
vn -0.4995 0.7079 -0.4995
vn -0.2290 0.9461 -0.2288
vn 0.9461 0.2290 -0.2290
vn 0.4994 0.4995 -0.7079
vn 0.7078 0.4995 -0.4995
vn 0.2290 0.2290 -0.9461
vn 0.4995 0.7079 -0.4995
vn 0.2290 0.9461 -0.2289
vn -0.2290 -0.9461 -0.2290
vn -0.7078 -0.4995 -0.4995
vn -0.4995 -0.7079 -0.4995
vn -0.9461 -0.2290 -0.2290
vn -0.4994 -0.4995 -0.7079
vn -0.2291 -0.2291 -0.9461
vn 0.9461 -0.2290 -0.2290
vn 0.4995 -0.7079 -0.4995
vn 0.7078 -0.4995 -0.4995
vn 0.2290 -0.9461 -0.2290
vn 0.4994 -0.4995 -0.7079
vn 0.2290 -0.2290 -0.9461
vn -0.4995 -0.7078 0.4995
vn -0.7078 -0.4996 0.4994
vn -0.2290 -0.9461 0.2288
vn 0.2290 -0.9461 0.2289
vn 0.7078 -0.4996 0.4994
vn 0.4995 -0.7078 0.4995
vn -0.7078 0.4996 0.4994
vn -0.4995 0.7078 0.4995
vn -0.2291 0.2291 0.9461
vn 0.4995 0.7078 0.4995
vn 0.7078 0.4996 0.4994
vn -0.7078 0.4995 -0.4994
vn -0.4995 0.7078 -0.4995
vn 0.7078 0.4995 -0.4994
vn 0.2291 0.2291 -0.9461
vn 0.4995 0.7078 -0.4995
vn -0.2290 -0.9461 -0.2289
vn -0.7078 -0.4995 -0.4994
vn -0.4995 -0.7078 -0.4995
vn 0.4995 -0.7078 -0.4995
vn 0.7078 -0.4995 -0.4994
vn 0.2290 -0.9461 -0.2288
vn 0.7078 -0.4995 0.4995
vn 0.2290 -0.2290 0.9461
vn -0.2290 0.9461 0.2290
vn 0.2290 0.9461 0.2290
vn -0.2291 0.9461 -0.2290
vn 0.2291 0.9461 -0.2290
vn -0.2291 -0.9461 -0.2290
vn -0.2290 -0.2290 -0.9461
vn 0.2291 -0.9461 -0.2290
vn 0.4995 -0.4995 -0.7078
vn -0.4995 0.4995 -0.7079
vn 0.4995 -0.4995 -0.7079
vn -0.7078 -0.4995 0.4995
vn -0.4995 -0.4995 0.7078
vn -0.2290 -0.2290 0.9461
vn 0.4995 -0.4995 0.7078
vn -0.7078 0.4995 0.4995
vn -0.4995 0.4995 0.7078
vn 0.7078 0.4995 0.4995
vn 0.4995 0.4995 0.7078
vn 0.2290 0.2290 0.9461
vn -0.2291 0.2290 -0.9461
vn -0.2290 0.9461 -0.2290
vn 0.2291 0.2290 -0.9461
vn 0.2290 0.9461 -0.2290
vn -0.2291 -0.2290 -0.9461
vn 0.2291 -0.2290 -0.9461
vn -0.2292 -0.2290 0.9461
vn 0.2292 -0.2290 0.9461
vn -0.2292 0.2291 0.9460
vn 0.4994 0.7078 0.4995
vn 0.4993 0.4995 0.7079
vn 0.2292 0.2291 0.9460
vn -0.2291 0.2291 -0.9461
vn 0.4994 0.7078 -0.4995
vn -0.4995 -0.4995 -0.7078
vn -0.2292 -0.2290 -0.9461
vn -0.2291 -0.9461 0.2290
vn -0.4995 -0.4995 0.7079
vn 0.2291 -0.9461 0.2290
vn 0.4995 -0.4995 0.7079
vn 0.2291 -0.2290 0.9461
vn 0.2291 0.2291 0.9461
vn -0.4995 -0.4995 -0.7079
# 357 vertex normals

vt 0.4552 0.8740 0.0000
vt 0.3939 0.7506 0.0000
vt 0.4125 0.7512 0.0000
vt 0.4125 0.9988 0.0000
vt 0.4977 0.7500 0.0000
vt 0.3753 0.7500 0.0000
vt 0.3738 0.0375 0.0000
vt 0.1262 0.0375 0.0000
vt 0.1258 0.0000 0.0000
vt 0.4932 0.0000 0.0000
vt 0.4510 0.0606 0.0000
vt 0.5490 0.0187 0.0000
vt 0.5875 0.0375 0.0000
vt 0.4125 0.0375 0.0000
vt 0.4957 0.0000 0.0000
vt 0.5043 0.0000 0.0000
vt 0.5875 0.9988 0.0000
vt 0.5014 0.7500 0.0000
vt 0.4986 0.7500 0.0000
vt 0.4009 0.0584 0.0000
vt 0.3854 0.2156 0.0000
vt 0.3738 0.2125 0.0000
vt 0.4071 0.0887 0.0000
vt 0.3989 0.2144 0.0000
vt 0.4125 0.2125 0.0000
vt 0.5068 0.0000 0.0000
vt 0.8742 0.0000 0.0000
vt 0.8738 0.0375 0.0000
vt 0.6262 0.0375 0.0000
vt 0.5448 0.8740 0.0000
vt 0.6061 0.7506 0.0000
vt 0.6247 0.7500 0.0000
vt 0.5023 0.7500 0.0000
vt 0.5875 0.7512 0.0000
vt 0.5929 0.0357 0.0000
vt 0.6011 0.2136 0.0000
vt 0.5875 0.2125 0.0000
vt 0.5991 0.0347 0.0000
vt 0.6146 0.2150 0.0000
vt 0.6262 0.2125 0.0000
vt 0.3745 0.2500 0.0000
vt 0.1255 0.2500 0.0000
vt 0.1262 0.2125 0.0000
vt 0.3938 0.2509 0.0000
vt 0.3938 0.4991 0.0000
vt 0.3750 0.4995 0.0000
vt 0.3750 0.2505 0.0000
vt 0.4125 0.2512 0.0000
vt 0.4125 0.4988 0.0000
vt 0.4130 0.2392 0.0000
vt 0.5870 0.2392 0.0000
vt 0.5875 0.2512 0.0000
vt 0.4130 0.2264 0.0000
vt 0.5870 0.2263 0.0000
vt 0.6062 0.2509 0.0000
vt 0.6062 0.4991 0.0000
vt 0.5875 0.4988 0.0000
vt 0.6250 0.2505 0.0000
vt 0.6250 0.4995 0.0000
vt 0.8738 0.2125 0.0000
vt 0.8745 0.2500 0.0000
vt 0.6255 0.2500 0.0000
vt 0.1250 0.2300 0.0000
vt 0.1250 0.0200 0.0000
vt 0.3940 0.5295 0.0000
vt 0.3940 0.7205 0.0000
vt 0.3750 0.7300 0.0000
vt 0.3750 0.5200 0.0000
vt 0.4125 0.5375 0.0000
vt 0.4125 0.7125 0.0000
vt 0.4128 0.5234 0.0000
vt 0.5872 0.5234 0.0000
vt 0.5875 0.5375 0.0000
vt 0.4128 0.5106 0.0000
vt 0.5872 0.5106 0.0000
vt 0.6060 0.5295 0.0000
vt 0.6060 0.7205 0.0000
vt 0.5875 0.7125 0.0000
vt 0.6250 0.5200 0.0000
vt 0.6250 0.7300 0.0000
vt 0.8750 0.0200 0.0000
vt 0.8750 0.2300 0.0000
vt 0.4128 0.7394 0.0000
vt 0.5872 0.7394 0.0000
vt 0.4128 0.7266 0.0000
vt 0.5872 0.7266 0.0000
vt 0.1258 -0.0000 0.0000
vt 0.4932 -0.0000 0.0000
vt 0.4957 -0.0000 0.0000
vt 0.5043 -0.0000 0.0000
vt 0.8742 -0.0000 0.0000
vt 0.5068 -0.0000 0.0000
vt 0.4293 0.8515 0.0000
vt 0.3920 0.7646 0.0000
vt 0.4039 0.7789 0.0000
vt 0.4039 0.9711 0.0000
vt 0.4501 0.7500 0.0000
vt 0.3797 0.7500 0.0000
vt 0.3463 0.0004 0.0000
vt 0.1537 0.0004 0.0000
vt 0.1391 -0.0000 0.0000
vt 0.3502 -0.0000 0.0000
vt 0.6010 0.0003 0.0000
vt 0.5963 0.0004 0.0000
vt 0.4037 0.0004 0.0000
vt 0.3990 0.0304 0.0000
vt 0.3944 -0.0000 0.0000
vt 0.6056 -0.0000 0.0000
vt 0.5961 0.9711 0.0000
vt 0.5352 0.7500 0.0000
vt 0.4648 0.7500 0.0000
vt 0.3654 0.0005 0.0000
vt 0.3654 0.2498 0.0000
vt 0.3461 0.2498 0.0000
vt 0.3846 0.0006 0.0000
vt 0.3846 0.2498 0.0000
vt 0.4039 0.2498 0.0000
vt 0.8609 0.0000 0.0000
vt 0.8463 0.0004 0.0000
vt 0.6537 0.0004 0.0000
vt 0.6498 0.0000 0.0000
vt 0.5707 0.8515 0.0000
vt 0.6080 0.7646 0.0000
vt 0.6203 0.7500 0.0000
vt 0.5499 0.7500 0.0000
vt 0.5961 0.7789 0.0000
vt 0.6154 0.2498 0.0000
vt 0.5961 0.2498 0.0000
vt 0.6154 0.0004 0.0000
vt 0.6346 0.0004 0.0000
vt 0.6346 0.2498 0.0000
vt 0.6539 0.2498 0.0000
vt 0.1397 0.2500 0.0000
vt 0.1539 0.2498 0.0000
vt 0.3603 0.2500 0.0000
vt 0.3896 0.4778 0.0000
vt 0.3750 0.4853 0.0000
vt 0.3750 0.2647 0.0000
vt 0.3895 0.2722 0.0000
vt 0.4039 0.2789 0.0000
vt 0.4039 0.4711 0.0000
vt 0.5961 0.2684 0.0000
vt 0.5961 0.2789 0.0000
vt 0.4039 0.2684 0.0000
vt 0.4039 0.2588 0.0000
vt 0.5961 0.2588 0.0000
vt 0.6104 0.4778 0.0000
vt 0.5961 0.4711 0.0000
vt 0.6105 0.2722 0.0000
vt 0.6250 0.4853 0.0000
vt 0.6250 0.2647 0.0000
vt 0.8461 0.2498 0.0000
vt 0.8603 0.2500 0.0000
vt 0.6397 0.2500 0.0000
vt 0.1250 0.2499 0.0000
vt 0.1250 0.0001 0.0000
vt 0.3893 0.5002 0.0000
vt 0.3894 0.7499 0.0000
vt 0.3750 0.7499 0.0000
vt 0.3750 0.5001 0.0000
vt 0.4037 0.5004 0.0000
vt 0.4039 0.7498 0.0000
vt 0.5963 0.5004 0.0000
vt 0.4039 0.4913 0.0000
vt 0.5961 0.4913 0.0000
vt 0.4040 0.4816 0.0000
vt 0.5960 0.4816 0.0000
vt 0.6107 0.5002 0.0000
vt 0.6106 0.7499 0.0000
vt 0.5961 0.7498 0.0000
vt 0.6250 0.5001 0.0000
vt 0.6250 0.7499 0.0000
vt 0.8750 0.0001 0.0000
vt 0.8750 0.2499 0.0000
vt 0.5959 0.7682 0.0000
vt 0.4041 0.7682 0.0000
vt 0.4041 0.7587 0.0000
vt 0.5959 0.7587 0.0000
vt 0.8609 -0.0000 0.0000
vt 0.6498 -0.0000 0.0000
vt 0.4940 0.0000 0.0000
vt 0.4980 0.7500 0.0000
vt 0.4983 0.7500 0.0000
vt 0.4949 0.0000 0.0000
vt 0.4118 0.4354 0.0000
vt 0.5017 0.7500 0.0000
vt 0.5020 0.7500 0.0000
vt 0.5060 0.0000 0.0000
vt 0.5882 0.0147 0.0000
vt 0.5051 0.0000 0.0000
vt 0.3972 0.2433 0.0000
vt 0.3750 0.2500 0.0000
vt 0.3985 0.2303 0.0000
vt 0.6250 0.2500 0.0000
vt 0.6028 0.2433 0.0000
vt 0.6015 0.2301 0.0000
vt 0.3969 0.5177 0.0000
vt 0.3750 0.5000 0.0000
vt 0.1250 0.2500 0.0000
vt 0.3969 0.5063 0.0000
vt 0.8750 0.2500 0.0000
vt 0.6031 0.5177 0.0000
vt 0.6250 0.5000 0.0000
vt 0.6031 0.5063 0.0000
vt 0.3969 0.7437 0.0000
vt 0.3750 0.7500 0.0000
vt 0.1250 0.0000 0.0000
vt 0.3969 0.7322 0.0000
vt 0.8750 0.0000 0.0000
vt 0.6031 0.7437 0.0000
vt 0.6250 0.7500 0.0000
vt 0.6031 0.7322 0.0000
vt 0.4940 -0.0000 0.0000
vt 0.5060 -0.0000 0.0000
vt 0.5051 -0.0000 0.0000
vt 0.3968 0.5063 0.0000
vt 0.6032 0.5063 0.0000
vt 0.3643 -0.0000 0.0000
vt 0.4601 0.7500 0.0000
vt 0.4548 0.7500 0.0000
vt 0.3840 0.4044 0.0000
vt 0.3804 -0.0000 0.0000
vt 0.5399 0.7500 0.0000
vt 0.5452 0.7500 0.0000
vt 0.6357 0.0000 0.0000
vt 0.6160 0.0002 0.0000
vt 0.6196 0.0000 0.0000
vt 0.3915 0.2637 0.0000
vt 0.3903 0.2552 0.0000
vt 0.6085 0.2637 0.0000
vt 0.6097 0.2552 0.0000
vt 0.3917 0.4949 0.0000
vt 0.3918 0.4863 0.0000
vt 0.6083 0.4949 0.0000
vt 0.6082 0.4863 0.0000
vt 0.3926 0.7613 0.0000
vt 0.3919 0.7547 0.0000
vt 0.6074 0.7613 0.0000
vt 0.6081 0.7547 0.0000
vt 0.6357 -0.0000 0.0000
vt 0.6196 -0.0000 0.0000
# 241 texture coords

o BookShelf_Leg1
g BookShelf_Leg1
usemtl wire_229166215
s 1
f 2017/1103/1421 2018/1104/1422 2019/1105/1423 2020/1106/1424 
f 2021/1107/1425 2022/1108/1426 2018/1104/1422 2017/1103/1421 
s 2
f 2023/1109/1427 2024/1110/1428 2022/1111/1429 2021/1112/1430 
s 1
f 2025/1113/1431 2026/1114/1432 2027/1115/1433 2028/1116/1434 
f 2029/1117/1435 2030/1118/1436 2026/1114/1432 2025/1113/1431 
f 2020/1106/1424 2031/1119/1437 2030/1120/1436 2029/1121/1435 
s 2
f 2032/1122/1438 2033/1123/1439 2034/1124/1440 2023/1109/1427 
s 1
f 2035/1125/1441 2036/1126/1442 2033/1123/1443 2032/1122/1444 
f 2028/1116/1434 2037/1127/1445 2036/1126/1442 2035/1125/1441 
s 5
f 2038/1128/1446 2039/1129/1447 2040/1130/1448 2041/1131/1449 
s 1
f 2042/1132/1450 2043/1133/1451 2039/1134/1452 2038/1135/1453 
f 2031/1119/1437 2044/1136/1454 2043/1133/1451 2042/1132/1450 
f 2045/1137/1455 2046/1138/1456 2047/1139/1457 2027/1115/1433 
f 2048/1140/1458 2049/1141/1459 2046/1138/1456 2045/1137/1455 
s 5
f 2041/1131/1449 2050/1142/1460 2049/1141/1461 2048/1140/1462 
s 2
f 2051/1143/1463 2052/1144/1464 2053/1145/1465 2034/1124/1440 
s 1
f 2054/1146/1466 2055/1147/1467 2052/1148/1468 2051/1149/1469 
f 2056/1150/1470 2057/1151/1471 2055/1147/1467 2054/1146/1466 
f 2058/1152/1472 2059/1153/1473 2060/1154/1474 2056/1150/1470 
f 2061/1155/1475 2062/1156/1476 2059/1153/1473 2058/1152/1472 
f 2037/1127/1445 2047/1139/1457 2062/1156/1476 2061/1155/1475 
f 2063/1157/1477 2064/1158/1478 2065/1159/1479 2060/1154/1474 
f 2066/1160/1480 2067/1161/1481 2064/1158/1478 2063/1157/1477 
s 5
f 2050/1142/1460 2068/1162/1482 2067/1163/1483 2066/1164/1484 
s 2
f 2069/1165/1485 2070/1166/1486 2024/1110/1428 2053/1145/1465 
s 1
f 2071/1167/1487 2072/1168/1488 2070/1169/1489 2069/1170/1490 
f 2073/1171/1491 2074/1172/1492 2072/1168/1488 2071/1167/1487 
f 2075/1173/1493 2076/1174/1494 2077/1175/1495 2073/1171/1491 
f 2078/1176/1496 2079/1177/1497 2076/1174/1494 2075/1173/1493 
f 2057/1151/1471 2065/1159/1479 2079/1177/1497 2078/1176/1496 
f 2080/1178/1498 2081/1179/1499 2082/1180/1500 2077/1175/1495 
f 2083/1181/1501 2084/1182/1502 2081/1179/1499 2080/1178/1498 
s 5
f 2068/1162/1482 2040/1130/1448 2084/1183/1503 2083/1184/1504 
s 1
f 2085/1185/1505 2086/1186/1506 2044/1136/1454 2019/1105/1423 
f 2087/1187/1507 2088/1188/1508 2086/1186/1506 2085/1185/1505 
f 2074/1172/1492 2082/1180/1500 2088/1188/1508 2087/1187/1507 
s 9
f 2089/1104/1422 2090/1105/1423 2091/1106/1424 2092/1103/1421 
f 2093/1107/1425 2094/1108/1426 2089/1104/1422 2092/1103/1421 
s 10
f 2094/1111/1429 2093/1112/1430 2095/1109/1427 2096/1110/1428 
s 9
f 2097/1116/1434 2098/1113/1509 2099/1114/1510 2100/1115/1433 
f 2101/1117/1435 2102/1118/1436 2099/1114/1510 2098/1113/1509 
f 2103/1119/1437 2102/1120/1436 2101/1121/1435 2091/1106/1424 
s 10
f 2104/1123/1439 2105/1124/1440 2095/1109/1427 2106/1122/1438 
s 9
f 2107/1126/1511 2104/1123/1512 2106/1122/1513 2108/1125/1441 
f 2107/1126/1511 2108/1125/1441 2097/1116/1434 2109/1127/1445 
s 13
f 2110/1129/1447 2111/1130/1448 2112/1131/1449 2113/1128/1446 
s 9
f 2114/1133/1451 2110/1134/1452 2113/1135/1453 2115/1132/1450 
f 2103/1119/1437 2116/1136/1454 2114/1133/1451 2115/1132/1450 
f 2117/1138/1456 2118/1139/1457 2100/1115/1433 2119/1137/1514 
f 2120/1140/1515 2121/1141/1516 2117/1138/1456 2119/1137/1514 
s 13
f 2121/1141/1461 2120/1140/1462 2112/1131/1449 2122/1142/1460 
s 10
f 2123/1143/1463 2124/1144/1464 2125/1145/1465 2105/1124/1440 
s 9
f 2126/1146/1466 2127/1147/1467 2124/1148/1468 2123/1149/1469 
f 2127/1147/1467 2126/1146/1466 2128/1150/1470 2129/1151/1471 
f 2130/1152/1517 2131/1153/1518 2132/1154/1474 2128/1150/1470 
f 2133/1155/1519 2134/1156/1520 2131/1153/1518 2130/1152/1517 
f 2133/1155/1519 2109/1127/1445 2118/1139/1457 2134/1156/1520 
f 2135/1158/1478 2136/1159/1479 2132/1154/1474 2137/1157/1477 
f 2138/1160/1480 2139/1161/1481 2135/1158/1478 2137/1157/1477 
s 13
f 2139/1163/1483 2138/1164/1484 2122/1142/1460 2140/1162/1482 
s 10
f 2141/1165/1485 2142/1166/1486 2096/1110/1428 2125/1145/1465 
s 9
f 2143/1167/1487 2144/1168/1521 2142/1169/1489 2141/1170/1490 
f 2144/1168/1521 2143/1167/1487 2145/1171/1491 2146/1172/1492 
f 2147/1173/1522 2148/1174/1523 2149/1175/1495 2145/1171/1491 
f 2150/1176/1524 2151/1177/1525 2148/1174/1523 2147/1173/1522 
f 2151/1177/1525 2150/1176/1524 2129/1151/1471 2136/1159/1479 
f 2152/1179/1499 2153/1180/1500 2149/1175/1495 2154/1178/1526 
f 2155/1181/1501 2156/1182/1502 2152/1179/1499 2154/1178/1526 
s 13
f 2156/1183/1503 2155/1184/1504 2140/1162/1482 2111/1130/1448 
s 9
f 2157/1185/1505 2158/1186/1506 2116/1136/1454 2090/1105/1423 
f 2159/1187/1527 2160/1188/1528 2158/1186/1506 2157/1185/1505 
f 2160/1188/1528 2159/1187/1527 2146/1172/1492 2153/1180/1500 
s 17
f 2161/1103/1421 2162/1104/1422 2163/1105/1423 2164/1106/1424 
f 2165/1107/1529 2166/1108/1530 2162/1104/1422 2161/1103/1421 
f 2167/1109/1427 2168/1110/1428 2166/1189/1530 2165/1190/1529 
f 2169/1114/1510 2170/1115/1433 2171/1116/1434 2172/1113/1509 
f 2173/1191/1531 2174/1192/1532 2169/1114/1510 2172/1113/1509 
f 2164/1106/1424 2175/1119/1437 2174/1120/1533 2173/1121/1534 
f 2176/1122/1438 2177/1123/1439 2178/1124/1440 2167/1109/1427 
f 2179/1125/1441 2180/1126/1442 2177/1123/1443 2176/1122/1513 
f 2171/1116/1434 2181/1127/1445 2180/1126/1442 2179/1125/1441 
f 2182/1193/1535 2183/1130/1448 2184/1131/1449 2185/1194/1536 
f 2182/1134/1535 2185/1135/1536 2186/1132/1450 2187/1133/1451 
f 2187/1133/1451 2186/1132/1450 2175/1119/1437 2188/1136/1454 
f 2189/1138/1456 2190/1139/1457 2170/1115/1433 2191/1137/1514 
f 2192/1140/1458 2193/1141/1459 2189/1138/1456 2191/1137/1514 
f 2184/1131/1449 2194/1142/1460 2193/1141/1461 2192/1140/1462 
f 2195/1144/1537 2196/1145/1465 2178/1124/1440 2197/1143/1538 
f 2198/1147/1467 2195/1148/1537 2197/1149/1538 2199/1146/1466 
f 2199/1146/1466 2200/1150/1470 2201/1151/1471 2198/1147/1467 
f 2202/1153/1539 2203/1154/1474 2200/1150/1470 2204/1152/1540 
f 2205/1155/1519 2206/1156/1520 2202/1153/1541 2204/1152/1542 
f 2205/1155/1519 2181/1127/1445 2190/1139/1457 2206/1156/1520 
f 2207/1158/1478 2208/1159/1479 2203/1154/1474 2209/1157/1477 
f 2210/1160/1543 2211/1161/1544 2207/1158/1478 2209/1157/1477 
f 2194/1142/1460 2212/1162/1482 2211/1163/1544 2210/1164/1543 
f 2213/1166/1486 2168/1110/1428 2196/1145/1465 2214/1165/1485 
f 2215/1167/1487 2216/1168/1521 2213/1169/1489 2214/1170/1490 
f 2216/1168/1521 2215/1167/1487 2217/1171/1491 2218/1172/1492 
f 2219/1175/1495 2217/1171/1491 2220/1173/1522 2221/1174/1523 
f 2222/1176/1545 2223/1177/1546 2221/1174/1523 2220/1173/1522 
f 2222/1176/1547 2201/1151/1471 2208/1159/1479 2223/1177/1548 
f 2224/1178/1498 2225/1179/1499 2226/1180/1500 2219/1175/1495 
f 2227/1181/1501 2228/1182/1502 2225/1179/1499 2224/1178/1498 
f 2228/1183/1503 2227/1184/1504 2212/1162/1482 2183/1130/1448 
f 2229/1186/1549 2188/1136/1454 2163/1105/1423 2230/1185/1550 
f 2231/1187/1527 2232/1188/1528 2229/1186/1551 2230/1185/1552 
f 2218/1172/1492 2226/1180/1500 2232/1188/1528 2231/1187/1527 
s 24
f 2233/1106/1424 2234/1103/1421 2235/1104/1422 2236/1105/1423 
f 2237/1107/1529 2238/1108/1530 2235/1104/1422 2234/1103/1421 
f 2238/1111/1530 2237/1112/1529 2239/1109/1427 2240/1110/1428 
f 2241/1114/1510 2242/1115/1433 2243/1116/1434 2244/1113/1509 
f 2245/1117/1531 2246/1118/1532 2241/1114/1510 2244/1113/1509 
f 2246/1120/1533 2245/1121/1534 2233/1106/1424 2247/1119/1437 
f 2248/1124/1440 2239/1109/1427 2249/1122/1438 2250/1123/1439 
f 2251/1125/1441 2252/1126/1442 2250/1123/1443 2249/1122/1444 
f 2243/1116/1434 2253/1127/1445 2252/1126/1442 2251/1125/1441 
f 2254/1129/1535 2255/1130/1448 2256/1131/1449 2257/1128/1536 
f 2258/1132/1450 2259/1133/1451 2254/1134/1535 2257/1135/1536 
f 2260/1136/1454 2259/1133/1451 2258/1132/1450 2247/1119/1437 
f 2261/1137/1455 2262/1138/1456 2263/1139/1457 2242/1115/1433 
f 2264/1140/1458 2265/1141/1459 2262/1138/1456 2261/1137/1455 
f 2264/1140/1462 2256/1131/1449 2266/1142/1460 2265/1141/1461 
f 2267/1144/1537 2268/1145/1465 2248/1124/1440 2269/1143/1538 
f 2270/1146/1466 2271/1147/1467 2267/1148/1537 2269/1149/1538 
f 2271/1147/1467 2270/1146/1466 2272/1150/1470 2273/1151/1471 
f 2274/1153/1539 2275/1154/1474 2272/1150/1470 2276/1152/1540 
f 2277/1155/1519 2278/1156/1520 2274/1153/1541 2276/1152/1542 
f 2253/1127/1445 2263/1139/1457 2278/1156/1520 2277/1155/1519 
f 2279/1158/1478 2280/1159/1479 2275/1154/1474 2281/1157/1477 
f 2282/1160/1543 2283/1161/1544 2279/1158/1478 2281/1157/1477 
f 2282/1164/1543 2266/1142/1460 2284/1162/1482 2283/1163/1544 
f 2285/1166/1486 2240/1110/1428 2268/1145/1465 2286/1165/1485 
f 2287/1167/1487 2288/1168/1488 2285/1169/1489 2286/1170/1490 
f 2288/1168/1488 2287/1167/1487 2289/1171/1491 2290/1172/1492 
f 2291/1174/1523 2292/1175/1495 2289/1171/1491 2293/1173/1522 
f 2294/1176/1545 2295/1177/1546 2291/1174/1523 2293/1173/1522 
f 2273/1151/1471 2280/1159/1479 2295/1177/1548 2294/1176/1547 
f 2296/1180/1500 2292/1175/1495 2297/1178/1498 2298/1179/1499 
f 2299/1181/1501 2300/1182/1502 2298/1179/1499 2297/1178/1498 
f 2300/1183/1503 2299/1184/1504 2284/1162/1482 2255/1130/1448 
f 2236/1105/1423 2301/1185/1550 2302/1186/1549 2260/1136/1454 
f 2301/1185/1552 2303/1187/1527 2304/1188/1528 2302/1186/1551 
f 2303/1187/1527 2290/1172/1492 2296/1180/1500 2304/1188/1528 
s 31
f 2305/1103/1553 2306/1104/1554 2307/1105/1423 2308/1106/1424 
s 32
f 2309/1107/1529 2310/1108/1530 2306/1104/1426 2305/1103/1425 
f 2311/1109/1427 2312/1110/1428 2310/1111/1530 2309/1112/1529 
f 2313/1113/1555 2314/1114/1510 2315/1115/1433 2316/1116/1434 
f 2317/1117/1531 2318/1118/1532 2314/1114/1510 2313/1113/1555 
s 31
f 2308/1106/1424 2319/1119/1437 2318/1120/1533 2317/1121/1534 
s 32
f 2320/1122/1438 2321/1123/1439 2322/1124/1440 2311/1109/1427 
f 2323/1125/1441 2324/1126/1442 2321/1123/1443 2320/1122/1444 
f 2316/1116/1434 2325/1127/1445 2324/1126/1442 2323/1125/1441 
f 2326/1128/1536 2327/1129/1535 2328/1130/1448 2329/1131/1449 
f 2330/1132/1453 2331/1133/1452 2327/1134/1535 2326/1135/1536 
s 31
f 2319/1119/1437 2332/1136/1454 2331/1133/1556 2330/1132/1557 
s 32
f 2333/1137/1455 2334/1138/1456 2335/1139/1457 2315/1115/1433 
f 2336/1140/1458 2337/1141/1459 2334/1138/1456 2333/1137/1455 
f 2329/1131/1449 2338/1142/1460 2337/1141/1461 2336/1140/1462 
f 2339/1143/1538 2340/1144/1537 2341/1145/1465 2322/1124/1440 
f 2342/1146/1469 2343/1147/1468 2340/1148/1537 2339/1149/1538 
s 36
f 2344/1150/1470 2345/1151/1471 2343/1147/1558 2342/1146/1559 
f 2346/1152/1540 2347/1153/1539 2348/1154/1474 2344/1150/1470 
s 32
f 2349/1155/1519 2350/1156/1560 2347/1153/1541 2346/1152/1542 
f 2325/1127/1445 2335/1139/1457 2350/1156/1560 2349/1155/1519 
s 36
f 2351/1157/1561 2352/1158/1562 2353/1159/1479 2348/1154/1474 
s 32
f 2354/1160/1543 2355/1161/1544 2352/1158/1481 2351/1157/1480 
f 2338/1142/1460 2356/1162/1482 2355/1163/1544 2354/1164/1543 
f 2357/1165/1485 2358/1166/1486 2312/1110/1428 2341/1145/1465 
f 2359/1167/1487 2360/1168/1488 2358/1169/1489 2357/1170/1490 
f 2361/1171/1491 2362/1172/1492 2360/1168/1488 2359/1167/1487 
f 2363/1173/1563 2364/1174/1523 2365/1175/1495 2361/1171/1491 
f 2366/1176/1545 2367/1177/1546 2364/1174/1523 2363/1173/1563 
s 36
f 2345/1151/1471 2353/1159/1479 2367/1177/1548 2366/1176/1547 
s 32
f 2368/1178/1498 2369/1179/1499 2370/1180/1500 2365/1175/1495 
f 2371/1181/1501 2372/1182/1502 2369/1179/1499 2368/1178/1498 
f 2356/1162/1482 2328/1130/1448 2372/1183/1503 2371/1184/1504 
s 31
f 2373/1185/1550 2374/1186/1549 2332/1136/1454 2307/1105/1423 
s 32
f 2375/1187/1527 2376/1188/1564 2374/1186/1551 2373/1185/1552 
f 2362/1172/1492 2370/1180/1500 2376/1188/1564 2375/1187/1527 
s 41
f 2377/1104/1422 2378/1105/1423 2379/1106/1424 2380/1103/1421 
f 2381/1107/1529 2382/1108/1530 2377/1104/1422 2380/1103/1421 
f 2382/1189/1530 2381/1190/1529 2383/1109/1427 2384/1110/1428 
f 2385/1116/1434 2386/1113/1509 2387/1114/1510 2388/1115/1433 
f 2389/1191/1531 2390/1192/1532 2387/1114/1510 2386/1113/1509 
f 2391/1119/1437 2390/1120/1533 2389/1121/1534 2379/1106/1424 
f 2392/1123/1439 2393/1124/1440 2383/1109/1427 2394/1122/1438 
f 2395/1126/1442 2392/1123/1443 2394/1122/1444 2396/1125/1441 
f 2395/1126/1442 2396/1125/1441 2385/1116/1434 2397/1127/1445 
f 2398/1131/1449 2399/1194/1536 2400/1193/1535 2401/1130/1448 
f 2402/1132/1450 2403/1133/1451 2400/1134/1535 2399/1135/1536 
f 2403/1133/1451 2402/1132/1450 2391/1119/1437 2404/1136/1454 
f 2405/1137/1455 2406/1138/1456 2407/1139/1457 2388/1115/1433 
f 2408/1140/1458 2409/1141/1459 2406/1138/1456 2405/1137/1455 
f 2409/1141/1461 2408/1140/1462 2398/1131/1449 2410/1142/1460 
f 2411/1143/1538 2412/1144/1537 2413/1145/1465 2393/1124/1440 
f 2414/1146/1466 2415/1147/1467 2412/1148/1537 2411/1149/1538 
f 2415/1147/1467 2414/1146/1466 2416/1150/1470 2417/1151/1471 
f 2418/1152/1540 2419/1153/1539 2420/1154/1474 2416/1150/1470 
f 2421/1155/1519 2422/1156/1520 2419/1153/1541 2418/1152/1542 
f 2407/1139/1457 2422/1156/1520 2421/1155/1519 2397/1127/1445 
f 2423/1158/1478 2424/1159/1479 2420/1154/1474 2425/1157/1477 
f 2426/1160/1543 2427/1161/1544 2423/1158/1478 2425/1157/1477 
f 2427/1163/1544 2426/1164/1543 2410/1142/1460 2428/1162/1482 
f 2429/1165/1485 2430/1166/1486 2384/1110/1428 2413/1145/1465 
f 2431/1167/1487 2432/1168/1488 2430/1169/1565 2429/1170/1566 
f 2432/1168/1488 2431/1167/1487 2433/1171/1491 2434/1172/1492 
f 2435/1173/1563 2436/1174/1567 2437/1175/1495 2433/1171/1491 
f 2438/1176/1545 2439/1177/1546 2436/1174/1567 2435/1173/1563 
f 2439/1177/1548 2438/1176/1547 2417/1151/1471 2424/1159/1479 
f 2440/1179/1499 2441/1180/1500 2437/1175/1495 2442/1178/1498 
f 2443/1181/1568 2444/1182/1569 2440/1179/1499 2442/1178/1498 
f 2444/1183/1503 2443/1184/1504 2428/1162/1482 2401/1130/1448 
f 2445/1185/1550 2446/1186/1549 2404/1136/1454 2378/1105/1423 
f 2447/1187/1570 2448/1188/1564 2446/1186/1551 2445/1185/1552 
f 2448/1188/1564 2447/1187/1570 2434/1172/1492 2441/1180/1500 
s 48
f 2449/1195/1571 2450/1196/1572 2451/1197/1573 2452/1198/1574 
f 2453/1199/1575 2454/1200/1576 2450/1196/1572 2449/1195/1571 
s 49
f 2455/1201/1577 2456/1202/1578 2454/1203/1579 2453/1204/1580 
s 48
f 2457/1205/1581 2458/1206/1582 2459/1207/1583 2460/1208/1584 
f 2461/1209/1585 2462/1210/1586 2457/1205/1581 2460/1208/1584 
f 2452/1198/1574 2463/1211/1587 2462/1212/1588 2461/1213/1589 
s 49
f 2464/1214/1590 2465/1215/1591 2466/1216/1592 2455/1201/1577 
s 48
f 2467/1217/1593 2468/1218/1594 2465/1215/1595 2464/1214/1596 
f 2459/1207/1583 2469/1219/1597 2468/1218/1594 2467/1217/1593 
s 52
f 2470/1220/1598 2471/1221/1599 2472/1222/1600 2473/1223/1601 
s 48
f 2474/1224/1602 2475/1225/1603 2470/1226/1604 2473/1227/1605 
f 2474/1224/1602 2463/1211/1587 2476/1228/1606 2475/1225/1603 
f 2477/1229/1607 2478/1230/1608 2458/1206/1582 2479/1231/1609 
f 2480/1232/1610 2481/1233/1611 2477/1229/1607 2479/1231/1609 
s 52
f 2472/1222/1600 2482/1234/1612 2481/1233/1613 2480/1232/1614 
s 49
f 2483/1235/1615 2484/1236/1616 2466/1216/1592 2485/1237/1617 
s 48
f 2486/1238/1618 2483/1239/1619 2485/1240/1620 2487/1241/1621 
f 2487/1241/1621 2488/1242/1622 2489/1243/1623 2486/1238/1618 
f 2490/1244/1624 2491/1245/1625 2488/1242/1622 2492/1246/1626 
f 2493/1247/1627 2494/1248/1628 2490/1244/1624 2492/1246/1626 
f 2493/1247/1627 2469/1219/1597 2478/1230/1608 2494/1248/1628 
f 2495/1249/1629 2496/1250/1630 2491/1245/1625 2497/1251/1631 
f 2498/1252/1632 2495/1249/1629 2497/1251/1631 2499/1253/1633 
s 52
f 2482/1234/1612 2500/1254/1634 2498/1255/1635 2499/1256/1636 
s 49
f 2456/1202/1578 2484/1236/1616 2501/1257/1637 2502/1258/1638 
s 48
f 2503/1259/1639 2504/1260/1640 2502/1261/1641 2501/1262/1642 
f 2504/1260/1640 2503/1259/1639 2505/1263/1643 2506/1264/1644 
f 2507/1265/1645 2505/1263/1643 2508/1266/1646 2509/1267/1647 
f 2510/1268/1648 2511/1269/1649 2509/1267/1647 2508/1266/1646 
f 2510/1268/1648 2489/1243/1623 2496/1250/1630 2511/1269/1649 
f 2512/1270/1650 2513/1271/1651 2514/1272/1652 2507/1265/1645 
f 2515/1273/1653 2516/1274/1654 2513/1271/1651 2512/1270/1650 
s 52
f 2471/1221/1599 2516/1275/1655 2515/1276/1656 2500/1254/1634 
s 48
f 2517/1277/1657 2476/1228/1606 2451/1197/1573 2518/1278/1658 
f 2519/1279/1659 2520/1280/1660 2517/1277/1661 2518/1278/1662 
f 2506/1264/1644 2514/1272/1652 2520/1280/1660 2519/1279/1659 
s 57
f 2521/1198/1574 2522/1195/1571 2523/1196/1572 2524/1197/1573 
f 2525/1199/1575 2526/1200/1576 2523/1196/1572 2522/1195/1571 
s 58
f 2526/1203/1579 2525/1204/1580 2527/1201/1577 2528/1202/1578 
s 57
f 2529/1205/1581 2530/1206/1582 2531/1207/1583 2532/1208/1584 
f 2533/1209/1585 2534/1210/1586 2529/1205/1581 2532/1208/1584 
f 2534/1212/1588 2533/1213/1589 2521/1198/1574 2535/1211/1587 
s 58
f 2536/1216/1592 2527/1201/1577 2537/1214/1590 2538/1215/1591 
s 57
f 2539/1217/1593 2540/1218/1594 2538/1215/1595 2537/1214/1596 
f 2531/1207/1583 2541/1219/1597 2540/1218/1594 2539/1217/1593 
s 61
f 2542/1281/1598 2543/1221/1599 2544/1222/1600 2545/1282/1601 
s 57
f 2546/1224/1602 2547/1225/1603 2542/1226/1604 2545/1227/1605 
f 2548/1228/1606 2547/1225/1603 2546/1224/1602 2535/1211/1587 
f 2549/1231/1609 2550/1229/1607 2551/1230/1608 2530/1206/1582 
f 2552/1232/1610 2553/1233/1611 2550/1229/1607 2549/1231/1609 
s 61
f 2552/1232/1614 2544/1222/1600 2554/1234/1612 2553/1233/1613 
s 58
f 2555/1235/1615 2556/1236/1616 2536/1216/1592 2557/1237/1663 
s 57
f 2558/1241/1621 2559/1238/1618 2555/1239/1619 2557/1240/1620 
f 2559/1238/1618 2558/1241/1621 2560/1242/1622 2561/1243/1623 
f 2562/1244/1624 2563/1245/1625 2560/1242/1622 2564/1246/1626 
f 2565/1247/1627 2566/1248/1628 2562/1244/1624 2564/1246/1626 
f 2541/1219/1597 2551/1230/1608 2566/1248/1628 2565/1247/1627 
f 2567/1249/1629 2568/1250/1630 2563/1245/1625 2569/1251/1631 
f 2570/1253/1633 2571/1252/1632 2567/1249/1629 2569/1251/1631 
s 61
f 2570/1256/1636 2554/1234/1612 2572/1254/1634 2571/1255/1635 
s 58
f 2573/1258/1638 2528/1202/1578 2556/1236/1616 2574/1257/1637 
s 57
f 2575/1259/1639 2576/1260/1640 2573/1261/1641 2574/1262/1642 
f 2576/1260/1640 2575/1259/1639 2577/1263/1643 2578/1264/1644 
f 2579/1267/1647 2580/1265/1645 2577/1263/1643 2581/1266/1646 
f 2582/1268/1648 2583/1269/1649 2579/1267/1647 2581/1266/1646 
f 2561/1243/1623 2568/1250/1630 2583/1269/1649 2582/1268/1648 
f 2584/1272/1652 2580/1265/1645 2585/1270/1650 2586/1271/1651 
f 2587/1273/1653 2588/1274/1654 2586/1271/1651 2585/1270/1650 
s 61
f 2588/1275/1655 2587/1276/1656 2572/1254/1634 2543/1221/1599 
s 57
f 2524/1197/1573 2589/1278/1658 2590/1277/1657 2548/1228/1606 
f 2589/1278/1662 2591/1279/1659 2592/1280/1660 2590/1277/1661 
f 2591/1279/1659 2578/1264/1644 2584/1272/1652 2592/1280/1660 
s 1
f 2027/1115/1433 2047/1139/1457 2037/1127/1445 2028/1116/1434 
f 2060/1154/1474 2065/1159/1479 2057/1151/1471 2056/1150/1470 
f 2077/1175/1495 2082/1180/1500 2074/1172/1492 2073/1171/1491 
f 2044/1136/1454 2031/1119/1437 2020/1106/1424 2019/1105/1423 
s 5
f 2040/1130/1448 2068/1162/1482 2050/1142/1460 2041/1131/1449 
s 2
f 2023/1109/1427 2034/1124/1440 2053/1145/1465 2024/1110/1428 
s 9
f 2100/1115/1433 2118/1139/1457 2109/1127/1445 2097/1116/1434 
f 2128/1150/1470 2132/1154/1474 2136/1159/1479 2129/1151/1471 
f 2153/1180/1500 2146/1172/1492 2145/1171/1491 2149/1175/1495 
f 2116/1136/1454 2103/1119/1437 2091/1106/1424 2090/1105/1423 
s 13
f 2122/1142/1460 2112/1131/1449 2111/1130/1448 2140/1162/1482 
s 10
f 2125/1145/1465 2096/1110/1428 2095/1109/1427 2105/1124/1440 
s 17
f 2171/1116/1434 2170/1115/1433 2190/1139/1457 2181/1127/1445 
f 2208/1159/1479 2201/1151/1471 2200/1150/1470 2203/1154/1474 
f 2218/1172/1492 2217/1171/1491 2219/1175/1495 2226/1180/1500 
f 2188/1136/1454 2175/1119/1437 2164/1106/1424 2163/1105/1423 
f 2212/1162/1482 2194/1142/1460 2184/1131/1449 2183/1130/1448 
f 2196/1145/1465 2168/1110/1428 2167/1109/1427 2178/1124/1440 
s 24
f 2242/1115/1433 2263/1139/1457 2253/1127/1445 2243/1116/1434 
f 2280/1159/1479 2273/1151/1471 2272/1150/1470 2275/1154/1474 
f 2296/1180/1500 2290/1172/1492 2289/1171/1491 2292/1175/1495 
f 2247/1119/1437 2233/1106/1424 2236/1105/1423 2260/1136/1454 
f 2284/1162/1482 2266/1142/1460 2256/1131/1449 2255/1130/1448 
f 2240/1110/1428 2239/1109/1427 2248/1124/1440 2268/1145/1465 
s 32
f 2315/1115/1433 2335/1139/1457 2325/1127/1445 2316/1116/1434 
s 36
f 2348/1154/1474 2353/1159/1479 2345/1151/1471 2344/1150/1470 
s 32
f 2365/1175/1495 2370/1180/1500 2362/1172/1492 2361/1171/1491 
s 31
f 2332/1136/1454 2319/1119/1437 2308/1106/1424 2307/1105/1423 
s 32
f 2328/1130/1448 2356/1162/1482 2338/1142/1460 2329/1131/1449 
f 2311/1109/1427 2322/1124/1440 2341/1145/1465 2312/1110/1428 
s 41
f 2385/1116/1434 2388/1115/1433 2407/1139/1457 2397/1127/1445 
f 2416/1150/1470 2420/1154/1474 2424/1159/1479 2417/1151/1471 
f 2441/1180/1500 2434/1172/1492 2433/1171/1491 2437/1175/1495 
f 2391/1119/1437 2379/1106/1424 2378/1105/1423 2404/1136/1454 
f 2401/1130/1448 2428/1162/1482 2410/1142/1460 2398/1131/1449 
f 2383/1109/1427 2393/1124/1440 2413/1145/1465 2384/1110/1428 
s 48
f 2459/1207/1583 2458/1206/1582 2478/1230/1608 2469/1219/1597 
f 2496/1250/1630 2489/1243/1623 2488/1242/1622 2491/1245/1625 
f 2514/1272/1652 2506/1264/1644 2505/1263/1643 2507/1265/1645 
f 2451/1197/1573 2476/1228/1606 2463/1211/1587 2452/1198/1574 
s 52
f 2472/1222/1600 2471/1221/1599 2500/1254/1634 2482/1234/1612 
s 49
f 2484/1236/1616 2456/1202/1578 2455/1201/1577 2466/1216/1592 
s 57
f 2530/1206/1582 2551/1230/1608 2541/1219/1597 2531/1207/1583 
f 2568/1250/1630 2561/1243/1623 2560/1242/1622 2563/1245/1625 
f 2584/1272/1652 2578/1264/1644 2577/1263/1643 2580/1265/1645 
f 2535/1211/1587 2521/1198/1574 2524/1197/1573 2548/1228/1606 
s 61
f 2572/1254/1634 2554/1234/1612 2544/1222/1600 2543/1221/1599 
s 58
f 2528/1202/1578 2527/1201/1577 2536/1216/1592 2556/1236/1616 
s 2
f 2032/1122/1438 2023/1109/1427 2021/1112/1430 2593/1283/1664 
s 1
f 2593/1284/1665 2021/1107/1425 2017/1103/1421 2594/1285/1666 
f 2017/1103/1421 2020/1106/1424 2029/1121/1435 2594/1285/1667 
f 2594/1286/1666 2029/1117/1435 2025/1113/1431 2595/1287/1668 
f 2595/1287/1669 2025/1113/1431 2028/1116/1434 2035/1125/1441 
f 2032/1122/1444 2593/1283/1665 2595/1287/1668 2035/1125/1441 
f 2593/1283/1665 2594/1286/1666 2595/1287/1668 
f 2042/1132/1450 2596/1288/1670 2030/1120/1436 2031/1119/1437 
f 2042/1132/1450 2038/1135/1453 2597/1289/1671 2596/1288/1672 
s 5
f 2038/1128/1446 2041/1131/1449 2048/1140/1462 2597/1290/1673 
s 1
f 2048/1140/1458 2045/1137/1455 2598/1291/1674 2597/1290/1671 
f 2026/1114/1432 2598/1291/1675 2045/1137/1455 2027/1115/1433 
f 2026/1114/1432 2030/1118/1436 2596/1292/1672 2598/1291/1674 
f 2596/1292/1672 2597/1290/1671 2598/1291/1674 
f 2058/1152/1472 2056/1150/1470 2054/1146/1466 2599/1293/1676 
f 2599/1293/1677 2054/1146/1466 2051/1149/1469 2600/1294/1678 
s 2
f 2051/1143/1463 2034/1124/1440 2033/1123/1439 2600/1294/1679 
s 1
f 2600/1294/1678 2033/1123/1443 2036/1126/1442 2601/1295/1680 
f 2601/1295/1681 2036/1126/1442 2037/1127/1445 2061/1155/1475 
f 2058/1152/1472 2599/1293/1677 2601/1295/1680 2061/1155/1475 
f 2599/1293/1677 2600/1294/1678 2601/1295/1680 
s 5
f 2049/1141/1461 2050/1142/1460 2066/1164/1484 2602/1296/1682 
s 1
f 2602/1296/1683 2066/1160/1480 2063/1157/1477 2603/1297/1684 
f 2059/1153/1473 2603/1297/1685 2063/1157/1477 2060/1154/1474 
f 2603/1297/1684 2059/1153/1473 2062/1156/1476 2604/1298/1686 
f 2604/1298/1687 2062/1156/1476 2047/1139/1457 2046/1138/1456 
f 2046/1138/1456 2049/1141/1459 2602/1296/1683 2604/1298/1686 
f 2602/1296/1683 2603/1297/1684 2604/1298/1686 
f 2075/1173/1493 2073/1171/1491 2071/1167/1487 2605/1299/1688 
f 2071/1167/1487 2069/1170/1490 2606/1300/1689 2605/1299/1690 
s 2
f 2606/1301/1691 2069/1165/1485 2053/1145/1465 2052/1144/1464 
s 1
f 2052/1148/1468 2055/1147/1467 2607/1302/1692 2606/1300/1689 
f 2607/1302/1693 2055/1147/1467 2057/1151/1471 2078/1176/1496 
f 2078/1176/1496 2075/1173/1493 2605/1299/1690 2607/1302/1692 
f 2605/1299/1690 2606/1300/1689 2607/1302/1692 
s 5
f 2067/1163/1483 2068/1162/1482 2083/1184/1504 2608/1303/1694 
s 1
f 2083/1181/1501 2080/1178/1498 2609/1304/1695 2608/1305/1696 
f 2609/1304/1697 2080/1178/1498 2077/1175/1495 2076/1174/1494 
f 2609/1304/1695 2076/1174/1494 2079/1177/1497 2610/1306/1698 
f 2610/1306/1699 2079/1177/1497 2065/1159/1479 2064/1158/1478 
f 2064/1158/1478 2067/1161/1481 2608/1305/1696 2610/1306/1698 
f 2608/1305/1696 2609/1304/1695 2610/1306/1698 
f 2085/1185/1505 2019/1105/1423 2018/1104/1422 2611/1307/1700 
f 2022/1108/1426 2612/1308/1701 2611/1307/1702 2018/1104/1422 
s 2
f 2612/1309/1703 2022/1111/1429 2024/1110/1428 2070/1166/1486 
s 1
f 2070/1169/1489 2072/1168/1488 2613/1310/1704 2612/1308/1701 
f 2087/1187/1507 2613/1310/1705 2072/1168/1488 2074/1172/1492 
f 2085/1185/1505 2611/1307/1702 2613/1310/1704 2087/1187/1507 
f 2611/1307/1702 2612/1308/1701 2613/1310/1704 
s 5
f 2614/1311/1706 2084/1183/1503 2040/1130/1448 2039/1129/1447 
s 1
f 2039/1134/1452 2043/1133/1451 2615/1312/1707 2614/1313/1708 
f 2615/1312/1709 2043/1133/1451 2044/1136/1454 2086/1186/1506 
f 2086/1186/1506 2088/1188/1508 2616/1314/1710 2615/1312/1707 
f 2616/1314/1711 2088/1188/1508 2082/1180/1500 2081/1179/1499 
f 2081/1179/1499 2084/1182/1502 2614/1313/1708 2616/1314/1710 
f 2614/1313/1708 2615/1312/1707 2616/1314/1710 
s 10
f 2093/1112/1430 2617/1283/1664 2106/1122/1438 2095/1109/1427 
s 9
f 2092/1103/1421 2618/1285/1712 2617/1284/1713 2093/1107/1425 
f 2618/1285/1714 2092/1103/1421 2091/1106/1424 2101/1121/1435 
f 2618/1286/1712 2101/1117/1435 2098/1113/1509 2619/1287/1668 
f 2619/1287/1669 2098/1113/1509 2097/1116/1434 2108/1125/1441 
f 2108/1125/1441 2106/1122/1513 2617/1283/1713 2619/1287/1668 
f 2617/1283/1713 2618/1286/1712 2619/1287/1668 
f 2620/1288/1715 2102/1120/1436 2103/1119/1437 2115/1132/1450 
f 2113/1135/1453 2621/1289/1716 2620/1288/1717 2115/1132/1450 
s 13
f 2113/1128/1446 2112/1131/1449 2120/1140/1462 2621/1290/1673 
s 9
f 2120/1140/1515 2119/1137/1514 2622/1291/1674 2621/1290/1716 
f 2622/1291/1675 2119/1137/1514 2100/1115/1433 2099/1114/1510 
f 2102/1118/1436 2620/1292/1717 2622/1291/1674 2099/1114/1510 
f 2620/1292/1717 2621/1290/1716 2622/1291/1674 
f 2126/1146/1466 2623/1293/1676 2130/1152/1517 2128/1150/1470 
f 2126/1146/1466 2123/1149/1469 2624/1294/1718 2623/1293/1719 
s 10
f 2123/1143/1463 2105/1124/1440 2104/1123/1439 2624/1294/1679 
s 9
f 2624/1294/1718 2104/1123/1512 2107/1126/1511 2625/1295/1680 
f 2133/1155/1519 2625/1295/1720 2107/1126/1511 2109/1127/1445 
f 2133/1155/1519 2130/1152/1517 2623/1293/1719 2625/1295/1680 
f 2623/1293/1719 2624/1294/1718 2625/1295/1680 
s 13
f 2138/1164/1484 2626/1296/1682 2121/1141/1461 2122/1142/1460 
s 9
f 2138/1160/1480 2137/1157/1477 2627/1297/1721 2626/1296/1722 
f 2131/1153/1518 2627/1297/1685 2137/1157/1477 2132/1154/1474 
f 2627/1297/1721 2131/1153/1518 2134/1156/1520 2628/1298/1686 
f 2117/1138/1456 2628/1298/1687 2134/1156/1520 2118/1139/1457 
f 2117/1138/1456 2121/1141/1516 2626/1296/1722 2628/1298/1686 
f 2626/1296/1722 2627/1297/1721 2628/1298/1686 
f 2143/1167/1487 2629/1299/1688 2147/1173/1522 2145/1171/1491 
f 2143/1167/1487 2141/1170/1490 2630/1300/1723 2629/1299/1690 
s 10
f 2630/1301/1691 2141/1165/1485 2125/1145/1465 2124/1144/1464 
s 9
f 2630/1300/1723 2124/1148/1468 2127/1147/1467 2631/1302/1724 
f 2127/1147/1467 2129/1151/1471 2150/1176/1524 2631/1302/1693 
f 2150/1176/1524 2147/1173/1522 2629/1299/1690 2631/1302/1724 
f 2629/1299/1690 2630/1300/1723 2631/1302/1724 
s 13
f 2155/1184/1504 2632/1303/1694 2139/1163/1483 2140/1162/1482 
s 9
f 2155/1181/1501 2154/1178/1526 2633/1304/1695 2632/1305/1725 
f 2154/1178/1526 2149/1175/1495 2148/1174/1523 2633/1304/1726 
f 2633/1304/1695 2148/1174/1523 2151/1177/1525 2634/1306/1727 
f 2634/1306/1699 2151/1177/1525 2136/1159/1479 2135/1158/1478 
f 2135/1158/1478 2139/1161/1481 2632/1305/1725 2634/1306/1727 
f 2632/1305/1725 2633/1304/1695 2634/1306/1727 
f 2635/1307/1728 2157/1185/1505 2090/1105/1423 2089/1104/1422 
f 2089/1104/1422 2094/1108/1426 2636/1308/1729 2635/1307/1730 
s 10
f 2142/1166/1486 2636/1309/1703 2094/1111/1429 2096/1110/1428 
s 9
f 2142/1169/1489 2144/1168/1521 2637/1310/1704 2636/1308/1729 
f 2144/1168/1521 2146/1172/1492 2159/1187/1527 2637/1310/1705 
f 2159/1187/1527 2157/1185/1505 2635/1307/1730 2637/1310/1704 
f 2635/1307/1730 2636/1308/1729 2637/1310/1704 
s 13
f 2156/1183/1503 2111/1130/1448 2110/1129/1447 2638/1311/1706 
s 9
f 2110/1134/1452 2114/1133/1451 2639/1312/1731 2638/1313/1732 
f 2114/1133/1451 2116/1136/1454 2158/1186/1506 2639/1312/1733 
f 2158/1186/1506 2160/1188/1528 2640/1314/1710 2639/1312/1731 
f 2152/1179/1499 2640/1314/1711 2160/1188/1528 2153/1180/1500 
f 2152/1179/1499 2156/1182/1502 2638/1313/1732 2640/1314/1710 
f 2638/1313/1732 2639/1312/1731 2640/1314/1710 
s 17
f 2641/1315/1664 2176/1122/1438 2167/1109/1427 2165/1190/1529 
f 2165/1107/1529 2161/1103/1421 2642/1285/1712 2641/1284/1665 
f 2642/1285/1667 2161/1103/1421 2164/1106/1424 2173/1121/1534 
f 2173/1191/1531 2172/1113/1509 2643/1287/1668 2642/1286/1712 
f 2172/1113/1509 2171/1116/1434 2179/1125/1441 2643/1287/1669 
f 2179/1125/1441 2176/1122/1513 2641/1315/1665 2643/1287/1668 
f 2641/1315/1665 2642/1286/1712 2643/1287/1668 
f 2174/1120/1533 2175/1119/1437 2186/1132/1450 2644/1288/1670 
f 2186/1132/1450 2185/1135/1536 2645/1289/1734 2644/1288/1717 
f 2192/1140/1462 2645/1316/1673 2185/1194/1536 2184/1131/1449 
f 2192/1140/1458 2191/1137/1514 2646/1291/1674 2645/1316/1734 
f 2646/1291/1735 2191/1137/1514 2170/1115/1433 2169/1114/1510 
f 2174/1192/1532 2644/1317/1717 2646/1291/1674 2169/1114/1510 
f 2644/1317/1717 2645/1316/1734 2646/1291/1674 
f 2199/1146/1466 2647/1293/1736 2204/1152/1540 2200/1150/1470 
f 2199/1146/1466 2197/1149/1538 2648/1294/1678 2647/1293/1719 
f 2648/1294/1679 2197/1143/1538 2178/1124/1440 2177/1123/1439 
f 2648/1294/1678 2177/1123/1443 2180/1126/1442 2649/1295/1680 
f 2205/1155/1519 2649/1295/1720 2180/1126/1442 2181/1127/1445 
f 2205/1155/1519 2204/1152/1542 2647/1293/1719 2649/1295/1680 
f 2647/1293/1719 2648/1294/1678 2649/1295/1680 
f 2650/1296/1682 2193/1141/1461 2194/1142/1460 2210/1164/1543 
f 2209/1157/1477 2651/1297/1721 2650/1296/1683 2210/1160/1543 
f 2651/1297/1737 2209/1157/1477 2203/1154/1474 2202/1153/1539 
f 2202/1153/1541 2206/1156/1520 2652/1298/1686 2651/1297/1721 
f 2652/1298/1687 2206/1156/1520 2190/1139/1457 2189/1138/1456 
f 2189/1138/1456 2193/1141/1459 2650/1296/1683 2652/1298/1686 
f 2650/1296/1683 2651/1297/1721 2652/1298/1686 
f 2215/1167/1487 2653/1299/1688 2220/1173/1522 2217/1171/1491 
f 2215/1167/1487 2214/1170/1490 2654/1300/1689 2653/1299/1690 
f 2196/1145/1465 2195/1144/1537 2654/1301/1691 2214/1165/1485 
f 2195/1148/1537 2198/1147/1467 2655/1318/1724 2654/1300/1689 
f 2198/1147/1467 2201/1151/1471 2222/1176/1547 2655/1318/1738 
f 2222/1176/1545 2220/1173/1522 2653/1299/1690 2655/1318/1724 
f 2653/1299/1690 2654/1300/1689 2655/1318/1724 
f 2212/1162/1482 2227/1184/1504 2656/1303/1694 2211/1163/1544 
f 2227/1181/1501 2224/1178/1498 2657/1304/1695 2656/1305/1696 
f 2219/1175/1495 2221/1174/1523 2657/1304/1726 2224/1178/1498 
f 2221/1174/1523 2223/1177/1546 2658/1319/1727 2657/1304/1695 
f 2658/1319/1739 2223/1177/1548 2208/1159/1479 2207/1158/1478 
f 2207/1158/1478 2211/1161/1544 2656/1305/1696 2658/1319/1727 
f 2656/1305/1696 2657/1304/1695 2658/1319/1727 
f 2659/1307/1740 2230/1185/1550 2163/1105/1423 2162/1104/1422 
f 2162/1104/1422 2166/1108/1530 2660/1308/1701 2659/1307/1730 
f 2213/1166/1486 2660/1309/1703 2166/1189/1530 2168/1110/1428 
f 2213/1169/1489 2216/1168/1521 2661/1310/1704 2660/1308/1701 
f 2216/1168/1521 2218/1172/1492 2231/1187/1527 2661/1310/1741 
f 2231/1187/1527 2230/1185/1552 2659/1307/1730 2661/1310/1704 
f 2659/1307/1730 2660/1308/1701 2661/1310/1704 
f 2228/1183/1503 2183/1130/1448 2182/1193/1535 2662/1311/1706 
f 2182/1134/1535 2187/1133/1451 2663/1312/1731 2662/1313/1708 
f 2663/1312/1742 2187/1133/1451 2188/1136/1454 2229/1186/1549 
f 2229/1186/1551 2232/1188/1528 2664/1314/1743 2663/1312/1731 
f 2664/1314/1711 2232/1188/1528 2226/1180/1500 2225/1179/1499 
f 2225/1179/1499 2228/1182/1502 2662/1313/1708 2664/1314/1743 
f 2662/1313/1708 2663/1312/1731 2664/1314/1743 
s 24
f 2237/1112/1529 2665/1283/1664 2249/1122/1438 2239/1109/1427 
f 2665/1284/1665 2237/1107/1529 2234/1103/1421 2666/1285/1712 
f 2234/1103/1421 2233/1106/1424 2245/1121/1534 2666/1285/1667 
f 2245/1117/1531 2244/1113/1509 2667/1287/1668 2666/1286/1712 
f 2244/1113/1509 2243/1116/1434 2251/1125/1441 2667/1287/1669 
f 2251/1125/1441 2249/1122/1444 2665/1283/1665 2667/1287/1668 
f 2665/1283/1665 2666/1286/1712 2667/1287/1668 
f 2246/1120/1533 2247/1119/1437 2258/1132/1450 2668/1288/1670 
f 2258/1132/1450 2257/1135/1536 2669/1289/1671 2668/1288/1717 
f 2256/1131/1449 2264/1140/1462 2669/1290/1673 2257/1128/1536 
f 2669/1290/1671 2264/1140/1458 2261/1137/1455 2670/1291/1674 
f 2670/1291/1735 2261/1137/1455 2242/1115/1433 2241/1114/1510 
f 2241/1114/1510 2246/1118/1532 2668/1292/1717 2670/1291/1674 
f 2668/1292/1717 2669/1290/1671 2670/1291/1674 
f 2272/1150/1470 2270/1146/1466 2671/1293/1736 2276/1152/1540 
f 2270/1146/1466 2269/1149/1538 2672/1294/1678 2671/1293/1719 
f 2250/1123/1439 2672/1294/1679 2269/1143/1538 2248/1124/1440 
f 2250/1123/1443 2252/1126/1442 2673/1295/1680 2672/1294/1678 
f 2673/1295/1681 2252/1126/1442 2253/1127/1445 2277/1155/1519 
f 2277/1155/1519 2276/1152/1542 2671/1293/1719 2673/1295/1680 
f 2671/1293/1719 2672/1294/1678 2673/1295/1680 
f 2265/1141/1461 2266/1142/1460 2282/1164/1543 2674/1296/1682 
f 2674/1296/1683 2282/1160/1543 2281/1157/1477 2675/1297/1721 
f 2274/1153/1539 2675/1297/1737 2281/1157/1477 2275/1154/1474 
f 2274/1153/1541 2278/1156/1520 2676/1298/1686 2675/1297/1721 
f 2278/1156/1520 2263/1139/1457 2262/1138/1456 2676/1298/1687 
f 2262/1138/1456 2265/1141/1459 2674/1296/1683 2676/1298/1686 
f 2674/1296/1683 2675/1297/1721 2676/1298/1686 
f 2289/1171/1491 2287/1167/1487 2677/1299/1688 2293/1173/1522 
f 2677/1299/1744 2287/1167/1487 2286/1170/1490 2678/1300/1689 
f 2267/1144/1537 2678/1301/1691 2286/1165/1485 2268/1145/1465 
f 2678/1300/1689 2267/1148/1537 2271/1147/1467 2679/1318/1724 
f 2679/1318/1738 2271/1147/1467 2273/1151/1471 2294/1176/1547 
f 2293/1173/1522 2677/1299/1744 2679/1318/1724 2294/1176/1545 
f 2677/1299/1744 2678/1300/1689 2679/1318/1724 
f 2299/1184/1504 2680/1303/1694 2283/1163/1544 2284/1162/1482 
f 2680/1305/1696 2299/1181/1501 2297/1178/1498 2681/1304/1695 
f 2292/1175/1495 2291/1174/1523 2681/1304/1697 2297/1178/1498 
f 2291/1174/1523 2295/1177/1546 2682/1319/1727 2681/1304/1695 
f 2295/1177/1548 2280/1159/1479 2279/1158/1478 2682/1319/1739 
f 2279/1158/1478 2283/1161/1544 2680/1305/1696 2682/1319/1727 
f 2680/1305/1696 2681/1304/1695 2682/1319/1727 
f 2235/1104/1422 2683/1307/1740 2301/1185/1550 2236/1105/1423 
f 2235/1104/1422 2238/1108/1530 2684/1308/1701 2683/1307/1730 
f 2684/1309/1703 2238/1111/1530 2240/1110/1428 2285/1166/1486 
f 2285/1169/1489 2288/1168/1488 2685/1310/1704 2684/1308/1701 
f 2303/1187/1527 2685/1310/1741 2288/1168/1488 2290/1172/1492 
f 2685/1310/1704 2303/1187/1527 2301/1185/1552 2683/1307/1730 
f 2683/1307/1730 2684/1308/1701 2685/1310/1704 
f 2254/1129/1535 2686/1311/1706 2300/1183/1503 2255/1130/1448 
f 2686/1313/1708 2254/1134/1535 2259/1133/1451 2687/1312/1731 
f 2260/1136/1454 2302/1186/1549 2687/1312/1742 2259/1133/1451 
f 2302/1186/1551 2304/1188/1528 2688/1314/1745 2687/1312/1731 
f 2304/1188/1528 2296/1180/1500 2298/1179/1499 2688/1314/1711 
f 2298/1179/1499 2300/1182/1502 2686/1313/1708 2688/1314/1745 
f 2686/1313/1708 2687/1312/1731 2688/1314/1745 
s 32
f 2320/1122/1438 2311/1109/1427 2309/1112/1529 2689/1283/1664 
f 2309/1107/1529 2305/1103/1425 2690/1285/1712 2689/1284/1746 
s 31
f 2317/1121/1534 2690/1285/1667 2305/1103/1553 2308/1106/1424 
s 32
f 2690/1286/1712 2317/1117/1531 2313/1113/1555 2691/1287/1747 
f 2691/1287/1748 2313/1113/1555 2316/1116/1434 2323/1125/1441 
f 2323/1125/1441 2320/1122/1444 2689/1283/1746 2691/1287/1747 
f 2689/1283/1746 2690/1286/1712 2691/1287/1747 
s 31
f 2318/1120/1533 2319/1119/1437 2330/1132/1557 2692/1288/1670 
s 32
f 2692/1288/1717 2330/1132/1453 2326/1135/1536 2693/1289/1734 
f 2336/1140/1462 2693/1290/1673 2326/1128/1536 2329/1131/1449 
f 2693/1290/1734 2336/1140/1458 2333/1137/1455 2694/1291/1749 
f 2694/1291/1735 2333/1137/1455 2315/1115/1433 2314/1114/1510 
f 2314/1114/1510 2318/1118/1532 2692/1292/1717 2694/1291/1749 
f 2692/1292/1717 2693/1290/1734 2694/1291/1749 
s 36
f 2342/1146/1559 2695/1293/1736 2346/1152/1540 2344/1150/1470 
s 32
f 2695/1293/1719 2342/1146/1469 2339/1149/1538 2696/1294/1750 
f 2339/1143/1538 2322/1124/1440 2321/1123/1439 2696/1294/1679 
f 2321/1123/1443 2324/1126/1442 2697/1295/1751 2696/1294/1750 
f 2349/1155/1519 2697/1295/1681 2324/1126/1442 2325/1127/1445 
f 2349/1155/1519 2346/1152/1542 2695/1293/1719 2697/1295/1751 
f 2695/1293/1719 2696/1294/1750 2697/1295/1751 
f 2337/1141/1461 2338/1142/1460 2354/1164/1543 2698/1296/1682 
f 2698/1296/1752 2354/1160/1543 2351/1157/1480 2699/1297/1721 
s 36
f 2347/1153/1539 2699/1297/1737 2351/1157/1561 2348/1154/1474 
s 32
f 2699/1297/1721 2347/1153/1541 2350/1156/1560 2700/1298/1753 
f 2700/1298/1754 2350/1156/1560 2335/1139/1457 2334/1138/1456 
f 2334/1138/1456 2337/1141/1459 2698/1296/1752 2700/1298/1753 
f 2698/1296/1752 2699/1297/1721 2700/1298/1753 
f 2701/1299/1755 2363/1173/1563 2361/1171/1491 2359/1167/1487 
f 2359/1167/1487 2357/1170/1490 2702/1300/1689 2701/1299/1690 
f 2357/1165/1485 2341/1145/1465 2340/1144/1537 2702/1301/1691 
f 2702/1300/1689 2340/1148/1537 2343/1147/1468 2703/1318/1724 
s 36
f 2703/1318/1756 2343/1147/1558 2345/1151/1471 2366/1176/1547 
s 32
f 2703/1318/1724 2366/1176/1545 2363/1173/1563 2701/1299/1690 
f 2701/1299/1690 2702/1300/1689 2703/1318/1724 
f 2704/1303/1694 2355/1163/1544 2356/1162/1482 2371/1184/1504 
f 2704/1305/1696 2371/1181/1501 2368/1178/1498 2705/1304/1695 
f 2368/1178/1498 2365/1175/1495 2364/1174/1523 2705/1304/1757 
f 2364/1174/1523 2367/1177/1546 2706/1319/1727 2705/1304/1695 
s 36
f 2706/1319/1758 2367/1177/1548 2353/1159/1479 2352/1158/1562 
s 32
f 2352/1158/1481 2355/1161/1544 2704/1305/1696 2706/1319/1727 
f 2704/1305/1696 2705/1304/1695 2706/1319/1727 
s 31
f 2707/1307/1700 2373/1185/1550 2307/1105/1423 2306/1104/1554 
s 32
f 2306/1104/1426 2310/1108/1530 2708/1308/1701 2707/1307/1730 
f 2310/1111/1530 2312/1110/1428 2358/1166/1486 2708/1309/1703 
f 2358/1169/1489 2360/1168/1488 2709/1310/1704 2708/1308/1701 
f 2709/1310/1759 2360/1168/1488 2362/1172/1492 2375/1187/1527 
f 2375/1187/1527 2373/1185/1552 2707/1307/1730 2709/1310/1704 
f 2707/1307/1730 2708/1308/1701 2709/1310/1704 
f 2710/1311/1706 2372/1183/1503 2328/1130/1448 2327/1129/1535 
f 2327/1134/1535 2331/1133/1452 2711/1312/1731 2710/1313/1708 
s 31
f 2711/1312/1709 2331/1133/1556 2332/1136/1454 2374/1186/1549 
s 32
f 2711/1312/1731 2374/1186/1551 2376/1188/1564 2712/1314/1710 
f 2376/1188/1564 2370/1180/1500 2369/1179/1499 2712/1314/1760 
f 2369/1179/1499 2372/1182/1502 2710/1313/1708 2712/1314/1710 
f 2710/1313/1708 2711/1312/1731 2712/1314/1710 
s 41
f 2383/1109/1427 2381/1190/1529 2713/1315/1664 2394/1122/1438 
f 2713/1284/1746 2381/1107/1529 2380/1103/1421 2714/1285/1712 
f 2389/1121/1534 2714/1285/1667 2380/1103/1421 2379/1106/1424 
f 2714/1286/1712 2389/1191/1531 2386/1113/1509 2715/1287/1747 
f 2715/1287/1748 2386/1113/1509 2385/1116/1434 2396/1125/1441 
f 2396/1125/1441 2394/1122/1444 2713/1315/1746 2715/1287/1747 
f 2713/1315/1746 2714/1286/1712 2715/1287/1747 
f 2390/1120/1533 2391/1119/1437 2402/1132/1450 2716/1288/1670 
f 2402/1132/1450 2399/1135/1536 2717/1289/1734 2716/1288/1717 
f 2408/1140/1462 2717/1290/1673 2399/1194/1536 2398/1131/1449 
f 2717/1290/1734 2408/1140/1458 2405/1137/1455 2718/1291/1674 
f 2405/1137/1455 2388/1115/1433 2387/1114/1510 2718/1291/1735 
f 2387/1114/1510 2390/1192/1532 2716/1317/1717 2718/1291/1674 
f 2716/1317/1717 2717/1290/1734 2718/1291/1674 
f 2414/1146/1466 2719/1293/1736 2418/1152/1540 2416/1150/1470 
f 2719/1293/1719 2414/1146/1466 2411/1149/1538 2720/1294/1750 
f 2411/1143/1538 2393/1124/1440 2392/1123/1439 2720/1294/1679 
f 2392/1123/1443 2395/1126/1442 2721/1295/1680 2720/1294/1750 
f 2397/1127/1445 2421/1155/1519 2721/1295/1681 2395/1126/1442 
f 2418/1152/1542 2719/1293/1719 2721/1295/1680 2421/1155/1519 
f 2719/1293/1719 2720/1294/1750 2721/1295/1680 
f 2409/1141/1461 2410/1142/1460 2426/1164/1543 2722/1296/1682 
f 2426/1160/1543 2425/1157/1477 2723/1297/1721 2722/1296/1752 
f 2425/1157/1477 2420/1154/1474 2419/1153/1539 2723/1297/1737 
f 2419/1153/1541 2422/1156/1520 2724/1298/1753 2723/1297/1721 
f 2406/1138/1456 2724/1298/1754 2422/1156/1520 2407/1139/1457 
f 2406/1138/1456 2409/1141/1459 2722/1296/1752 2724/1298/1753 
f 2722/1296/1752 2723/1297/1721 2724/1298/1753 
f 2431/1167/1487 2725/1299/1755 2435/1173/1563 2433/1171/1491 
f 2725/1299/1690 2431/1167/1487 2429/1170/1566 2726/1300/1689 
f 2412/1144/1537 2726/1301/1691 2429/1165/1485 2413/1145/1465 
f 2412/1148/1537 2415/1147/1467 2727/1318/1724 2726/1300/1689 
f 2438/1176/1547 2727/1318/1756 2415/1147/1467 2417/1151/1471 
f 2435/1173/1563 2725/1299/1690 2727/1318/1724 2438/1176/1545 
f 2725/1299/1690 2726/1300/1689 2727/1318/1724 
f 2427/1163/1544 2428/1162/1482 2443/1184/1504 2728/1303/1694 
f 2443/1181/1568 2442/1178/1498 2729/1304/1695 2728/1305/1696 
f 2436/1174/1567 2729/1304/1757 2442/1178/1498 2437/1175/1495 
f 2436/1174/1567 2439/1177/1546 2730/1306/1727 2729/1304/1695 
f 2423/1158/1478 2730/1306/1758 2439/1177/1548 2424/1159/1479 
f 2423/1158/1478 2427/1161/1544 2728/1305/1696 2730/1306/1727 
f 2728/1305/1696 2729/1304/1695 2730/1306/1727 
f 2731/1307/1700 2445/1185/1550 2378/1105/1423 2377/1104/1422 
f 2377/1104/1422 2382/1108/1530 2732/1308/1701 2731/1307/1730 
f 2732/1309/1703 2382/1189/1530 2384/1110/1428 2430/1166/1486 
f 2732/1308/1701 2430/1169/1565 2432/1168/1488 2733/1310/1704 
f 2432/1168/1488 2434/1172/1492 2447/1187/1570 2733/1310/1759 
f 2447/1187/1570 2445/1185/1552 2731/1307/1730 2733/1310/1704 
f 2731/1307/1730 2732/1308/1701 2733/1310/1704 
f 2444/1183/1503 2401/1130/1448 2400/1193/1535 2734/1311/1706 
f 2734/1313/1708 2400/1134/1535 2403/1133/1451 2735/1312/1731 
f 2403/1133/1451 2404/1136/1454 2446/1186/1549 2735/1312/1709 
f 2446/1186/1551 2448/1188/1564 2736/1314/1710 2735/1312/1731 
f 2736/1314/1760 2448/1188/1564 2441/1180/1500 2440/1179/1499 
f 2440/1179/1499 2444/1182/1569 2734/1313/1708 2736/1314/1710 
f 2734/1313/1708 2735/1312/1731 2736/1314/1710 
s 49
f 2453/1204/1580 2737/1320/1664 2464/1214/1590 2455/1201/1577 
s 48
f 2453/1199/1575 2449/1195/1571 2738/1321/1712 2737/1322/1746 
f 2738/1321/1667 2449/1195/1571 2452/1198/1574 2461/1213/1589 
f 2461/1209/1585 2460/1208/1584 2739/1323/1747 2738/1324/1712 
f 2467/1217/1593 2739/1323/1761 2460/1208/1584 2459/1207/1583 
f 2467/1217/1593 2464/1214/1596 2737/1320/1746 2739/1323/1747 
f 2737/1320/1746 2738/1324/1712 2739/1323/1747 
f 2740/1325/1670 2462/1212/1588 2463/1211/1587 2474/1224/1602 
f 2474/1224/1602 2473/1227/1605 2741/1326/1734 2740/1325/1717 
s 52
f 2473/1223/1601 2472/1222/1600 2480/1232/1614 2741/1327/1673 
s 48
f 2480/1232/1610 2479/1231/1609 2742/1328/1749 2741/1327/1734 
f 2742/1328/1762 2479/1231/1609 2458/1206/1582 2457/1205/1581 
f 2462/1210/1586 2740/1329/1717 2742/1328/1749 2457/1205/1581 
f 2740/1329/1717 2741/1327/1734 2742/1328/1749 
f 2487/1241/1621 2743/1330/1736 2492/1246/1626 2488/1242/1622 
f 2487/1241/1621 2485/1240/1620 2744/1294/1750 2743/1330/1719 
s 49
f 2744/1294/1679 2485/1237/1617 2466/1216/1592 2465/1215/1591 
s 48
f 2744/1294/1750 2465/1215/1595 2468/1218/1594 2745/1331/1680 
f 2745/1331/1763 2468/1218/1594 2469/1219/1597 2493/1247/1627 
f 2493/1247/1627 2492/1246/1626 2743/1330/1719 2745/1331/1680 
f 2743/1330/1719 2744/1294/1750 2745/1331/1680 
s 52
f 2746/1296/1682 2481/1233/1613 2482/1234/1612 2499/1256/1636 
s 48
f 2499/1253/1633 2497/1251/1631 2747/1332/1764 2746/1296/1752 
f 2747/1332/1737 2497/1251/1631 2491/1245/1625 2490/1244/1624 
f 2490/1244/1624 2494/1248/1628 2748/1333/1765 2747/1332/1764 
f 2748/1333/1766 2494/1248/1628 2478/1230/1608 2477/1229/1607 
f 2481/1233/1611 2746/1296/1752 2748/1333/1765 2477/1229/1607 
f 2746/1296/1752 2747/1332/1764 2748/1333/1765 
f 2503/1259/1639 2749/1334/1767 2508/1266/1646 2505/1263/1643 
f 2749/1334/1690 2503/1259/1639 2501/1262/1642 2750/1300/1689 
s 49
f 2484/1236/1616 2483/1235/1615 2750/1301/1691 2501/1257/1637 
s 48
f 2483/1239/1619 2486/1238/1618 2751/1335/1724 2750/1300/1689 
f 2486/1238/1618 2489/1243/1623 2510/1268/1648 2751/1335/1756 
f 2510/1268/1648 2508/1266/1646 2749/1334/1690 2751/1335/1724 
f 2749/1334/1690 2750/1300/1689 2751/1335/1724 
s 52
f 2500/1254/1634 2515/1276/1656 2752/1303/1694 2498/1255/1635 
s 48
f 2515/1273/1653 2512/1270/1650 2753/1336/1695 2752/1305/1696 
f 2507/1265/1645 2509/1267/1647 2753/1336/1726 2512/1270/1650 
f 2509/1267/1647 2511/1269/1649 2754/1337/1768 2753/1336/1695 
f 2754/1337/1758 2511/1269/1649 2496/1250/1630 2495/1249/1629 
f 2495/1249/1629 2498/1252/1632 2752/1305/1696 2754/1337/1768 
f 2752/1305/1696 2753/1336/1695 2754/1337/1768 
f 2755/1338/1700 2518/1278/1658 2451/1197/1573 2450/1196/1572 
f 2755/1338/1730 2450/1196/1572 2454/1200/1576 2756/1308/1701 
s 49
f 2502/1258/1638 2756/1309/1703 2454/1203/1579 2456/1202/1578 
s 48
f 2756/1308/1701 2502/1261/1641 2504/1260/1640 2757/1339/1769 
f 2504/1260/1640 2506/1264/1644 2519/1279/1659 2757/1339/1770 
f 2519/1279/1659 2518/1278/1662 2755/1338/1730 2757/1339/1769 
f 2755/1338/1730 2756/1308/1701 2757/1339/1769 
s 52
f 2758/1311/1706 2516/1275/1655 2471/1221/1599 2470/1220/1598 
s 48
f 2758/1313/1708 2470/1226/1604 2475/1225/1603 2759/1340/1731 
f 2517/1277/1657 2759/1340/1709 2475/1225/1603 2476/1228/1606 
f 2759/1340/1731 2517/1277/1661 2520/1280/1660 2760/1341/1743 
f 2520/1280/1660 2514/1272/1652 2513/1271/1651 2760/1341/1760 
f 2516/1274/1654 2758/1313/1708 2760/1341/1743 2513/1271/1651 
f 2758/1313/1708 2759/1340/1731 2760/1341/1743 
s 58
f 2761/1320/1664 2537/1214/1590 2527/1201/1577 2525/1204/1580 
s 57
f 2761/1322/1746 2525/1199/1575 2522/1195/1571 2762/1321/1712 
f 2522/1195/1571 2521/1198/1574 2533/1213/1589 2762/1321/1771 
f 2533/1209/1585 2532/1208/1584 2763/1323/1772 2762/1324/1712 
f 2532/1208/1584 2531/1207/1583 2539/1217/1593 2763/1323/1669 
f 2763/1323/1772 2539/1217/1593 2537/1214/1596 2761/1320/1746 
f 2761/1320/1746 2762/1324/1712 2763/1323/1772 
f 2534/1212/1588 2535/1211/1587 2546/1224/1602 2764/1325/1773 
f 2764/1325/1717 2546/1224/1602 2545/1227/1605 2765/1326/1734 
s 61
f 2544/1222/1600 2552/1232/1614 2765/1342/1673 2545/1282/1601 
s 57
f 2552/1232/1610 2549/1231/1609 2766/1328/1774 2765/1342/1734 
f 2766/1328/1775 2549/1231/1609 2530/1206/1582 2529/1205/1581 
f 2529/1205/1581 2534/1210/1586 2764/1343/1717 2766/1328/1774 
f 2764/1343/1717 2765/1342/1734 2766/1328/1774 
f 2558/1241/1621 2767/1330/1736 2564/1246/1626 2560/1242/1622 
f 2557/1240/1620 2768/1294/1750 2767/1330/1719 2558/1241/1621 
s 58
f 2536/1216/1592 2538/1215/1591 2768/1294/1679 2557/1237/1663 
s 57
f 2538/1215/1595 2540/1218/1594 2769/1331/1680 2768/1294/1750 
f 2769/1331/1720 2540/1218/1594 2541/1219/1597 2565/1247/1627 
f 2565/1247/1627 2564/1246/1626 2767/1330/1719 2769/1331/1680 
f 2767/1330/1719 2768/1294/1750 2769/1331/1680 
s 61
f 2554/1234/1612 2570/1256/1636 2770/1296/1682 2553/1233/1613 
s 57
f 2570/1253/1633 2569/1251/1631 2771/1332/1721 2770/1296/1752 
f 2569/1251/1631 2563/1245/1625 2562/1244/1624 2771/1332/1737 
f 2562/1244/1624 2566/1248/1628 2772/1333/1686 2771/1332/1721 
f 2772/1333/1776 2566/1248/1628 2551/1230/1608 2550/1229/1607 
f 2550/1229/1607 2553/1233/1611 2770/1296/1752 2772/1333/1686 
f 2770/1296/1752 2771/1332/1721 2772/1333/1686 
f 2575/1259/1639 2773/1334/1767 2581/1266/1646 2577/1263/1643 
f 2575/1259/1639 2574/1262/1642 2774/1300/1689 2773/1334/1690 
s 58
f 2555/1235/1615 2774/1301/1691 2574/1257/1637 2556/1236/1616 
s 57
f 2555/1239/1619 2559/1238/1618 2775/1335/1724 2774/1300/1689 
f 2775/1335/1756 2559/1238/1618 2561/1243/1623 2582/1268/1648 
f 2582/1268/1648 2581/1266/1646 2773/1334/1690 2775/1335/1724 
f 2773/1334/1690 2774/1300/1689 2775/1335/1724 
s 61
f 2587/1276/1656 2776/1303/1694 2571/1255/1635 2572/1254/1634 
s 57
f 2587/1273/1653 2585/1270/1650 2777/1336/1695 2776/1305/1696 
f 2579/1267/1647 2777/1336/1726 2585/1270/1650 2580/1265/1645 
f 2579/1267/1647 2583/1269/1649 2778/1337/1727 2777/1336/1695 
f 2778/1337/1758 2583/1269/1649 2568/1250/1630 2567/1249/1629 
f 2778/1337/1727 2567/1249/1629 2571/1252/1632 2776/1305/1696 
f 2776/1305/1696 2777/1336/1695 2778/1337/1727 
f 2523/1196/1572 2779/1338/1700 2589/1278/1658 2524/1197/1573 
f 2523/1196/1572 2526/1200/1576 2780/1308/1701 2779/1338/1730 
s 58
f 2780/1309/1703 2526/1203/1579 2528/1202/1578 2573/1258/1638 
s 57
f 2573/1261/1641 2576/1260/1640 2781/1339/1777 2780/1308/1701 
f 2591/1279/1659 2781/1339/1759 2576/1260/1640 2578/1264/1644 
f 2591/1279/1659 2589/1278/1662 2779/1338/1730 2781/1339/1777 
f 2779/1338/1730 2780/1308/1701 2781/1339/1777 
s 61
f 2542/1281/1598 2782/1311/1706 2588/1275/1655 2543/1221/1599 
s 57
f 2542/1226/1604 2547/1225/1603 2783/1340/1731 2782/1313/1708 
f 2590/1277/1657 2783/1340/1709 2547/1225/1603 2548/1228/1606 
f 2590/1277/1661 2592/1280/1660 2784/1341/1745 2783/1340/1731 
f 2592/1280/1660 2584/1272/1652 2586/1271/1651 2784/1341/1760 
f 2586/1271/1651 2588/1274/1654 2782/1313/1708 2784/1341/1745 
f 2782/1313/1708 2783/1340/1731 2784/1341/1745 
# 720 polygons - 64 triangles

#
# object BookShelf_BehindBars
#

v  132.7385 77.0851 -125.6233
v  132.7099 77.1492 -125.6233
v  132.7097 77.1494 -125.8989
v  132.7383 77.0853 -125.8989
v  132.7171 77.2192 -125.6233
v  132.7169 77.2191 -125.8989
v  132.7581 77.2762 -125.6233
v  132.7579 77.2760 -125.8989
v  133.7833 76.0105 -126.0341
v  133.7308 75.9677 -126.0159
v  132.7909 77.1281 -126.0160
v  132.8434 77.1709 -126.0341
v  133.6923 75.9363 -125.9662
v  132.7524 77.0968 -125.9665
v  133.6782 75.9249 -125.8983
v  132.7694 77.2619 -125.9665
v  134.6529 78.8251 -125.8978
v  134.6637 78.8105 -125.9660
v  134.6942 78.7716 -126.0158
v  132.8007 77.2234 -126.0160
v  134.7363 78.7186 -126.0341
v  133.8047 75.8764 -125.6234
v  133.8048 75.8765 -125.8983
v  133.8688 75.9053 -125.8983
v  133.8686 75.9052 -125.6233
v  133.7350 75.8837 -125.6235
v  133.7350 75.8837 -125.8983
v  133.6782 75.9249 -125.6236
v  135.6766 77.5577 -126.0341
v  135.7195 77.5056 -126.0158
v  133.8260 75.9579 -126.0159
v  135.7513 77.4676 -125.9658
v  133.8573 75.9194 -125.9662
v  135.7632 77.4539 -125.8975
v  221.7078 149.9031 -126.4851
v  221.7504 149.8504 -126.5032
v  135.5654 79.3922 -126.5032
v  135.5209 79.4431 -126.4852
v  135.4855 79.4781 -126.4357
v  221.6765 149.9417 -126.4355
v  135.4686 79.4878 -126.3680
v  221.6651 149.9558 -126.3677
v  222.7954 148.7756 -126.3680
v  222.7813 148.7641 -126.4356
v  221.8413 149.9247 -126.4355
v  221.8553 149.9362 -126.3677
v  222.7428 148.7328 -126.4851
v  221.8029 149.8933 -126.4851
v  222.6903 148.6900 -126.5032
v  221.6651 149.9558 -125.6233
v  221.7290 149.9845 -125.6234
v  221.7290 149.9845 -126.3677
v  221.7987 149.9772 -125.6236
v  221.7986 149.9773 -126.3677
v  221.8555 149.9360 -125.6236
v  136.5792 78.1169 -126.3676
v  136.5733 78.1354 -126.4355
v  222.7641 148.5988 -126.4355
v  222.7756 148.5847 -126.3677
v  136.5463 78.1773 -126.4851
v  222.7329 148.6374 -126.4851
v  136.5056 78.2314 -126.5032
v  222.7952 148.7758 -125.6233
v  222.8239 148.7116 -125.6233
v  222.8239 148.7115 -126.3679
v  222.8167 148.6417 -125.6233
v  222.8167 148.6417 -126.3678
v  222.7756 148.5847 -125.6233
v  135.4157 79.4449 -125.6235
v  135.4221 79.4268 -125.5556
v  221.6765 149.9417 -125.5556
v  135.4496 79.3852 -125.5060
v  221.7078 149.9031 -125.5060
v  135.4908 79.3314 -125.4878
v  221.7504 149.8504 -125.4878
v  222.6903 148.6900 -125.4878
v  222.7427 148.7329 -125.5060
v  221.8029 149.8932 -125.5060
v  222.7811 148.7643 -125.5556
v  221.8414 149.9245 -125.5557
v  136.4308 78.1709 -125.4878
v  136.4748 78.1195 -125.5060
v  222.7329 148.6374 -125.5060
v  136.5098 78.0839 -125.5556
v  222.7641 148.5988 -125.5556
v  136.5262 78.0739 -125.6235
v  134.7386 78.7201 -125.4878
v  134.6960 78.7728 -125.5060
v  132.8008 77.2235 -125.5060
v  132.8434 77.1709 -125.4878
v  134.6648 78.8113 -125.5556
v  132.7696 77.2621 -125.5556
v  134.6533 78.8254 -125.6233
v  133.6923 75.9363 -125.5557
v  132.7526 77.0965 -125.5556
v  133.7308 75.9677 -125.5060
v  132.7910 77.1279 -125.5060
v  133.7833 76.0105 -125.4878
v  135.7638 77.4544 -125.6233
v  135.7524 77.4686 -125.5556
v  133.8571 75.9192 -125.5556
v  135.7211 77.5071 -125.5060
v  133.8259 75.9578 -125.5060
v  135.6785 77.5597 -125.4878
v  134.8348 78.7983 -126.0552
v  134.8809 78.8354 -126.0811
v  135.8202 77.6758 -126.0811
v  135.7744 77.6383 -126.0552
v  135.7261 77.5985 -126.0394
v  134.7861 78.7590 -126.0394
v  135.3131 79.3612 -126.2853
v  135.3344 79.3553 -126.3712
v  134.8107 78.9302 -126.0069
v  134.8013 78.9460 -125.9326
v  135.3741 79.3240 -126.4340
v  134.8399 78.8897 -126.0613
v  135.4216 79.2756 -126.4566
v  134.7028 78.8658 -125.6233
v  134.7086 78.8706 -125.9000
v  134.7524 78.9061 -125.6233
v  134.7569 78.9099 -125.9099
v  134.8019 78.9465 -125.6233
v  135.9124 77.5754 -125.6233
v  135.8629 77.5351 -125.6233
v  135.8674 77.5389 -125.9096
v  135.9119 77.5750 -125.9324
v  135.8133 77.4948 -125.6233
v  135.8191 77.4995 -125.8997
v  136.3999 78.0575 -126.4340
v  135.8648 77.6244 -126.0612
v  136.3623 78.1141 -126.4566
v  136.4224 78.0122 -126.3713
v  135.8984 77.5875 -126.0068
v  136.4237 77.9902 -126.2854
v  135.3423 79.2103 -125.4878
v  136.2820 78.0500 -125.4878
v  136.3316 78.0903 -125.4878
v  135.3918 79.2507 -125.4878
v  136.3812 78.1306 -125.4878
v  135.4413 79.2910 -125.4878
v  135.2665 79.3234 -125.6231
v  134.8134 78.9324 -125.5556
v  135.2731 79.3054 -125.5554
v  134.8446 78.8938 -125.5060
v  135.3009 79.2640 -125.5059
v  134.8872 78.8412 -125.4878
v  135.4196 79.4477 -126.3581
v  135.3660 79.4044 -125.6234
v  135.3727 79.4096 -126.3287
v  135.3162 79.3639 -125.6232
v  136.4830 78.0385 -126.3286
v  136.4267 77.9929 -125.6232
v  136.3769 77.9523 -125.6231
v  136.5301 78.0767 -126.3578
v  136.4764 78.0334 -125.6234
v  135.8698 77.6281 -125.5060
v  136.3260 77.9984 -125.5059
v  135.8271 77.6807 -125.4878
v  135.9010 77.5896 -125.5556
v  136.3607 77.9626 -125.5555
v  136.4561 78.1907 -126.4979
v  135.5157 79.3518 -126.4979
v  136.4079 78.1512 -126.4823
v  135.4673 79.3126 -126.4823
v  135.7280 77.6001 -125.4878
v  134.7881 78.7605 -125.4878
v  135.7775 77.6404 -125.4878
v  134.8377 78.8008 -125.4878
v  132.7305 77.2170 -125.9573
v  132.7234 77.1486 -125.9573
v  132.7611 77.1793 -126.0058
v  133.7371 75.8973 -125.9569
v  133.8055 75.8902 -125.9569
v  133.7748 75.9280 -126.0057
v  221.7283 149.9707 -126.4263
v  221.7589 149.9330 -126.4749
v  221.7965 149.9637 -126.4263
v  222.7725 148.6816 -126.4749
v  222.8031 148.6438 -126.4263
v  222.8102 148.7123 -126.4264
v  221.7589 149.9329 -125.5162
v  221.7283 149.9707 -125.5648
v  221.7966 149.9637 -125.5649
v  222.8031 148.6438 -125.5648
v  222.7725 148.6816 -125.5162
v  222.8102 148.7124 -125.5648
v  132.7306 77.2171 -125.5648
v  132.7612 77.1793 -125.5162
v  132.7236 77.1485 -125.5648
v  133.7748 75.9279 -125.5162
v  133.8054 75.8902 -125.5648
v  133.7371 75.8972 -125.5649
v  134.7461 78.8138 -126.0209
v  134.7948 78.8533 -126.0360
v  134.7659 78.8938 -125.9825
v  134.7175 78.8545 -125.9697
v  135.8199 77.5877 -126.0360
v  135.7714 77.5480 -126.0208
v  135.8052 77.5116 -125.9696
v  135.8535 77.5510 -125.9824
v  135.4001 79.3448 -125.5060
v  135.3504 79.3043 -125.5060
v  135.3227 79.3458 -125.5555
v  135.3725 79.3863 -125.5556
v  136.4601 78.0435 -125.5556
v  136.4103 78.0029 -125.5555
v  136.3755 78.0386 -125.5060
v  136.4252 78.0791 -125.5060
v  135.4230 79.3635 -126.4618
v  135.4712 79.4026 -126.4793
v  135.4361 79.4378 -126.4281
v  135.3884 79.3990 -126.4057
v  134.7636 78.8919 -125.5556
v  134.7948 78.8533 -125.5060
v  134.7452 78.8129 -125.5060
v  134.7140 78.8515 -125.5556
v  135.8200 77.5876 -125.5060
v  135.8512 77.5490 -125.5556
v  135.8016 77.5087 -125.5556
v  135.7704 77.5472 -125.5060
v  136.4973 78.1371 -126.4793
v  136.4489 78.0976 -126.4618
v  136.4761 78.0560 -126.4056
v  136.5238 78.0949 -126.4279
v  135.3254 77.1084 -126.1666
v  135.3257 77.1087 -126.3927
v  135.3486 77.1613 -126.3927
v  135.3484 77.1611 -126.1665
v  135.3422 77.2184 -126.1665
v  135.3423 77.2183 -126.3927
v  135.3085 77.2646 -126.3927
v  135.3082 77.2648 -126.1666
v  135.2824 77.1434 -126.4884
v  134.3213 75.9367 -126.4883
v  134.2781 75.9714 -126.5032
v  135.2391 77.1781 -126.5032
v  134.3530 75.9113 -126.4476
v  135.3140 77.1180 -126.4480
v  134.3646 75.9021 -126.3920
v  135.2992 77.2530 -126.4480
v  133.5894 78.6337 -126.4478
v  133.5986 78.6453 -126.3923
v  135.2738 77.2214 -126.4884
v  133.5641 78.6020 -126.4884
v  133.5296 78.5586 -126.5032
v  134.2613 75.8617 -126.3920
v  134.2614 75.8616 -126.1667
v  134.2090 75.8847 -126.1666
v  134.2088 75.8849 -126.3920
v  134.3184 75.8680 -126.3920
v  134.3184 75.8680 -126.1668
v  134.3646 75.9021 -126.1669
v  134.2435 75.9282 -126.4883
v  132.5340 77.3086 -126.4884
v  132.5686 77.3519 -126.5032
v  132.5087 77.2769 -126.4478
v  134.2181 75.8965 -126.4476
v  132.4995 77.2652 -126.3923
v  132.6775 79.2399 -126.5032
v  44.8122 150.1988 -126.5032
v  44.8468 150.2421 -126.4884
v  132.7121 79.2832 -126.4884
v  44.8721 150.2739 -126.4478
v  132.7373 79.3150 -126.4478
v  44.8813 150.2855 -126.3923
v  132.7466 79.3266 -126.3923
v  44.7375 150.2591 -126.4478
v  43.7763 149.0523 -126.4480
v  43.7647 149.0615 -126.3927
v  44.7260 150.2684 -126.3923
v  43.8080 149.0269 -126.4884
v  44.7691 150.2336 -126.4884
v  43.8512 148.9921 -126.5032
v  44.8290 150.3087 -126.3923
v  44.8289 150.3086 -125.5988
v  44.8813 150.2855 -125.5987
v  44.7721 150.3024 -126.3923
v  44.7719 150.3023 -125.5989
v  44.7257 150.2681 -125.5990
v  43.7914 148.9170 -126.4478
v  131.6567 77.9581 -126.4478
v  131.6474 77.9465 -126.3923
v  43.7821 148.9054 -126.3923
v  43.8167 148.9488 -126.4884
v  131.6819 77.9899 -126.4884
v  131.7165 78.0332 -126.5032
v  43.7418 149.0089 -126.3926
v  43.7419 149.0091 -125.5987
v  43.7649 149.0618 -125.5987
v  43.7482 148.9518 -126.3925
v  43.7482 148.9519 -125.5987
v  43.7821 148.9054 -125.5987
v  132.7465 79.3267 -125.5989
v  44.8721 150.2739 -125.5432
v  132.7366 79.3156 -125.5433
v  44.8468 150.2421 -125.5026
v  132.7106 79.2846 -125.5027
v  44.8122 150.1988 -125.4878
v  132.6756 79.2419 -125.4878
v  44.7690 150.2335 -125.5027
v  43.8081 149.0270 -125.5026
v  43.8512 148.9921 -125.4878
v  43.7765 149.0525 -125.5432
v  44.7374 150.2589 -125.5434
v  131.7141 78.0347 -125.4878
v  43.8167 148.9488 -125.5026
v  131.6803 77.9909 -125.5027
v  131.6559 77.9587 -125.5433
v  43.7914 148.9170 -125.5432
v  131.6473 77.9466 -125.5989
v  135.2737 77.2215 -126.0705
v  133.5659 78.6007 -126.0707
v  133.5320 78.5571 -126.0557
v  135.2391 77.1781 -126.0557
v  135.2990 77.2532 -126.1111
v  133.5905 78.6328 -126.1116
v  133.5992 78.6449 -126.1676
v  135.3138 77.1177 -126.1111
v  134.3530 75.9113 -126.1113
v  135.2823 77.1432 -126.0705
v  134.3213 75.9367 -126.0706
v  134.2781 75.9714 -126.0557
v  134.2183 75.8963 -126.1111
v  132.5097 77.2760 -126.1115
v  132.4999 77.2649 -126.1673
v  134.2436 75.9281 -126.0705
v  132.5357 77.3071 -126.0706
v  132.5707 77.3500 -126.0557
v  133.4481 78.6240 -126.5032
v  132.4870 77.4174 -126.5032
v  132.4463 77.4501 -126.5032
v  133.4073 78.6567 -126.5032
v  133.4888 78.5913 -126.5032
v  132.5278 77.3847 -126.5032
v  132.8596 79.2168 -126.4478
v  132.8689 79.2284 -126.3923
v  133.4764 78.7435 -126.3923
v  133.4671 78.7319 -126.4478
v  133.4418 78.7001 -126.4884
v  132.8343 79.1851 -126.4884
v  132.7998 79.1417 -126.5032
v  133.5579 78.6780 -126.3923
v  133.5527 78.6823 -126.1659
v  133.5171 78.7107 -126.3923
v  133.5130 78.7142 -126.1574
v  133.4770 78.7430 -126.1370
v  132.4180 77.3306 -126.3923
v  132.4138 77.3341 -126.1573
v  132.3778 77.3629 -126.1370
v  132.3772 77.3634 -126.3923
v  132.4587 77.2979 -126.3923
v  132.4534 77.3023 -126.1657
v  132.4117 77.4068 -126.4884
v  131.8042 77.8917 -126.4884
v  131.8387 77.9351 -126.5032
v  132.3864 77.3750 -126.4478
v  131.7789 77.8600 -126.4478
v  131.7697 77.8483 -126.3923
v  132.7930 79.1480 -125.5299
v  132.7561 79.1774 -125.5067
v  131.7945 77.9700 -125.5068
v  131.8315 77.9405 -125.5300
v  131.7550 78.0018 -125.4926
v  132.7165 79.2091 -125.4926
v  132.8575 79.2187 -125.5980
v  133.4698 78.7297 -126.0751
v  132.8692 79.2282 -125.6662
v  132.8296 79.1893 -125.5481
v  133.4467 78.6961 -126.0298
v  133.4139 78.6512 -126.0133
v  132.7864 79.2945 -125.6069
v  132.7873 79.2939 -126.3923
v  132.8281 79.2612 -126.3923
v  132.8242 79.2642 -125.6307
v  131.7250 77.8841 -125.6308
v  131.7289 77.8811 -126.3923
v  131.7701 77.8480 -125.6665
v  131.6872 77.9144 -125.6070
v  131.6882 77.9138 -126.3923
v  132.4167 77.4029 -126.0298
v  132.4532 77.4449 -126.0133
v  131.7993 77.8954 -125.5482
v  132.3891 77.3729 -126.0751
v  131.7768 77.8615 -125.5982
v  131.7572 78.0005 -126.5032
v  132.7183 79.2071 -126.5032
v  132.7590 79.1744 -126.5032
v  131.7980 77.9678 -126.5032
v  133.4909 78.5899 -126.0509
v  132.5298 77.3831 -126.0509
v  133.4512 78.6216 -126.0366
v  132.4903 77.4151 -126.0366
v  135.3313 77.2165 -126.4405
v  135.3374 77.1606 -126.4405
v  135.3064 77.1855 -126.4801
v  134.3165 75.8791 -126.4400
v  134.2607 75.8729 -126.4400
v  134.2855 75.9040 -126.4800
v  44.8296 150.2974 -126.4402
v  44.8048 150.2663 -126.4800
v  44.7739 150.2913 -126.4402
v  43.7840 148.9847 -126.4800
v  43.7592 148.9536 -126.4403
v  43.7530 149.0096 -126.4404
v  44.8048 150.2663 -125.5110
v  44.8296 150.2974 -125.5508
v  44.7738 150.2912 -125.5509
v  43.7592 148.9537 -125.5508
v  43.7840 148.9848 -125.5110
v  43.7531 149.0097 -125.5508
v  135.3311 77.2166 -126.1186
v  135.3062 77.1855 -126.0789
v  135.3372 77.1605 -126.1186
v  134.2856 75.9039 -126.0789
v  134.2608 75.8728 -126.1187
v  134.3166 75.8790 -126.1188
v  133.5236 78.6345 -126.4884
v  133.4828 78.6673 -126.4884
v  133.5080 78.6990 -126.4478
v  133.5488 78.6662 -126.4478
v  132.4527 77.3739 -126.4884
v  132.4935 77.3411 -126.4884
v  132.4682 77.3094 -126.4478
v  132.4274 77.3421 -126.4478
v  132.7509 79.2522 -125.5079
v  132.7904 79.2206 -125.5233
v  132.8156 79.2521 -125.5686
v  132.7770 79.2831 -125.5497
v  131.6963 77.9261 -125.5498
v  131.7349 77.8951 -125.5687
v  131.7601 77.9268 -125.5233
v  131.7206 77.9585 -125.5079
v  132.7936 79.2178 -126.4884
v  132.7528 79.2505 -126.4884
v  132.7781 79.2823 -126.4478
v  132.8189 79.2495 -126.4478
v  133.5061 78.7008 -126.0970
v  133.4832 78.6671 -126.0525
v  133.5230 78.6352 -126.0661
v  133.5459 78.6689 -126.1084
v  132.4530 77.3737 -126.0525
v  132.4254 77.3438 -126.0969
v  132.4650 77.3120 -126.1083
v  132.4928 77.3417 -126.0661
v  131.7227 77.9571 -126.4884
v  131.7635 77.9244 -126.4884
v  131.7382 77.8926 -126.4478
v  131.6974 77.9254 -126.4478
v  132.7097 42.3862 -125.8989
v  132.7099 42.3863 -125.6233
v  132.7385 42.4504 -125.6233
v  132.7383 42.4502 -125.8989
v  132.7171 42.3163 -125.6233
v  132.7169 42.3164 -125.8989
v  132.7579 42.2595 -125.8989
v  132.7581 42.2593 -125.6233
v  132.7909 42.4074 -126.0160
v  133.7308 43.5679 -126.0159
v  133.7833 43.5250 -126.0341
v  132.8434 42.3647 -126.0341
v  132.7524 42.4387 -125.9665
v  133.6923 43.5992 -125.9662
v  133.6782 43.6106 -125.8983
v  134.6529 40.7104 -125.8978
v  132.7694 42.2736 -125.9665
v  134.6637 40.7250 -125.9660
v  132.8007 42.3121 -126.0160
v  134.6942 40.7639 -126.0158
v  134.7363 40.8169 -126.0341
v  133.8686 43.6304 -125.6233
v  133.8688 43.6302 -125.8983
v  133.8048 43.6590 -125.8983
v  133.8047 43.6591 -125.6234
v  133.7350 43.6518 -125.8983
v  133.7350 43.6518 -125.6235
v  133.6782 43.6106 -125.6236
v  135.6766 41.9778 -126.0341
v  133.8260 43.5776 -126.0159
v  135.7195 42.0300 -126.0158
v  133.8573 43.6161 -125.9662
v  135.7513 42.0679 -125.9658
v  135.7632 42.0816 -125.8975
v  135.5654 40.1433 -126.5032
v  221.7504 -30.3149 -126.5032
v  221.7078 -30.3676 -126.4851
v  135.5209 40.0924 -126.4852
v  221.6765 -30.4062 -126.4355
v  135.4855 40.0574 -126.4357
v  221.6651 -30.4203 -126.3677
v  135.4686 40.0477 -126.3680
v  222.7954 -29.2401 -126.3680
v  221.8553 -30.4007 -126.3677
v  221.8413 -30.3892 -126.4355
v  222.7813 -29.2287 -126.4356
v  221.8029 -30.3578 -126.4851
v  222.7428 -29.1973 -126.4851
v  222.6903 -29.1545 -126.5032
v  221.6651 -30.4203 -125.6233
v  221.7290 -30.4490 -126.3677
v  221.7290 -30.4490 -125.6234
v  221.7986 -30.4418 -126.3677
v  221.7987 -30.4417 -125.6236
v  221.8555 -30.4005 -125.6236
v  136.5792 41.4186 -126.3676
v  222.7756 -29.0492 -126.3677
v  222.7641 -29.0633 -126.4355
v  136.5733 41.4001 -126.4355
v  222.7329 -29.1019 -126.4851
v  136.5463 41.3582 -126.4851
v  136.5056 41.3041 -126.5032
v  222.7952 -29.2403 -125.6233
v  222.8239 -29.1760 -126.3679
v  222.8239 -29.1761 -125.6233
v  222.8167 -29.1062 -126.3678
v  222.8167 -29.1062 -125.6233
v  222.7756 -29.0492 -125.6233
v  221.6765 -30.4062 -125.5556
v  135.4221 40.1087 -125.5556
v  135.4157 40.0906 -125.6235
v  135.4496 40.1503 -125.5060
v  221.7078 -30.3676 -125.5060
v  221.7504 -30.3149 -125.4878
v  135.4908 40.2041 -125.4878
v  221.8029 -30.3578 -125.5060
v  222.7427 -29.1974 -125.5060
v  222.6903 -29.1545 -125.4878
v  221.8414 -30.3890 -125.5557
v  222.7811 -29.2288 -125.5556
v  222.7329 -29.1019 -125.5060
v  136.4748 41.4160 -125.5060
v  136.4308 41.3646 -125.4878
v  222.7641 -29.0633 -125.5556
v  136.5098 41.4516 -125.5556
v  136.5262 41.4616 -125.6235
v  132.8008 42.3120 -125.5060
v  134.6960 40.7627 -125.5060
v  134.7386 40.8154 -125.4878
v  132.8434 42.3647 -125.4878
v  132.7696 42.2734 -125.5556
v  134.6648 40.7242 -125.5556
v  134.6533 40.7101 -125.6233
v  132.7526 42.4390 -125.5556
v  133.6923 43.5992 -125.5557
v  132.7910 42.4076 -125.5060
v  133.7308 43.5679 -125.5060
v  133.7833 43.5250 -125.4878
v  133.8571 43.6163 -125.5556
v  135.7524 42.0669 -125.5556
v  135.7638 42.0811 -125.6233
v  133.8259 43.5777 -125.5060
v  135.7211 42.0284 -125.5060
v  135.6785 41.9758 -125.4878
v  134.8348 40.7372 -126.0552
v  135.7744 41.8972 -126.0552
v  135.8202 41.8597 -126.0811
v  134.8809 40.7001 -126.0811
v  134.7861 40.7765 -126.0394
v  135.7261 41.9370 -126.0394
v  135.3131 40.1743 -126.2853
v  134.8013 40.5895 -125.9326
v  134.8107 40.6053 -126.0069
v  135.3344 40.1802 -126.3712
v  134.8399 40.6458 -126.0613
v  135.3741 40.2115 -126.4340
v  135.4216 40.2599 -126.4566
v  134.7086 40.6649 -125.9000
v  134.7028 40.6697 -125.6233
v  134.7569 40.6257 -125.9099
v  134.7524 40.6294 -125.6233
v  134.8019 40.5890 -125.6233
v  135.9124 41.9601 -125.6233
v  135.9119 41.9605 -125.9324
v  135.8674 41.9966 -125.9096
v  135.8629 42.0004 -125.6233
v  135.8191 42.0360 -125.8997
v  135.8133 42.0407 -125.6233
v  136.3623 41.4214 -126.4566
v  135.8648 41.9111 -126.0612
v  136.3999 41.4780 -126.4340
v  135.8984 41.9480 -126.0068
v  136.4224 41.5233 -126.3713
v  136.4237 41.5453 -126.2854
v  136.3316 41.4452 -125.4878
v  136.2820 41.4855 -125.4878
v  135.3423 40.3252 -125.4878
v  135.3918 40.2848 -125.4878
v  135.4413 40.2445 -125.4878
v  136.3812 41.4049 -125.4878
v  134.8134 40.6031 -125.5556
v  135.2665 40.2121 -125.6231
v  135.2731 40.2301 -125.5554
v  135.3009 40.2715 -125.5059
v  134.8446 40.6417 -125.5060
v  134.8872 40.6943 -125.4878
v  135.3660 40.1311 -125.6234
v  135.4196 40.0878 -126.3581
v  135.3162 40.1716 -125.6232
v  135.3727 40.1259 -126.3287
v  136.4830 41.4970 -126.3286
v  136.3769 41.5832 -125.6231
v  136.4267 41.5426 -125.6232
v  136.4764 41.5021 -125.6234
v  136.5301 41.4588 -126.3578
v  135.8271 41.8548 -125.4878
v  136.3260 41.5372 -125.5059
v  135.8698 41.9074 -125.5060
v  136.3607 41.5729 -125.5555
v  135.9010 41.9459 -125.5556
v  135.5157 40.1837 -126.4979
v  136.4561 41.3448 -126.4979
v  135.4673 40.2229 -126.4823
v  136.4079 41.3843 -126.4823
v  134.7881 40.7750 -125.4878
v  135.7280 41.9354 -125.4878
v  134.8377 40.7347 -125.4878
v  135.7775 41.8951 -125.4878
v  132.7305 42.3185 -125.9573
v  132.7234 42.3869 -125.9573
v  132.7611 42.3562 -126.0058
v  133.7371 43.6382 -125.9569
v  133.8055 43.6453 -125.9569
v  133.7748 43.6075 -126.0057
v  221.7283 -30.4353 -126.4263
v  221.7589 -30.3975 -126.4749
v  221.7965 -30.4282 -126.4263
v  222.7725 -29.1461 -126.4749
v  222.8031 -29.1083 -126.4263
v  222.8102 -29.1768 -126.4264
v  221.7589 -30.3974 -125.5162
v  221.7283 -30.4352 -125.5648
v  221.7966 -30.4282 -125.5649
v  222.8031 -29.1083 -125.5648
v  222.7725 -29.1461 -125.5162
v  222.8102 -29.1769 -125.5648
v  132.7306 42.3184 -125.5648
v  132.7612 42.3562 -125.5162
v  132.7236 42.3870 -125.5648
v  133.7748 43.6076 -125.5162
v  133.8054 43.6454 -125.5648
v  133.7371 43.6382 -125.5649
v  134.7461 40.7217 -126.0209
v  134.7948 40.6822 -126.0360
v  134.7659 40.6417 -125.9825
v  134.7175 40.6810 -125.9697
v  135.8199 41.9478 -126.0360
v  135.7714 41.9875 -126.0208
v  135.8052 42.0240 -125.9696
v  135.8535 41.9845 -125.9824
v  135.4001 40.1907 -125.5060
v  135.3504 40.2312 -125.5060
v  135.3227 40.1897 -125.5555
v  135.3725 40.1492 -125.5556
v  136.4601 41.4920 -125.5556
v  136.4103 41.5326 -125.5555
v  136.3755 41.4969 -125.5060
v  136.4252 41.4564 -125.5060
v  135.4230 40.1720 -126.4618
v  135.4712 40.1329 -126.4793
v  135.4361 40.0977 -126.4281
v  135.3884 40.1364 -126.4057
v  134.7636 40.6436 -125.5556
v  134.7948 40.6822 -125.5060
v  134.7452 40.7226 -125.5060
v  134.7140 40.6840 -125.5556
v  135.8200 41.9479 -125.5060
v  135.8512 41.9865 -125.5556
v  135.8016 42.0268 -125.5556
v  135.7704 41.9883 -125.5060
v  136.4973 41.3984 -126.4793
v  136.4489 41.4379 -126.4618
v  136.4761 41.4795 -126.4056
v  136.5238 41.4406 -126.4279
v  135.3254 42.4271 -126.1666
v  135.3484 42.3744 -126.1665
v  135.3486 42.3742 -126.3927
v  135.3257 42.4268 -126.3927
v  135.3422 42.3172 -126.1665
v  135.3423 42.3172 -126.3927
v  135.3082 42.2707 -126.1666
v  135.3085 42.2709 -126.3927
v  134.2781 43.5641 -126.5032
v  134.3213 43.5988 -126.4883
v  135.2824 42.3921 -126.4884
v  135.2391 42.3574 -126.5032
v  134.3530 43.6242 -126.4476
v  135.3140 42.4175 -126.4480
v  134.3646 43.6334 -126.3920
v  133.5894 40.9018 -126.4478
v  135.2992 42.2825 -126.4480
v  133.5986 40.8902 -126.3923
v  133.5641 40.9335 -126.4884
v  135.2738 42.3141 -126.4884
v  133.5296 40.9769 -126.5032
v  134.2088 43.6505 -126.3920
v  134.2090 43.6508 -126.1666
v  134.2614 43.6739 -126.1667
v  134.2613 43.6738 -126.3920
v  134.3184 43.6676 -126.1668
v  134.3184 43.6675 -126.3920
v  134.3646 43.6334 -126.1669
v  132.5686 42.1836 -126.5032
v  132.5340 42.2269 -126.4884
v  134.2435 43.6073 -126.4883
v  132.5087 42.2586 -126.4478
v  134.2181 43.6390 -126.4476
v  132.4995 42.2703 -126.3923
v  132.6775 40.2956 -126.5032
v  132.7121 40.2523 -126.4884
v  44.8468 -30.7066 -126.4884
v  44.8122 -30.6633 -126.5032
v  132.7373 40.2205 -126.4478
v  44.8721 -30.7384 -126.4478
v  132.7466 40.2089 -126.3923
v  44.8813 -30.7500 -126.3923
v  44.7260 -30.7329 -126.3923
v  43.7647 -29.5260 -126.3927
v  43.7763 -29.5168 -126.4480
v  44.7375 -30.7236 -126.4478
v  43.8080 -29.4914 -126.4884
v  44.7691 -30.6981 -126.4884
v  43.8512 -29.4566 -126.5032
v  44.8813 -30.7500 -125.5987
v  44.8289 -30.7731 -125.5988
v  44.8290 -30.7732 -126.3923
v  44.7719 -30.7668 -125.5989
v  44.7721 -30.7669 -126.3923
v  44.7257 -30.7326 -125.5990
v  131.6474 41.5890 -126.3923
v  131.6567 41.5774 -126.4478
v  43.7914 -29.3815 -126.4478
v  43.7821 -29.3699 -126.3923
v  131.6819 41.5456 -126.4884
v  43.8167 -29.4133 -126.4884
v  131.7165 41.5023 -126.5032
v  43.7419 -29.4736 -125.5987
v  43.7418 -29.4734 -126.3926
v  43.7649 -29.5263 -125.5987
v  43.7482 -29.4164 -125.5987
v  43.7482 -29.4163 -126.3925
v  43.7821 -29.3699 -125.5987
v  132.7366 40.2199 -125.5433
v  44.8721 -30.7384 -125.5432
v  132.7465 40.2088 -125.5989
v  132.7106 40.2509 -125.5027
v  44.8468 -30.7066 -125.5026
v  44.8122 -30.6633 -125.4878
v  132.6756 40.2936 -125.4878
v  43.8512 -29.4566 -125.4878
v  43.8081 -29.4915 -125.5026
v  44.7690 -30.6980 -125.5027
v  43.7765 -29.5170 -125.5432
v  44.7374 -30.7234 -125.5434
v  43.8167 -29.4133 -125.5026
v  131.7141 41.5008 -125.4878
v  131.6803 41.5446 -125.5027
v  131.6559 41.5768 -125.5433
v  43.7914 -29.3815 -125.5432
v  131.6473 41.5889 -125.5989
v  133.5659 40.9348 -126.0707
v  135.2737 42.3140 -126.0705
v  135.2391 42.3574 -126.0557
v  133.5320 40.9784 -126.0557
v  133.5905 40.9027 -126.1116
v  135.2990 42.2823 -126.1111
v  133.5992 40.8906 -126.1676
v  134.3530 43.6242 -126.1113
v  135.3138 42.4178 -126.1111
v  134.3213 43.5988 -126.0706
v  135.2823 42.3923 -126.0705
v  134.2781 43.5641 -126.0557
v  132.5097 42.2595 -126.1115
v  134.2183 43.6392 -126.1111
v  132.4999 42.2706 -126.1673
v  132.5357 42.2284 -126.0706
v  134.2436 43.6074 -126.0705
v  132.5707 42.1855 -126.0557
v  133.4073 40.8788 -126.5032
v  132.4463 42.0854 -126.5032
v  132.4870 42.1181 -126.5032
v  133.4481 40.9115 -126.5032
v  132.5278 42.1508 -126.5032
v  133.4888 40.9442 -126.5032
v  133.4764 40.7920 -126.3923
v  132.8689 40.3071 -126.3923
v  132.8596 40.3187 -126.4478
v  133.4671 40.8036 -126.4478
v  132.8343 40.3504 -126.4884
v  133.4418 40.8354 -126.4884
v  132.7998 40.3938 -126.5032
v  133.5527 40.8532 -126.1659
v  133.5579 40.8575 -126.3923
v  133.5130 40.8213 -126.1574
v  133.5171 40.8248 -126.3923
v  133.4770 40.7925 -126.1370
v  132.4138 42.2014 -126.1573
v  132.4180 42.2049 -126.3923
v  132.3772 42.1721 -126.3923
v  132.3778 42.1726 -126.1370
v  132.4534 42.2332 -126.1657
v  132.4587 42.2376 -126.3923
v  131.8387 41.6004 -126.5032
v  131.8042 41.6438 -126.4884
v  132.4117 42.1287 -126.4884
v  131.7789 41.6755 -126.4478
v  132.3864 42.1605 -126.4478
v  131.7697 41.6872 -126.3923
v  131.7945 41.5655 -125.5068
v  132.7561 40.3581 -125.5067
v  132.7930 40.3875 -125.5299
v  131.8315 41.5950 -125.5300
v  131.7550 41.5337 -125.4926
v  132.7165 40.3264 -125.4926
v  132.8692 40.3073 -125.6662
v  133.4698 40.8058 -126.0751
v  132.8575 40.3168 -125.5980
v  133.4467 40.8394 -126.0298
v  132.8296 40.3462 -125.5481
v  133.4139 40.8843 -126.0133
v  132.7873 40.2416 -126.3923
v  132.7864 40.2410 -125.6069
v  132.8281 40.2743 -126.3923
v  132.8242 40.2713 -125.6307
v  131.7289 41.6544 -126.3923
v  131.7250 41.6514 -125.6308
v  131.7701 41.6875 -125.6665
v  131.6882 41.6217 -126.3923
v  131.6872 41.6211 -125.6070
v  131.7993 41.6401 -125.5482
v  132.4532 42.0906 -126.0133
v  132.4167 42.1326 -126.0298
v  132.3891 42.1626 -126.0751
v  131.7768 41.6740 -125.5982
v  131.7572 41.5350 -126.5032
v  132.7183 40.3284 -126.5032
v  131.7980 41.5677 -126.5032
v  132.7590 40.3611 -126.5032
v  132.5298 42.1524 -126.0509
v  133.4909 40.9456 -126.0509
v  132.4903 42.1204 -126.0366
v  133.4512 40.9139 -126.0366
v  135.3313 42.3190 -126.4405
v  135.3374 42.3749 -126.4405
v  135.3064 42.3500 -126.4801
v  134.3165 43.6564 -126.4400
v  134.2607 43.6626 -126.4400
v  134.2855 43.6315 -126.4800
v  44.8296 -30.7619 -126.4402
v  44.8048 -30.7308 -126.4800
v  44.7739 -30.7558 -126.4402
v  43.7840 -29.4492 -126.4800
v  43.7592 -29.4181 -126.4403
v  43.7530 -29.4741 -126.4404
v  44.8048 -30.7308 -125.5110
v  44.8296 -30.7619 -125.5508
v  44.7738 -30.7557 -125.5509
v  43.7592 -29.4182 -125.5508
v  43.7840 -29.4493 -125.5110
v  43.7531 -29.4742 -125.5508
v  135.3311 42.3189 -126.1186
v  135.3062 42.3500 -126.0789
v  135.3372 42.3750 -126.1186
v  134.2856 43.6316 -126.0789
v  134.2608 43.6627 -126.1187
v  134.3166 43.6565 -126.1188
v  133.5236 40.9010 -126.4884
v  133.4828 40.8682 -126.4884
v  133.5080 40.8365 -126.4478
v  133.5488 40.8693 -126.4478
v  132.4527 42.1616 -126.4884
v  132.4935 42.1944 -126.4884
v  132.4682 42.2261 -126.4478
v  132.4274 42.1934 -126.4478
v  132.7509 40.2833 -125.5079
v  132.7904 40.3149 -125.5233
v  132.8156 40.2834 -125.5686
v  132.7770 40.2524 -125.5497
v  131.6963 41.6094 -125.5498
v  131.7349 41.6404 -125.5687
v  131.7601 41.6087 -125.5233
v  131.7206 41.5770 -125.5079
v  132.7936 40.3177 -126.4884
v  132.7528 40.2850 -126.4884
v  132.7781 40.2533 -126.4478
v  132.8189 40.2860 -126.4478
v  133.5061 40.8348 -126.0970
v  133.4832 40.8684 -126.0525
v  133.5230 40.9003 -126.0661
v  133.5459 40.8666 -126.1084
v  132.4530 42.1618 -126.0525
v  132.4254 42.1917 -126.0969
v  132.4650 42.2235 -126.1083
v  132.4928 42.1938 -126.0661
v  131.7227 41.5784 -126.4884
v  131.7635 41.6111 -126.4884
v  131.7382 41.6429 -126.4478
v  131.6974 41.6101 -126.4478
# 896 vertices

vn 0.7829 -0.6199 -0.0523
vn 0.9865 -0.1586 -0.0414
vn 0.9865 -0.1586 0.0406
vn 0.7829 -0.6199 0.0524
vn 0.9336 0.3558 -0.0414
vn 0.9337 0.3557 0.0406
vn 0.6373 0.7688 -0.0526
vn 0.6373 0.7688 0.0525
vn -0.0018 -0.0135 0.9999
vn 0.3831 -0.3217 0.8659
vn 0.3937 -0.3077 0.8662
vn 0.0128 0.0044 0.9999
vn 0.6674 -0.5521 0.4998
vn 0.6783 -0.5383 0.5002
vn 0.7690 -0.6371 0.0524
vn 0.5526 0.6675 0.4991
vn 0.6320 0.7732 0.0524
vn 0.5499 0.6716 0.4966
vn 0.4492 0.5476 0.7059
vn 0.4523 0.5448 0.7061
vn 0.1658 0.1998 0.9657
vn 0.0091 0.0078 0.9999
vn 0.1678 0.1973 0.9659
vn -0.4134 -0.9097 -0.0385
vn -0.4135 -0.9097 0.0390
vn -0.6267 -0.7775 0.0525
vn -0.6267 -0.7775 -0.0526
vn 0.1027 -0.9939 -0.0402
vn 0.1025 -0.9939 0.0407
vn 0.1027 -0.9939 -0.0403
vn 0.5902 -0.8063 -0.0388
vn 0.7690 -0.6371 -0.0523
vn 0.5901 -0.8064 0.0389
vn -0.0058 -0.0104 0.9999
vn -0.1633 -0.2029 0.9655
vn -0.1604 -0.2044 0.9657
vn -0.5490 -0.6728 0.4960
vn -0.5448 -0.6750 0.4975
vn -0.4448 -0.5525 0.7049
vn -0.4481 -0.5501 0.7047
vn -0.6320 -0.7732 0.0525
vn 0.1635 0.2002 0.9660
vn 0.0073 0.0091 0.9999
vn 0.0075 0.0091 0.9999
vn 0.1637 0.2001 0.9660
vn 0.4475 0.5473 0.7073
vn 0.5527 0.6760 0.4874
vn 0.4473 0.5474 0.7073
vn 0.6112 0.7479 0.2590
vn 0.6328 0.7740 0.0202
vn 0.6326 0.7741 0.0225
vn -0.7840 0.6204 0.0221
vn -0.7559 0.6016 0.2583
vn -0.7455 0.6144 0.2583
vn -0.7697 0.6381 0.0221
vn -0.5546 0.4381 0.7074
vn -0.3934 0.3074 0.8665
vn -0.3829 0.3216 0.8660
vn -0.5436 0.4516 0.7074
vn -0.0074 -0.0088 0.9999
vn 0.6327 0.7741 -0.0221
vn 0.4116 0.9112 -0.0160
vn 0.4116 0.9112 0.0160
vn -0.1027 0.9946 0.0167
vn -0.1028 0.9946 -0.0169
vn -0.5887 0.8082 -0.0161
vn -0.7697 0.6381 -0.0221
vn -0.5886 0.8082 0.0159
vn -0.6328 -0.7741 0.0197
vn -0.5532 -0.6767 0.4859
vn -0.5484 -0.6706 0.4996
vn -0.6329 -0.7739 0.0221
vn -0.4479 -0.5480 0.7065
vn -0.4480 -0.5479 0.7065
vn -0.1637 -0.2003 0.9659
vn -0.0075 -0.0093 0.9999
vn -0.1639 -0.2002 0.9660
vn -0.7840 0.6204 -0.0221
vn -0.9873 0.1578 -0.0171
vn -0.9873 0.1579 0.0169
vn -0.9343 -0.3561 -0.0170
vn -0.9344 -0.3559 0.0169
vn -0.6329 -0.7739 -0.0226
vn 0.6327 0.7740 -0.0247
vn 0.5438 0.6652 -0.5116
vn 0.5484 0.6709 -0.4992
vn 0.4478 0.5477 -0.7068
vn 0.4477 0.5478 -0.7068
vn 0.1638 0.2004 -0.9659
vn 0.0072 0.0088 -0.9999
vn 0.0073 0.0092 -0.9999
vn 0.1637 0.2005 -0.9659
vn -0.0074 -0.0089 -0.9999
vn -0.2059 0.1562 -0.9660
vn -0.1955 0.1690 -0.9660
vn -0.5552 0.4385 -0.7067
vn -0.6785 0.5384 -0.4998
vn -0.6676 0.5522 -0.4994
vn -0.5443 0.4520 -0.7067
vn -0.0073 -0.0089 -0.9999
vn -0.1638 -0.2005 -0.9659
vn -0.1639 -0.2004 -0.9659
vn -0.4478 -0.5477 -0.7068
vn -0.5440 -0.6654 -0.5112
vn -0.5483 -0.6704 -0.5000
vn -0.4479 -0.5476 -0.7068
vn -0.6327 -0.7740 -0.0250
vn 0.0074 0.0091 -0.9999
vn 0.3168 0.3876 -0.8657
vn 0.3202 0.3832 -0.8664
vn 0.0128 0.0044 -0.9999
vn 0.5482 0.6707 -0.4996
vn 0.5523 0.6670 -0.5001
vn 0.6320 0.7732 -0.0529
vn 0.6677 -0.5522 -0.4993
vn 0.6785 -0.5384 -0.4998
vn 0.5442 -0.4520 -0.7068
vn 0.5551 -0.4385 -0.7068
vn 0.1956 -0.1690 -0.9660
vn -0.0018 -0.0135 -0.9999
vn 0.2060 -0.1562 -0.9660
vn -0.6320 -0.7732 -0.0530
vn -0.5479 -0.6703 -0.5004
vn -0.5440 -0.6741 -0.4997
vn -0.3161 -0.3867 -0.8663
vn -0.3125 -0.3909 -0.8658
vn -0.0073 -0.0090 -0.9999
vn 0.2595 -0.1942 0.9460
vn 0.3718 -0.2858 0.8832
vn 0.3567 -0.3043 0.8832
vn 0.2438 -0.2133 0.9461
vn 0.1197 -0.1128 0.9864
vn 0.1356 -0.0938 0.9863
vn 0.6514 0.7569 0.0534
vn 0.7274 0.4689 0.5009
vn 0.7264 0.5593 0.3995
vn 0.6388 0.7691 0.0221
vn 0.7030 0.3414 0.6239
vn 0.6405 0.1527 0.7526
vn 0.3705 -0.2872 0.8833
vn 0.5137 -0.0902 0.8532
vn 0.6307 0.7743 -0.0515
vn 0.6349 0.7711 0.0492
vn 0.6304 0.7745 -0.0523
vn 0.6398 0.7673 0.0436
vn 0.6298 0.7761 -0.0329
vn -0.6297 -0.7761 -0.0330
vn -0.6304 -0.7745 -0.0521
vn -0.6212 -0.7824 0.0439
vn -0.6209 -0.7836 0.0220
vn -0.6307 -0.7743 -0.0511
vn -0.6268 -0.7776 0.0496
vn 0.1944 -0.4837 0.8534
vn -0.0171 -0.6581 0.7528
vn 0.3579 -0.3028 0.8833
vn -0.1892 -0.7580 0.6242
vn -0.3088 -0.8084 0.5011
vn -0.3975 -0.8261 0.3994
vn -0.6068 -0.7931 0.0533
vn -0.0074 -0.0091 -0.9999
vn -0.0074 -0.0090 -0.9999
vn 0.0073 0.0090 -0.9999
vn 0.6299 0.7761 -0.0282
vn 0.5460 0.6726 -0.4995
vn 0.6087 0.7499 -0.2591
vn 0.3151 0.3882 -0.8660
vn 0.3184 0.3923 -0.8630
vn 0.4453 0.5487 -0.7075
vn 0.6380 0.7696 0.0268
vn 0.6316 0.7750 -0.0232
vn 0.6411 0.7670 0.0261
vn 0.6311 0.7753 -0.0231
vn -0.6211 -0.7834 0.0255
vn -0.6311 -0.7754 -0.0237
vn -0.6299 -0.7762 -0.0284
vn -0.6253 -0.7799 0.0261
vn -0.6316 -0.7750 -0.0238
vn -0.3152 -0.3884 -0.8659
vn -0.3183 -0.3922 -0.8630
vn -0.4454 -0.5488 -0.7074
vn -0.4454 -0.5487 -0.7075
vn -0.6086 -0.7500 -0.2592
vn -0.6086 -0.7499 -0.2592
vn 0.1200 -0.1122 0.9864
vn 0.1344 -0.0940 0.9865
vn 0.2437 -0.2127 0.9462
vn 0.2584 -0.1944 0.9463
vn 0.0074 0.0090 -0.9999
vn 0.7754 0.5883 0.2296
vn 0.8638 -0.0593 0.5003
vn 0.8337 0.2334 0.5004
vn 0.8788 -0.4183 0.2295
vn 0.7021 0.0721 0.7084
vn 0.3218 0.0331 0.9462
vn 0.5904 -0.7740 0.2288
vn -0.0596 -0.8646 0.4989
vn 0.2341 -0.8345 0.4988
vn -0.4211 -0.8778 0.2284
vn 0.0720 -0.7029 0.7076
vn 0.0330 -0.3225 0.9460
vn 0.4210 0.8776 0.2294
vn -0.0722 0.7019 0.7086
vn 0.0595 0.8640 0.4999
vn -0.0329 0.3214 0.9464
vn -0.2341 0.8339 0.4998
vn -0.5906 0.7737 0.2293
vn -0.3222 -0.0338 0.9461
vn -0.8338 -0.2349 0.4995
vn -0.7027 -0.0734 0.7077
vn -0.7754 -0.5885 0.2290
vn -0.8643 0.0576 0.4997
vn -0.8792 0.4176 0.2294
vn -0.0339 0.3220 -0.9461
vn 0.0583 0.8644 -0.4995
vn -0.0734 0.7022 -0.7081
vn 0.4202 0.8781 -0.2290
vn -0.2352 0.8339 -0.4993
vn -0.5913 0.7734 -0.2286
vn -0.7757 -0.5881 -0.2290
vn -0.7034 -0.0722 -0.7071
vn -0.8345 -0.2335 -0.4991
vn -0.3228 -0.0331 -0.9459
vn -0.8645 0.0590 -0.4991
vn -0.8790 0.4182 -0.2289
vn 0.7757 0.5882 -0.2288
vn 0.7034 0.0723 -0.7071
vn 0.8345 0.2334 -0.4992
vn 0.3227 0.0332 -0.9459
vn 0.8645 -0.0591 -0.4991
vn 0.8791 -0.4180 -0.2291
vn 0.0340 -0.3218 -0.9462
vn -0.0582 -0.8645 -0.4993
vn 0.0733 -0.7023 -0.7081
vn -0.4202 -0.8781 -0.2289
vn 0.2353 -0.8339 -0.4992
vn 0.5911 -0.7735 -0.2285
vn 0.2886 0.1117 0.9509
vn 0.5381 0.2327 0.8101
vn 0.6635 0.5936 0.4553
vn 0.6028 0.6426 0.4730
vn 0.5305 0.4955 0.6878
vn -0.1178 -0.5740 0.8104
vn -0.0515 -0.3044 0.9512
vn -0.5080 -0.7200 0.4727
vn -0.3787 -0.6197 0.6874
vn -0.4460 -0.7706 0.4553
vn 0.3160 0.3881 -0.8658
vn 0.3155 0.3877 -0.8661
vn 0.4461 0.5483 -0.7074
vn 0.6096 0.7492 -0.2588
vn 0.5468 0.6719 -0.4996
vn -0.5471 -0.6714 -0.4999
vn -0.5470 -0.6712 -0.5003
vn -0.3157 -0.3875 -0.8661
vn -0.3159 -0.3879 -0.8659
vn 0.4171 -0.0038 0.9088
vn 0.2971 0.0947 0.9501
vn 0.5538 0.4642 0.6912
vn 0.6318 0.5913 0.5013
vn 0.6986 0.5451 0.4635
vn 0.6440 0.3941 0.6557
vn 0.5469 0.6714 -0.5001
vn 0.3158 0.3877 -0.8660
vn 0.3157 0.3876 -0.8661
vn 0.5470 0.6715 -0.4999
vn -0.3158 -0.3878 -0.8660
vn -0.4465 -0.5483 -0.7071
vn -0.6099 -0.7491 -0.2586
vn -0.4464 -0.5484 -0.7071
vn -0.3156 -0.3876 -0.8661
vn -0.1915 -0.4852 0.8532
vn -0.0871 -0.5783 0.8112
vn -0.3921 -0.7944 0.4640
vn -0.4528 -0.7381 0.5002
vn -0.7866 -0.6152 -0.0523
vn -0.7866 -0.6152 0.0524
vn -0.9877 -0.1510 0.0404
vn -0.9876 -0.1512 -0.0414
vn -0.9312 0.3621 -0.0415
vn -0.9313 0.3620 0.0403
vn -0.6322 0.7730 0.0526
vn -0.6322 0.7730 -0.0524
vn -0.2059 -0.1556 0.9661
vn -0.1977 -0.1659 0.9661
vn 0.0007 -0.0113 0.9999
vn -0.0108 0.0031 0.9999
vn -0.6730 -0.5453 0.4997
vn -0.5487 -0.4461 0.7071
vn -0.5573 -0.4352 0.7071
vn -0.6816 -0.5341 0.5001
vn -0.7756 -0.6291 0.0524
vn -0.6104 0.7486 0.2588
vn -0.6067 0.7515 0.2593
vn -0.6273 0.7770 0.0528
vn -0.4477 0.5467 0.7076
vn -0.3172 0.3850 0.8667
vn -0.3142 0.3892 0.8659
vn -0.4439 0.5498 0.7076
vn -0.0059 0.0073 1.0000
vn 0.4076 -0.9123 0.0390
vn 0.4075 -0.9124 -0.0384
vn 0.6225 -0.7809 -0.0524
vn 0.6225 -0.7809 0.0525
vn -0.1098 -0.9931 0.0408
vn -0.1102 -0.9931 -0.0400
vn -0.1102 -0.9931 -0.0402
vn -0.5967 -0.8015 0.0388
vn -0.7756 -0.6290 -0.0523
vn -0.5969 -0.8014 -0.0387
vn 0.1588 -0.2042 0.9660
vn 0.3139 -0.3889 0.8662
vn 0.0058 -0.0072 1.0000
vn 0.5440 -0.6739 0.4999
vn 0.4407 -0.5537 0.7066
vn 0.5405 -0.6774 0.4990
vn 0.6273 -0.7770 0.0529
vn -0.0058 0.0072 1.0000
vn -0.0058 0.0074 1.0000
vn -0.3145 0.3897 0.8656
vn -0.3136 0.3884 0.8665
vn -0.4442 0.5503 0.7070
vn -0.5439 0.6736 0.5005
vn -0.6068 0.7515 0.2589
vn -0.6281 0.7779 0.0175
vn -0.6282 0.7779 0.0175
vn 0.7514 0.6070 0.2587
vn 0.7596 0.5967 0.2587
vn 0.7878 0.6157 0.0174
vn 0.7764 0.6301 0.0173
vn 0.3945 0.3053 0.8667
vn 0.5570 0.4348 0.7076
vn 0.5483 0.4457 0.7076
vn 0.3868 0.3170 0.8660
vn 0.0059 -0.0071 1.0000
vn -0.4052 0.9141 0.0124
vn -0.4052 0.9142 -0.0125
vn -0.6281 0.7779 -0.0175
vn 0.1099 0.9939 0.0130
vn 0.1101 0.9938 -0.0132
vn 0.1101 0.9938 -0.0133
vn 0.7764 0.6301 -0.0173
vn 0.5947 0.8038 -0.0126
vn 0.5947 0.8039 0.0124
vn 0.5440 -0.6735 0.5005
vn 0.5442 -0.6740 0.4996
vn 0.6282 -0.7779 0.0175
vn 0.6283 -0.7778 0.0175
vn 0.4443 -0.5501 0.7071
vn 0.3146 -0.3897 0.8655
vn 0.0059 -0.0073 1.0000
vn 0.1626 -0.2012 0.9660
vn 0.9886 0.1503 0.0131
vn 0.9886 0.1502 -0.0133
vn 0.7878 0.6158 -0.0174
vn 0.9319 -0.3624 0.0131
vn 0.9318 -0.3626 -0.0133
vn 0.6283 -0.7778 -0.0175
vn -0.6282 0.7779 -0.0173
vn -0.5446 0.6744 -0.4986
vn -0.5451 0.6750 -0.4972
vn -0.4448 0.5509 -0.7062
vn -0.4449 0.5508 -0.7062
vn -0.1630 0.2017 -0.9658
vn -0.1629 0.2018 -0.9658
vn -0.0058 0.0074 -1.0000
vn -0.0059 0.0072 -1.0000
vn 0.1980 0.1662 -0.9660
vn 0.2062 0.1559 -0.9660
vn 0.0059 -0.0071 -1.0000
vn 0.6819 0.5343 -0.4996
vn 0.5579 0.4356 -0.7064
vn 0.5493 0.4464 -0.7064
vn 0.6734 0.5455 -0.4990
vn 0.0059 -0.0074 -1.0000
vn 0.1629 -0.2017 -0.9658
vn 0.1628 -0.2017 -0.9658
vn 0.5455 -0.6754 -0.4962
vn 0.4449 -0.5509 -0.7060
vn 0.4451 -0.5508 -0.7060
vn 0.5444 -0.6739 -0.4995
vn 0.6282 -0.7779 -0.0173
vn -0.1667 0.1991 -0.9657
vn -0.1650 0.2012 -0.9656
vn -0.0076 0.0060 -1.0000
vn -0.0109 0.0031 -0.9999
vn -0.4467 0.5513 -0.7046
vn -0.4494 0.5488 -0.7049
vn -0.5486 0.6716 -0.4980
vn -0.5465 0.6757 -0.4948
vn -0.6274 0.7769 -0.0522
vn -0.6818 -0.5343 -0.4997
vn -0.6734 -0.5454 -0.4991
vn -0.5578 -0.4355 -0.7065
vn -0.5492 -0.4463 -0.7065
vn 0.0007 -0.0114 -0.9999
vn -0.1978 -0.1661 -0.9661
vn -0.2060 -0.1558 -0.9661
vn 0.5410 -0.6778 -0.4979
vn 0.5448 -0.6759 -0.4963
vn 0.6273 -0.7770 -0.0523
vn 0.4414 -0.5543 -0.7056
vn 0.4444 -0.5522 -0.7054
vn 0.0042 -0.0086 -1.0000
vn 0.1615 -0.2034 -0.9657
vn 0.1590 -0.2046 -0.9659
vn -0.0058 0.0073 1.0000
vn 0.0058 -0.0073 1.0000
vn -0.0057 0.0072 1.0000
vn 0.0059 -0.0072 1.0000
vn -0.5404 0.6768 0.4999
vn -0.6238 0.7811 0.0263
vn -0.6237 0.7812 0.0280
vn -0.5404 0.6767 0.5000
vn -0.3119 0.3906 0.8661
vn -0.3121 0.3908 0.8659
vn -0.6255 0.7786 0.0513
vn -0.6299 0.7751 -0.0488
vn -0.6249 0.7789 0.0525
vn -0.6349 0.7714 -0.0423
vn -0.6311 0.7756 -0.0157
vn 0.6249 -0.7790 0.0520
vn 0.6151 -0.7873 -0.0429
vn 0.6165 -0.7872 -0.0157
vn 0.6237 -0.7812 0.0279
vn 0.6256 -0.7785 0.0508
vn 0.6215 -0.7819 -0.0494
vn 0.3120 -0.3908 0.8660
vn 0.1614 -0.2022 0.9660
vn 0.4413 -0.5526 0.7070
vn 0.5405 -0.6768 0.4998
vn 0.5404 -0.6767 0.5000
vn 0.6238 -0.7811 0.0263
vn -0.4082 -0.3146 -0.8570
vn -0.2844 -0.2144 -0.9344
vn -0.2727 -0.2294 -0.9343
vn -0.3980 -0.3274 -0.8570
vn -0.1359 -0.1202 -0.9834
vn -0.1473 -0.1054 -0.9835
vn -0.7437 0.4599 -0.4852
vn -0.7376 0.5573 -0.3812
vn -0.6438 0.7640 -0.0432
vn -0.7259 0.3264 -0.6054
vn -0.6721 0.1388 -0.7273
vn -0.4092 -0.3134 -0.8569
vn -0.5509 -0.1105 -0.8272
vn -0.6313 0.7753 -0.0206
vn -0.6263 0.7794 0.0181
vn -0.6256 0.7799 0.0181
vn -0.6336 0.7734 -0.0194
vn 0.6175 -0.7863 -0.0193
vn 0.6257 -0.7799 0.0182
vn 0.6028 -0.7967 -0.0433
vn 0.6214 -0.7833 -0.0204
vn 0.6263 -0.7794 0.0182
vn -0.0141 -0.6856 -0.7278
vn -0.3970 -0.3287 -0.8570
vn -0.2305 -0.5120 -0.8275
vn 0.3798 -0.8427 -0.3815
vn 0.1569 -0.7797 -0.6062
vn 0.2833 -0.8268 -0.4859
vn 0.0060 -0.0072 1.0000
vn -0.1483 -0.1053 -0.9833
vn -0.1354 -0.1206 -0.9834
vn -0.2853 -0.2143 -0.9342
vn -0.2725 -0.2299 -0.9343
vn -0.7717 0.5931 0.2296
vn -0.8641 -0.0530 0.5005
vn -0.8320 0.2393 0.5005
vn -0.8822 -0.4111 0.2297
vn -0.7016 0.0771 0.7083
vn -0.3212 0.0352 0.9464
vn -0.5966 -0.7694 0.2281
vn 0.0536 -0.8653 0.4984
vn -0.2400 -0.8331 0.4983
vn 0.4154 -0.8806 0.2281
vn -0.0770 -0.7028 0.7073
vn -0.0354 -0.3223 0.9460
vn -0.4156 0.8802 0.2292
vn 0.0769 0.7011 0.7089
vn -0.0537 0.8643 0.5002
vn 0.0352 0.3209 0.9464
vn 0.2398 0.8321 0.5001
vn 0.5964 0.7692 0.2293
vn 0.3220 -0.0364 0.9461
vn 0.8320 -0.2411 0.4996
vn 0.7021 -0.0791 0.7077
vn 0.7711 -0.5942 0.2286
vn 0.8646 0.0511 0.4999
vn 0.8828 0.4096 0.2299
vn 0.0363 0.3215 -0.9462
vn -0.0515 0.8648 -0.4995
vn 0.0787 0.7016 -0.7082
vn -0.4145 0.8808 -0.2290
vn 0.2423 0.8322 -0.4988
vn 0.5973 0.7688 -0.2284
vn 0.7721 -0.5930 -0.2286
vn 0.7034 -0.0773 -0.7066
vn 0.8330 -0.2394 -0.4988
vn 0.3226 -0.0354 -0.9459
vn 0.8651 0.0528 -0.4988
vn 0.8824 0.4111 -0.2288
vn -0.7721 0.5929 -0.2290
vn -0.8328 0.2394 -0.4991
vn -0.7032 0.0773 -0.7067
vn -0.3227 0.0354 -0.9458
vn -0.8649 -0.0526 -0.4992
vn -0.8823 -0.4112 -0.2290
vn -0.0364 -0.3215 -0.9462
vn 0.0517 -0.8649 -0.4992
vn -0.0790 -0.7018 -0.7080
vn 0.4142 -0.8808 -0.2293
vn -0.2421 -0.8321 -0.4990
vn -0.5978 -0.7685 -0.2282
vn -0.3129 0.3898 0.8661
vn -0.3132 0.3901 0.8659
vn -0.5421 0.6752 0.5002
vn -0.5422 0.6754 0.4999
vn 0.3132 -0.3900 0.8659
vn 0.3129 -0.3898 0.8661
vn 0.4427 -0.5514 0.7071
vn 0.6048 -0.7533 0.2586
vn 0.6048 -0.7532 0.2585
vn 0.4428 -0.5514 0.7071
vn -0.3104 0.0916 -0.9462
vn -0.4433 -0.0148 -0.8963
vn -0.7048 0.5442 -0.4550
vn -0.6571 0.3908 -0.6445
vn -0.6330 0.5955 -0.4946
vn -0.5611 0.4658 -0.6842
vn 0.4447 -0.7463 -0.4952
vn 0.3763 -0.8067 -0.4556
vn 0.2364 -0.7262 -0.6455
vn -0.1135 -0.4284 -0.8964
vn 0.0205 -0.3223 -0.9464
vn 0.3335 -0.6476 -0.6852
vn -0.3130 0.3899 0.8660
vn -0.1620 0.2017 0.9660
vn -0.5422 0.6753 0.5000
vn -0.4428 0.5515 0.7070
vn -0.6047 0.7533 0.2588
vn -0.4427 0.5515 0.7070
vn -0.6700 0.5936 -0.4458
vn -0.5601 0.2246 -0.7974
vn -0.3019 0.1062 -0.9474
vn -0.5362 0.4967 -0.6825
vn -0.6038 0.6458 -0.4673
vn 0.0958 -0.5942 -0.7986
vn 0.4331 -0.7828 -0.4469
vn 0.5010 -0.7274 -0.4690
vn 0.3692 -0.6291 -0.6841
vn 0.0383 -0.3158 -0.9480
vn 0.3130 -0.3898 0.8661
vn 0.5422 -0.6753 0.5000
vn 0.6047 -0.7532 0.2589
vn 0.4427 -0.5513 0.7072
vn 0.9865 0.1586 0.0406
vn 0.9865 0.1587 -0.0414
vn 0.7829 0.6199 -0.0524
vn 0.7829 0.6199 0.0525
vn 0.9336 -0.3558 -0.0414
vn 0.9337 -0.3557 0.0406
vn 0.6373 -0.7688 0.0525
vn 0.6373 -0.7688 -0.0527
vn 0.3937 0.3077 0.8662
vn 0.3831 0.3217 0.8659
vn -0.0018 0.0135 0.9999
vn 0.0128 -0.0044 0.9999
vn 0.6783 0.5383 0.5002
vn 0.6674 0.5521 0.4999
vn 0.7690 0.6371 0.0524
vn 0.6320 -0.7732 0.0524
vn 0.5526 -0.6675 0.4990
vn 0.5499 -0.6716 0.4966
vn 0.4523 -0.5449 0.7060
vn 0.4493 -0.5477 0.7058
vn 0.0091 -0.0078 0.9999
vn 0.1658 -0.1998 0.9657
vn 0.1678 -0.1973 0.9659
vn -0.6267 0.7775 -0.0526
vn -0.6267 0.7775 0.0525
vn -0.4135 0.9097 0.0389
vn -0.4134 0.9097 -0.0385
vn 0.1025 0.9939 0.0407
vn 0.1027 0.9939 -0.0402
vn 0.1027 0.9939 -0.0403
vn 0.7690 0.6371 -0.0523
vn 0.5902 0.8063 -0.0388
vn 0.5901 0.8064 0.0389
vn -0.0058 0.0104 0.9999
vn -0.1604 0.2044 0.9657
vn -0.1633 0.2028 0.9655
vn -0.5448 0.6751 0.4974
vn -0.5490 0.6728 0.4960
vn -0.4481 0.5501 0.7047
vn -0.4448 0.5525 0.7049
vn -0.6320 0.7732 0.0525
vn 0.0075 -0.0091 0.9999
vn 0.0073 -0.0091 0.9999
vn 0.1636 -0.2002 0.9660
vn 0.1637 -0.2001 0.9660
vn 0.4473 -0.5473 0.7074
vn 0.5527 -0.6760 0.4874
vn 0.4474 -0.5472 0.7074
vn 0.6326 -0.7741 0.0225
vn 0.6328 -0.7740 0.0202
vn 0.6112 -0.7479 0.2590
vn -0.7840 -0.6204 0.0221
vn -0.7697 -0.6381 0.0221
vn -0.7455 -0.6144 0.2583
vn -0.7559 -0.6016 0.2583
vn -0.3830 -0.3215 0.8660
vn -0.3934 -0.3074 0.8665
vn -0.5546 -0.4381 0.7075
vn -0.5436 -0.4516 0.7075
vn -0.0074 0.0088 0.9999
vn 0.6327 -0.7741 -0.0221
vn 0.4116 -0.9112 0.0160
vn 0.4116 -0.9112 -0.0160
vn -0.1027 -0.9946 0.0167
vn -0.1028 -0.9946 -0.0169
vn -0.5886 -0.8082 0.0159
vn -0.7697 -0.6381 -0.0221
vn -0.5887 -0.8082 -0.0161
vn -0.6328 0.7741 0.0197
vn -0.6329 0.7739 0.0221
vn -0.5484 0.6706 0.4996
vn -0.5531 0.6766 0.4860
vn -0.4480 0.5479 0.7065
vn -0.4479 0.5480 0.7065
vn -0.1638 0.2004 0.9659
vn -0.1639 0.2002 0.9659
vn -0.0075 0.0093 0.9999
vn -0.7840 -0.6204 -0.0221
vn -0.9873 -0.1579 0.0169
vn -0.9873 -0.1578 -0.0171
vn -0.9344 0.3559 0.0169
vn -0.9343 0.3561 -0.0170
vn -0.6329 0.7739 -0.0226
vn 0.5484 -0.6709 -0.4992
vn 0.5439 -0.6652 -0.5116
vn 0.6327 -0.7740 -0.0247
vn 0.4479 -0.5477 -0.7067
vn 0.4478 -0.5478 -0.7067
vn 0.1638 -0.2005 -0.9659
vn 0.0073 -0.0092 -0.9999
vn 0.0072 -0.0088 -0.9999
vn 0.1639 -0.2004 -0.9659
vn -0.1955 -0.1690 -0.9660
vn -0.2059 -0.1562 -0.9660
vn -0.0074 0.0089 -0.9999
vn -0.6676 -0.5522 -0.4994
vn -0.6785 -0.5384 -0.4998
vn -0.5552 -0.4385 -0.7067
vn -0.5443 -0.4520 -0.7067
vn -0.1639 0.2004 -0.9659
vn -0.1638 0.2004 -0.9659
vn -0.0073 0.0089 -0.9999
vn -0.5483 0.6704 -0.5000
vn -0.5440 0.6654 -0.5112
vn -0.4478 0.5477 -0.7068
vn -0.4479 0.5476 -0.7068
vn -0.6327 0.7740 -0.0250
vn 0.3203 -0.3831 -0.8664
vn 0.3168 -0.3875 -0.8657
vn 0.0074 -0.0091 -0.9999
vn 0.0128 -0.0044 -0.9999
vn 0.5522 -0.6670 -0.5002
vn 0.5482 -0.6706 -0.4997
vn 0.6320 -0.7732 -0.0529
vn 0.6785 0.5384 -0.4998
vn 0.6677 0.5521 -0.4993
vn 0.5551 0.4385 -0.7068
vn 0.5442 0.4520 -0.7068
vn -0.0018 0.0135 -0.9999
vn 0.1955 0.1690 -0.9660
vn 0.2060 0.1562 -0.9660
vn -0.5440 0.6741 -0.4997
vn -0.5479 0.6703 -0.5004
vn -0.6320 0.7732 -0.0530
vn -0.3125 0.3909 -0.8658
vn -0.3161 0.3867 -0.8663
vn -0.0073 0.0090 -0.9999
vn 0.2595 0.1942 0.9460
vn 0.2438 0.2133 0.9461
vn 0.3567 0.3043 0.8832
vn 0.3718 0.2858 0.8832
vn 0.1356 0.0938 0.9863
vn 0.1197 0.1129 0.9864
vn 0.6514 -0.7569 0.0534
vn 0.6388 -0.7691 0.0221
vn 0.7264 -0.5593 0.3995
vn 0.7274 -0.4689 0.5009
vn 0.6405 -0.1527 0.7526
vn 0.7030 -0.3414 0.6239
vn 0.3705 0.2872 0.8833
vn 0.5137 0.0901 0.8532
vn 0.6349 -0.7711 0.0492
vn 0.6307 -0.7743 -0.0515
vn 0.6398 -0.7673 0.0436
vn 0.6304 -0.7745 -0.0523
vn 0.6298 -0.7761 -0.0329
vn -0.6297 0.7761 -0.0330
vn -0.6209 0.7836 0.0220
vn -0.6212 0.7824 0.0439
vn -0.6304 0.7745 -0.0521
vn -0.6268 0.7776 0.0496
vn -0.6308 0.7743 -0.0512
vn 0.3579 0.3028 0.8833
vn -0.0171 0.6581 0.7527
vn 0.1945 0.4837 0.8533
vn -0.3975 0.8261 0.3994
vn -0.3088 0.8084 0.5011
vn -0.1893 0.7580 0.6242
vn -0.6068 0.7931 0.0533
vn -0.0074 0.0091 -0.9999
vn 0.0073 -0.0090 -0.9999
vn -0.0074 0.0090 -0.9999
vn 0.5460 -0.6726 -0.4994
vn 0.6299 -0.7762 -0.0282
vn 0.6087 -0.7499 -0.2591
vn 0.3184 -0.3923 -0.8630
vn 0.3152 -0.3882 -0.8660
vn 0.4453 -0.5487 -0.7075
vn 0.6316 -0.7750 -0.0232
vn 0.6380 -0.7696 0.0268
vn 0.6311 -0.7753 -0.0231
vn 0.6411 -0.7670 0.0261
vn -0.6210 0.7834 0.0255
vn -0.6299 0.7762 -0.0284
vn -0.6311 0.7754 -0.0237
vn -0.6315 0.7750 -0.0238
vn -0.6253 0.7799 0.0261
vn -0.3183 0.3922 -0.8630
vn -0.3152 0.3884 -0.8659
vn -0.4454 0.5487 -0.7075
vn -0.4454 0.5488 -0.7074
vn -0.6086 0.7500 -0.2591
vn 0.1344 0.0941 0.9865
vn 0.1200 0.1122 0.9864
vn 0.2584 0.1944 0.9463
vn 0.2437 0.2127 0.9462
vn 0.7754 -0.5883 0.2296
vn 0.8638 0.0593 0.5003
vn 0.8338 -0.2334 0.5003
vn 0.8788 0.4183 0.2295
vn 0.7022 -0.0721 0.7084
vn 0.3217 -0.0331 0.9463
vn 0.5904 0.7740 0.2288
vn 0.2342 0.8345 0.4988
vn -0.0596 0.8646 0.4989
vn -0.4211 0.8778 0.2284
vn 0.0721 0.7030 0.7076
vn 0.0330 0.3225 0.9460
vn 0.4210 -0.8776 0.2292
vn 0.0596 -0.8640 0.4999
vn -0.0721 -0.7019 0.7086
vn -0.0330 -0.3215 0.9463
vn -0.2341 -0.8338 0.4999
vn -0.5906 -0.7737 0.2293
vn -0.3223 0.0338 0.9460
vn -0.8338 0.2349 0.4995
vn -0.7027 0.0734 0.7077
vn -0.7754 0.5886 0.2289
vn -0.8643 -0.0576 0.4997
vn -0.8792 -0.4176 0.2294
vn -0.0339 -0.3219 -0.9462
vn 0.0583 -0.8644 -0.4994
vn -0.0734 -0.7023 -0.7081
vn 0.4202 -0.8781 -0.2290
vn -0.2352 -0.8339 -0.4992
vn -0.5913 -0.7734 -0.2285
vn -0.7757 0.5881 -0.2290
vn -0.7034 0.0722 -0.7071
vn -0.8345 0.2335 -0.4991
vn -0.3228 0.0331 -0.9459
vn -0.8645 -0.0590 -0.4992
vn -0.8790 -0.4182 -0.2289
vn 0.7757 -0.5882 -0.2288
vn 0.7034 -0.0723 -0.7071
vn 0.8345 -0.2334 -0.4992
vn 0.3226 -0.0332 -0.9459
vn 0.8645 0.0591 -0.4991
vn 0.8791 0.4180 -0.2291
vn 0.0339 0.3218 -0.9462
vn -0.0582 0.8645 -0.4993
vn 0.0734 0.7023 -0.7081
vn -0.4203 0.8781 -0.2289
vn 0.2354 0.8340 -0.4991
vn 0.5911 0.7735 -0.2285
vn 0.2886 -0.1117 0.9509
vn 0.5382 -0.2327 0.8101
vn 0.6636 -0.5936 0.4553
vn 0.6029 -0.6425 0.4729
vn 0.5306 -0.4955 0.6877
vn -0.1178 0.5740 0.8104
vn -0.0515 0.3044 0.9511
vn -0.5081 0.7200 0.4727
vn -0.3787 0.6197 0.6874
vn -0.4460 0.7706 0.4553
vn 0.3161 -0.3881 -0.8657
vn 0.3155 -0.3877 -0.8661
vn 0.4461 -0.5483 -0.7074
vn 0.6096 -0.7492 -0.2588
vn 0.5468 -0.6719 -0.4995
vn -0.5470 0.6714 -0.4999
vn -0.5470 0.6713 -0.5003
vn -0.3156 0.3875 -0.8661
vn -0.3159 0.3880 -0.8659
vn 0.4171 0.0038 0.9088
vn 0.2971 -0.0947 0.9501
vn 0.5538 -0.4642 0.6912
vn 0.6318 -0.5913 0.5013
vn 0.6986 -0.5451 0.4635
vn 0.6440 -0.3941 0.6557
vn 0.5469 -0.6714 -0.5002
vn 0.3158 -0.3877 -0.8660
vn 0.3156 -0.3876 -0.8661
vn 0.5469 -0.6715 -0.5000
vn -0.3157 0.3878 -0.8660
vn -0.4465 0.5483 -0.7071
vn -0.6099 0.7491 -0.2586
vn -0.4464 0.5484 -0.7071
vn -0.3156 0.3876 -0.8661
vn -0.1915 0.4852 0.8532
vn -0.0871 0.5783 0.8112
vn -0.3921 0.7943 0.4640
vn -0.4528 0.7381 0.5002
vn -0.7866 0.6152 -0.0523
vn -0.9876 0.1512 -0.0414
vn -0.9877 0.1510 0.0404
vn -0.7866 0.6152 0.0524
vn -0.9312 -0.3621 -0.0414
vn -0.9313 -0.3620 0.0403
vn -0.6322 -0.7730 -0.0524
vn -0.6322 -0.7730 0.0526
vn 0.0007 0.0113 0.9999
vn -0.1977 0.1659 0.9661
vn -0.2059 0.1556 0.9661
vn -0.0108 -0.0031 0.9999
vn -0.5487 0.4461 0.7070
vn -0.6731 0.5453 0.4997
vn -0.6816 0.5342 0.5001
vn -0.5574 0.4352 0.7071
vn -0.7756 0.6291 0.0524
vn -0.6067 -0.7515 0.2593
vn -0.6104 -0.7486 0.2588
vn -0.6273 -0.7770 0.0528
vn -0.4439 -0.5497 0.7076
vn -0.3142 -0.3892 0.8659
vn -0.3172 -0.3850 0.8667
vn -0.4477 -0.5466 0.7076
vn -0.0059 -0.0073 1.0000
vn 0.6225 0.7809 0.0525
vn 0.6225 0.7809 -0.0524
vn 0.4074 0.9124 -0.0383
vn 0.4076 0.9123 0.0391
vn -0.1098 0.9931 0.0408
vn -0.1102 0.9931 -0.0402
vn -0.1102 0.9931 -0.0400
vn -0.1098 0.9931 0.0407
vn -0.7756 0.6290 -0.0523
vn -0.5967 0.8015 0.0388
vn -0.5969 0.8014 -0.0387
vn 0.0058 0.0072 1.0000
vn 0.3140 0.3888 0.8662
vn 0.1588 0.2042 0.9660
vn 0.4407 0.5537 0.7066
vn 0.5440 0.6739 0.4999
vn 0.5405 0.6774 0.4990
vn 0.6273 0.7770 0.0529
vn -0.0058 -0.0072 1.0000
vn -0.3136 -0.3883 0.8665
vn -0.3145 -0.3897 0.8656
vn -0.0058 -0.0074 1.0000
vn -0.5439 -0.6735 0.5005
vn -0.4442 -0.5502 0.7071
vn -0.6282 -0.7779 0.0175
vn -0.6281 -0.7779 0.0175
vn -0.6068 -0.7515 0.2588
vn 0.7764 -0.6301 0.0173
vn 0.7878 -0.6158 0.0174
vn 0.7596 -0.5967 0.2587
vn 0.7514 -0.6070 0.2587
vn 0.5483 -0.4457 0.7076
vn 0.5570 -0.4348 0.7076
vn 0.3945 -0.3053 0.8667
vn 0.3867 -0.3170 0.8660
vn 0.0059 0.0071 1.0000
vn -0.6281 -0.7779 -0.0174
vn -0.4052 -0.9141 -0.0125
vn -0.4053 -0.9141 0.0124
vn 0.1101 -0.9938 -0.0133
vn 0.1101 -0.9938 -0.0132
vn 0.1099 -0.9939 0.0130
vn 0.5946 -0.8039 0.0124
vn 0.5947 -0.8039 -0.0126
vn 0.7764 -0.6301 -0.0173
vn 0.6282 0.7779 0.0175
vn 0.5443 0.6740 0.4996
vn 0.5440 0.6735 0.5005
vn 0.6283 0.7778 0.0175
vn 0.3146 0.3896 0.8655
vn 0.4443 0.5501 0.7071
vn 0.0059 0.0073 1.0000
vn 0.1626 0.2012 0.9660
vn 0.9886 -0.1502 -0.0133
vn 0.9885 -0.1504 0.0131
vn 0.7877 -0.6158 -0.0174
vn 0.9319 0.3626 -0.0133
vn 0.9319 0.3624 0.0132
vn 0.6283 0.7778 -0.0175
vn -0.5452 -0.6750 -0.4972
vn -0.5446 -0.6745 -0.4985
vn -0.6282 -0.7779 -0.0173
vn -0.4450 -0.5508 -0.7061
vn -0.4449 -0.5509 -0.7061
vn -0.0058 -0.0074 -1.0000
vn -0.1629 -0.2018 -0.9658
vn -0.1630 -0.2017 -0.9658
vn -0.0059 -0.0072 -1.0000
vn 0.0059 0.0071 -1.0000
vn 0.2062 -0.1559 -0.9660
vn 0.1979 -0.1662 -0.9660
vn 0.5579 -0.4355 -0.7065
vn 0.6818 -0.5343 -0.4997
vn 0.6734 -0.5454 -0.4990
vn 0.5492 -0.4464 -0.7065
vn 0.1629 0.2017 -0.9658
vn 0.0059 0.0074 -1.0000
vn 0.1628 0.2018 -0.9658
vn 0.4449 0.5509 -0.7061
vn 0.5455 0.6754 -0.4962
vn 0.5444 0.6739 -0.4995
vn 0.4450 0.5508 -0.7061
vn 0.6282 0.7779 -0.0173
vn -0.1650 -0.2012 -0.9655
vn -0.1667 -0.1991 -0.9657
vn -0.0109 -0.0031 -0.9999
vn -0.0076 -0.0060 -1.0000
vn -0.4467 -0.5513 -0.7047
vn -0.5465 -0.6757 -0.4948
vn -0.5485 -0.6716 -0.4980
vn -0.4494 -0.5488 -0.7049
vn -0.6274 -0.7770 -0.0522
vn -0.6734 0.5454 -0.4991
vn -0.6818 0.5342 -0.4997
vn -0.5492 0.4463 -0.7066
vn -0.5578 0.4355 -0.7066
vn -0.2061 0.1558 -0.9660
vn -0.1979 0.1661 -0.9661
vn 0.0007 0.0114 -0.9999
vn 0.5449 0.6759 -0.4963
vn 0.5410 0.6778 -0.4979
vn 0.6273 0.7770 -0.0523
vn 0.4444 0.5522 -0.7054
vn 0.4414 0.5543 -0.7056
vn 0.1616 0.2034 -0.9657
vn 0.0042 0.0086 -1.0000
vn 0.1590 0.2046 -0.9658
vn 0.0058 0.0073 1.0000
vn -0.0058 -0.0073 1.0000
vn -0.6237 -0.7812 0.0280
vn -0.6238 -0.7811 0.0263
vn -0.5404 -0.6768 0.4999
vn -0.5404 -0.6767 0.5000
vn -0.3121 -0.3908 0.8659
vn -0.3119 -0.3906 0.8661
vn -0.6299 -0.7751 -0.0488
vn -0.6254 -0.7786 0.0513
vn -0.6349 -0.7714 -0.0423
vn -0.6249 -0.7789 0.0525
vn -0.6311 -0.7756 -0.0157
vn 0.6151 0.7873 -0.0429
vn 0.6249 0.7790 0.0520
vn 0.6237 0.7812 0.0280
vn 0.6165 0.7872 -0.0157
vn 0.6215 0.7819 -0.0494
vn 0.6256 0.7785 0.0508
vn 0.1615 0.2022 0.9660
vn 0.3120 0.3907 0.8660
vn 0.4412 0.5526 0.7071
vn 0.5404 0.6767 0.5000
vn 0.5405 0.6768 0.4998
vn 0.6238 0.7811 0.0263
vn -0.2727 0.2294 -0.9343
vn -0.2844 0.2144 -0.9344
vn -0.4081 0.3146 -0.8570
vn -0.3980 0.3274 -0.8570
vn -0.1359 0.1202 -0.9834
vn -0.1473 0.1054 -0.9835
vn -0.6438 -0.7640 -0.0432
vn -0.7376 -0.5573 -0.3811
vn -0.7437 -0.4599 -0.4853
vn -0.6721 -0.1388 -0.7274
vn -0.7259 -0.3264 -0.6054
vn -0.5509 0.1105 -0.8272
vn -0.4092 0.3134 -0.8569
vn -0.6263 -0.7794 0.0181
vn -0.6313 -0.7752 -0.0206
vn -0.6256 -0.7799 0.0181
vn -0.6336 -0.7734 -0.0194
vn 0.6257 0.7799 0.0182
vn 0.6175 0.7863 -0.0193
vn 0.6028 0.7967 -0.0432
vn 0.6262 0.7794 0.0182
vn 0.6213 0.7833 -0.0204
vn -0.2305 0.5120 -0.8275
vn -0.3970 0.3287 -0.8570
vn -0.0141 0.6856 -0.7278
vn 0.3798 0.8427 -0.3815
vn 0.2833 0.8268 -0.4859
vn 0.1569 0.7797 -0.6062
vn 0.0059 0.0072 1.0000
vn -0.0057 -0.0072 1.0000
vn -0.1354 0.1206 -0.9834
vn -0.1483 0.1053 -0.9833
vn -0.2725 0.2299 -0.9343
vn -0.2853 0.2143 -0.9342
vn -0.7717 -0.5930 0.2296
vn -0.8641 0.0530 0.5005
vn -0.8320 -0.2393 0.5005
vn -0.8822 0.4111 0.2298
vn -0.7016 -0.0771 0.7084
vn -0.3211 -0.0352 0.9464
vn -0.5967 0.7694 0.2281
vn 0.0536 0.8653 0.4984
vn -0.2401 0.8331 0.4982
vn 0.4155 0.8805 0.2281
vn -0.0771 0.7027 0.7073
vn -0.0354 0.3224 0.9459
vn -0.4156 -0.8802 0.2291
vn 0.0769 -0.7011 0.7089
vn -0.0538 -0.8643 0.5001
vn 0.0352 -0.3210 0.9464
vn 0.2398 -0.8322 0.5000
vn 0.5965 -0.7692 0.2293
vn 0.3219 0.0363 0.9461
vn 0.7021 0.0790 0.7077
vn 0.8320 0.2411 0.4996
vn 0.7711 0.5942 0.2288
vn 0.8645 -0.0511 0.4999
vn 0.8829 -0.4097 0.2297
vn 0.0363 -0.3216 -0.9462
vn -0.0515 -0.8647 -0.4996
vn 0.0787 -0.7016 -0.7082
vn -0.4145 -0.8808 -0.2289
vn 0.2423 -0.8320 -0.4990
vn 0.5973 -0.7688 -0.2285
vn 0.7721 0.5929 -0.2289
vn 0.8330 0.2394 -0.4988
vn 0.7033 0.0773 -0.7067
vn 0.3227 0.0355 -0.9458
vn 0.8650 -0.0528 -0.4989
vn 0.8824 -0.4112 -0.2288
vn -0.7720 -0.5929 -0.2291
vn -0.8328 -0.2394 -0.4992
vn -0.7032 -0.0773 -0.7068
vn -0.3228 -0.0354 -0.9458
vn -0.8649 0.0526 -0.4992
vn -0.8824 0.4111 -0.2290
vn -0.0364 0.3216 -0.9462
vn -0.0790 0.7018 -0.7080
vn 0.0517 0.8649 -0.4992
vn 0.4142 0.8808 -0.2293
vn -0.2420 0.8322 -0.4989
vn -0.5978 0.7685 -0.2282
vn -0.3130 -0.3898 0.8661
vn -0.3132 -0.3901 0.8659
vn -0.5421 -0.6752 0.5002
vn -0.5422 -0.6754 0.4999
vn 0.3131 0.3900 0.8659
vn 0.3129 0.3898 0.8661
vn 0.4427 0.5514 0.7071
vn 0.6048 0.7533 0.2585
vn 0.6048 0.7532 0.2585
vn 0.4428 0.5514 0.7071
vn -0.3105 -0.0916 -0.9462
vn -0.4433 0.0148 -0.8963
vn -0.6571 -0.3908 -0.6446
vn -0.7048 -0.5442 -0.4550
vn -0.6330 -0.5955 -0.4947
vn -0.5611 -0.4657 -0.6843
vn 0.4448 0.7463 -0.4952
vn 0.3764 0.8067 -0.4556
vn 0.2365 0.7262 -0.6455
vn -0.1134 0.4285 -0.8964
vn 0.0206 0.3223 -0.9464
vn 0.3335 0.6476 -0.6851
vn -0.3130 -0.3899 0.8660
vn -0.1620 -0.2017 0.9659
vn -0.5422 -0.6753 0.4999
vn -0.4427 -0.5515 0.7070
vn -0.6047 -0.7533 0.2587
vn -0.6700 -0.5936 -0.4457
vn -0.5601 -0.2246 -0.7974
vn -0.3019 -0.1062 -0.9474
vn -0.5362 -0.4967 -0.6825
vn -0.6038 -0.6458 -0.4674
vn 0.0958 0.5942 -0.7986
vn 0.4330 0.7828 -0.4470
vn 0.5009 0.7274 -0.4690
vn 0.3692 0.6291 -0.6841
vn 0.0383 0.3158 -0.9480
vn 0.3131 0.3898 0.8660
vn 0.3131 0.3898 0.8661
vn 0.5423 0.6753 0.4999
vn 0.6047 0.7532 0.2589
vn 0.4428 0.5513 0.7071
# 1108 vertex normals

vt 0.3942 0.8120 0.0000
vt 0.3879 0.7760 0.0000
vt 0.4115 0.8240 0.0000
vt 0.3942 0.9381 0.0000
vt 0.3833 0.7500 0.0000
vt 0.4222 0.7500 0.0000
vt 0.1870 0.0003 0.0000
vt 0.3131 0.0003 0.0000
vt 0.2666 -0.0000 0.0000
vt 0.1499 -0.0000 0.0000
vt 0.6058 0.0003 0.0000
vt 0.6251 0.0003 0.0000
vt 0.3748 0.0156 0.0000
vt 0.3942 0.0003 0.0000
vt 0.6821 -0.0000 0.0000
vt 0.3181 -0.0000 0.0000
vt 0.5607 0.7500 0.0000
vt 0.6058 0.9378 0.0000
vt 0.4394 0.7500 0.0000
vt 0.3084 0.0217 0.0000
vt 0.3126 0.0056 0.0000
vt 0.3335 -0.0048 0.0000
vt 0.3838 0.1270 0.0000
vt 0.3875 0.3792 0.0000
vt 0.3942 0.0056 0.0000
vt 0.8501 -0.0000 0.0000
vt 0.7337 -0.0000 0.0000
vt 0.6872 0.0003 0.0000
vt 0.8130 0.0003 0.0000
vt 0.6133 0.7723 0.0000
vt 0.5887 0.8243 0.0000
vt 0.5779 0.7500 0.0000
vt 0.6167 0.7500 0.0000
vt 0.6058 0.8122 0.0000
vt 0.6058 0.0056 0.0000
vt 0.6158 0.0050 0.0000
vt 0.6159 0.0025 0.0000
vt 0.6655 0.0050 0.0000
vt 0.6921 0.0015 0.0000
vt 0.6875 0.0056 0.0000
vt 0.3816 0.2499 0.0000
vt 0.3942 0.2497 0.0000
vt 0.3942 0.0064 0.0000
vt 0.3828 0.0081 0.0000
vt 0.3652 0.0082 0.0000
vt 0.3674 0.2498 0.0000
vt 0.3417 0.0063 0.0000
vt 0.3416 0.2497 0.0000
vt 0.6058 0.2833 0.0000
vt 0.6065 0.2653 0.0000
vt 0.3935 0.2653 0.0000
vt 0.3942 0.2834 0.0000
vt 0.6063 0.2537 0.0000
vt 0.3936 0.2537 0.0000
vt 0.6058 0.2497 0.0000
vt 0.1584 0.2497 0.0000
vt 0.2774 0.1524 0.0000
vt 0.3679 0.2429 0.0000
vt 0.3750 0.2643 0.0000
vt 0.3750 0.4451 0.0000
vt 0.3805 0.4519 0.0000
vt 0.3830 0.2723 0.0000
vt 0.3942 0.4666 0.0000
vt 0.6584 0.0063 0.0000
vt 0.6352 0.0064 0.0000
vt 0.6322 0.2480 0.0000
vt 0.6584 0.2497 0.0000
vt 0.6175 0.0062 0.0000
vt 0.6184 0.2481 0.0000
vt 0.6058 0.0064 0.0000
vt 0.6058 0.4666 0.0000
vt 0.6169 0.4761 0.0000
vt 0.6169 0.2739 0.0000
vt 0.6250 0.4829 0.0000
vt 0.6250 0.2671 0.0000
vt 0.6421 0.2500 0.0000
vt 0.8579 0.2500 0.0000
vt 0.8416 0.2497 0.0000
vt 0.1584 0.0063 0.0000
vt 0.4148 0.8565 0.0000
vt 0.2338 0.1716 0.0000
vt 0.1371 0.0121 0.0000
vt 0.2621 0.1371 0.0000
vt 0.3750 0.7258 0.0000
vt 0.3942 0.7437 0.0000
vt 0.3942 0.5003 0.0000
vt 0.3750 0.4759 0.0000
vt 0.6058 0.5003 0.0000
vt 0.6057 0.4964 0.0000
vt 0.3909 0.4923 0.0000
vt 0.6058 0.4848 0.0000
vt 0.3825 0.4720 0.0000
vt 0.6058 0.7437 0.0000
vt 0.9124 -0.1164 0.0000
vt 0.6116 0.5079 0.0000
vt 0.6250 0.7402 0.0000
vt 0.6250 0.5025 0.0000
vt 0.8750 0.0098 0.0000
vt 0.8416 0.0063 0.0000
vt 0.8750 0.2475 0.0000
vt 0.3942 0.7444 0.0000
vt 0.3754 0.7337 0.0000
vt 0.3824 0.7445 0.0000
vt 0.3942 0.7497 0.0000
vt 0.3750 0.7418 0.0000
vt 0.3750 0.7473 0.0000
vt 0.1291 0.0041 0.0000
vt 0.1870 0.0056 0.0000
vt 0.1263 0.0013 0.0000
vt 0.6150 0.7522 0.0000
vt 0.3941 0.7781 0.0000
vt 0.6135 0.7349 0.0000
vt 0.3942 0.7570 0.0000
vt 0.6058 0.7497 0.0000
vt 0.8130 0.0056 0.0000
vt 0.8750 0.0077 0.0000
vt 0.8750 0.0025 0.0000
vt 0.6250 0.7423 0.0000
vt 1.0903 -0.6300 0.0000
vt 0.8705 0.0074 0.0000
vt 0.6250 0.7475 0.0000
vt 0.6058 0.7444 0.0000
vt 0.3941 0.0062 0.0000
vt 0.3943 0.0059 0.0000
vt 0.6057 0.0059 0.0000
vt 0.6058 0.0057 0.0000
vt 0.3941 0.0058 0.0000
vt 0.3349 0.0061 0.0000
vt 0.3488 0.0067 0.0000
vt 0.3415 0.0071 0.0000
vt 0.3286 0.0059 0.0000
vt 0.3715 0.0059 0.0000
vt 0.3678 0.0144 0.0000
vt 0.3941 0.0061 0.0000
vt 0.1870 0.0057 0.0000
vt 0.3137 0.0057 0.0000
vt 0.1870 0.0058 0.0000
vt 0.3183 0.0058 0.0000
vt 0.1870 0.0059 0.0000
vt 0.8130 0.0059 0.0000
vt 0.8130 0.0058 0.0000
vt 0.6820 0.0058 0.0000
vt 0.6715 0.0059 0.0000
vt 0.8130 0.0057 0.0000
vt 0.6865 0.0057 0.0000
vt 0.6288 0.0062 0.0000
vt 0.6319 0.0058 0.0000
vt 0.6059 0.0061 0.0000
vt 0.6512 0.0062 0.0000
vt 0.6584 0.0057 0.0000
vt 0.6651 0.0061 0.0000
vt 0.3942 0.7439 0.0000
vt 0.6058 0.7439 0.0000
vt 0.6058 0.7438 0.0000
vt 0.3942 0.7438 0.0000
vt 0.1718 0.0061 0.0000
vt 0.1590 0.0940 0.0000
vt 0.4311 0.9152 0.0000
vt 0.1362 0.0112 0.0000
vt 0.1369 0.0119 0.0000
vt 0.3750 0.7275 0.0000
vt 0.3942 0.7441 0.0000
vt 0.3750 0.7262 0.0000
vt 0.3433 0.0063 0.0000
vt 0.1631 0.0063 0.0000
vt 0.3397 0.0062 0.0000
vt 0.1677 0.0062 0.0000
vt 0.6599 0.0062 0.0000
vt 0.8322 0.0062 0.0000
vt 0.8282 0.0061 0.0000
vt 0.6566 0.0063 0.0000
vt 0.8376 0.0063 0.0000
vt 1.0918 -0.6344 0.0000
vt 1.0358 -0.4718 0.0000
vt 0.6058 0.7441 0.0000
vt 0.6250 0.7419 0.0000
vt 0.6250 0.7406 0.0000
vt 0.8750 0.0081 0.0000
vt 0.8750 0.0094 0.0000
vt 0.6059 0.0063 0.0000
vt 0.3942 0.0063 0.0000
vt 0.6059 0.0062 0.0000
vt 0.3941 0.0063 0.0000
vt 0.6058 0.7443 0.0000
vt 0.3942 0.7443 0.0000
vt 0.6058 0.7442 0.0000
vt 0.3942 0.7442 0.0000
vt 0.2915 -0.0000 0.0000
vt 0.4345 0.7500 0.0000
vt 0.4305 0.7500 0.0000
vt 0.3863 0.5339 0.0000
vt 0.3034 -0.0000 0.0000
vt 0.5656 0.7500 0.0000
vt 0.5696 0.7500 0.0000
vt 0.7087 -0.0000 0.0000
vt 0.6155 0.0016 0.0000
vt 0.6969 0.0000 0.0000
vt 0.3750 0.2500 0.0000
vt 0.3821 0.2588 0.0000
vt 0.6250 0.2500 0.0000
vt 0.6174 0.2588 0.0000
vt 0.3750 0.4731 0.0000
vt 0.2703 0.1453 0.0000
vt 0.2635 0.1385 0.0000
vt 0.2709 0.3719 0.0000
vt 0.3750 0.4594 0.0000
vt 0.8750 0.2500 0.0000
vt 0.6119 0.5036 0.0000
vt 0.6250 0.5000 0.0000
vt 0.6154 0.4917 0.0000
vt 0.1250 0.0000 0.0000
vt 0.3842 0.7493 0.0000
vt 0.3750 0.7500 0.0000
vt 0.3843 0.7646 0.0000
vt 0.7975 0.2203 0.0000
vt 0.6250 0.7500 0.0000
vt 0.8750 0.0000 0.0000
vt 0.6393 0.6962 0.0000
vt 0.3869 0.0948 0.0000
vt 0.3806 0.0441 0.0000
vt 0.3432 -0.0025 0.0000
vt 0.3365 -0.0044 0.0000
vt 0.6188 0.0057 0.0000
vt 0.6129 0.0053 0.0000
vt 0.6628 0.0052 0.0000
vt 0.6565 0.0054 0.0000
vt 0.3750 0.7260 0.0000
vt 0.3750 0.7261 0.0000
vt 0.4610 1.0053 0.0000
vt 0.4550 0.9837 0.0000
vt 0.1370 0.0120 0.0000
vt 0.8750 0.0096 0.0000
vt 0.8750 0.0095 0.0000
vt 1.0301 -0.4553 0.0000
vt 0.6250 0.7405 0.0000
vt 0.9845 -0.3240 0.0000
vt 0.6250 0.7404 0.0000
vt 0.3818 0.0063 0.0000
vt 0.3828 0.0077 0.0000
vt 0.3632 0.0077 0.0000
vt 0.3568 0.0070 0.0000
vt 0.1292 0.0042 0.0000
vt 0.3750 0.7277 0.0000
vt 0.3752 0.7334 0.0000
vt 0.3750 0.7417 0.0000
vt 0.3750 0.7416 0.0000
vt 1.0988 -0.6545 0.0000
vt 0.6250 0.7420 0.0000
vt 0.8750 0.0080 0.0000
vt 0.8750 0.0079 0.0000
vt 0.6250 0.7421 0.0000
vt 1.0982 -0.6527 0.0000
vt 0.6176 0.0062 0.0000
vt 0.6182 0.0061 0.0000
vt 0.6435 0.0063 0.0000
vt 0.6373 0.0063 0.0000
vt 0.3907 0.8119 0.0000
vt 0.3907 0.9383 0.0000
vt 0.4069 0.8241 0.0000
vt 0.3859 0.7760 0.0000
vt 0.3824 0.7500 0.0000
vt 0.4169 0.7500 0.0000
vt 0.2508 -0.0000 0.0000
vt 0.3133 0.0002 0.0000
vt 0.1869 0.0002 0.0000
vt 0.1471 -0.0000 0.0000
vt 0.3665 0.0120 0.0000
vt 0.6334 0.0002 0.0000
vt 0.6093 0.0002 0.0000
vt 0.3907 0.0002 0.0000
vt 0.7038 -0.0000 0.0000
vt 0.2965 -0.0000 0.0000
vt 0.4322 0.7500 0.0000
vt 0.6092 0.9379 0.0000
vt 0.5679 0.7500 0.0000
vt 0.3001 0.0128 0.0000
vt 0.3526 -0.0428 0.0000
vt 0.3131 0.0050 0.0000
vt 0.3918 0.3497 0.0000
vt 0.3942 0.0705 0.0000
vt 0.3907 0.0050 0.0000
vt 0.7495 -0.0000 0.0000
vt 0.8529 -0.0000 0.0000
vt 0.8131 0.0002 0.0000
vt 0.6871 0.0002 0.0000
vt 0.5933 0.8243 0.0000
vt 0.6145 0.7745 0.0000
vt 0.6176 0.7500 0.0000
vt 0.5832 0.7500 0.0000
vt 0.6092 0.8121 0.0000
vt 0.6120 0.0024 0.0000
vt 0.6053 0.0052 0.0000
vt 0.6093 0.0050 0.0000
vt 0.6477 0.0048 0.0000
vt 0.7014 0.0013 0.0000
vt 0.6869 0.0050 0.0000
vt 0.3907 0.0056 0.0000
vt 0.3907 0.2498 0.0000
vt 0.3805 0.2504 0.0000
vt 0.3830 0.0114 0.0000
vt 0.3683 0.2502 0.0000
vt 0.3656 -0.0009 0.0000
vt 0.3477 0.2498 0.0000
vt 0.3477 0.0056 0.0000
vt 0.3902 0.2627 0.0000
vt 0.6098 0.2627 0.0000
vt 0.6093 0.2772 0.0000
vt 0.3907 0.2773 0.0000
vt 0.6096 0.2531 0.0000
vt 0.3903 0.2531 0.0000
vt 0.6093 0.2498 0.0000
vt 0.3705 0.2455 0.0000
vt 0.2963 0.1713 0.0000
vt 0.1523 0.2498 0.0000
vt 0.3750 0.2590 0.0000
vt 0.3816 0.2667 0.0000
vt 0.3796 0.4333 0.0000
vt 0.3750 0.4074 0.0000
vt 0.3908 0.4726 0.0000
vt 0.6313 0.2482 0.0000
vt 0.6344 0.0054 0.0000
vt 0.6523 0.0056 0.0000
vt 0.6523 0.2498 0.0000
vt 0.6193 0.2482 0.0000
vt 0.6170 0.0053 0.0000
vt 0.6093 0.0056 0.0000
vt 0.6184 0.2693 0.0000
vt 0.6184 0.4807 0.0000
vt 0.6093 0.4727 0.0000
vt 0.6250 0.2635 0.0000
vt 0.6250 0.4865 0.0000
vt 0.8477 0.2498 0.0000
vt 0.8615 0.2500 0.0000
vt 0.6385 0.2500 0.0000
vt 0.1524 0.0056 0.0000
vt 0.2451 0.1908 0.0000
vt 0.2056 0.1561 0.0000
vt 0.2866 0.1616 0.0000
vt 0.1853 0.0603 0.0000
vt 0.3750 0.6294 0.0000
vt 0.3750 0.4267 0.0000
vt 0.3907 0.5002 0.0000
vt 0.3907 0.7444 0.0000
vt 0.3881 0.4919 0.0000
vt 0.6092 0.4969 0.0000
vt 0.6093 0.5002 0.0000
vt 0.6093 0.4873 0.0000
vt 0.3813 0.4746 0.0000
vt 0.6093 0.7444 0.0000
vt 0.6154 0.5023 0.0000
vt 0.6361 0.6567 0.0000
vt 0.6250 0.6616 0.0000
vt 0.6250 0.5013 0.0000
vt 0.8477 0.0056 0.0000
vt 0.8750 0.0884 0.0000
vt 0.8750 0.2487 0.0000
vt 0.3827 0.7496 0.0000
vt 0.3771 0.7424 0.0000
vt 0.3907 0.7451 0.0000
vt 0.3907 0.7498 0.0000
vt 0.3750 0.7483 0.0000
vt 0.3750 0.7444 0.0000
vt 0.1875 0.0050 0.0000
vt 0.1278 0.0028 0.0000
vt 0.1258 0.0008 0.0000
vt 0.3907 0.7789 0.0000
vt 0.6123 0.7706 0.0000
vt 0.3907 0.7574 0.0000
vt 0.6118 0.7503 0.0000
vt 0.6093 0.7498 0.0000
vt 0.8750 0.0013 0.0000
vt 0.8750 0.0044 0.0000
vt 0.8126 0.0050 0.0000
vt 0.6250 0.7487 0.0000
vt 0.7175 0.4571 0.0000
vt 0.8240 0.1459 0.0000
vt 0.6250 0.7456 0.0000
vt 0.6093 0.7451 0.0000
vt 0.3907 0.0051 0.0000
vt 0.6094 0.0051 0.0000
vt 0.6094 0.0052 0.0000
vt 0.3907 0.0052 0.0000
vt 0.3641 -0.0082 0.0000
vt 0.3360 0.0054 0.0000
vt 0.3131 0.0052 0.0000
vt 0.3555 -0.0401 0.0000
vt 0.3934 0.0553 0.0000
vt 0.3854 0.0195 0.0000
vt 0.3907 0.0054 0.0000
vt 0.1864 0.0050 0.0000
vt 0.3131 0.0051 0.0000
vt 0.1815 0.0051 0.0000
vt 0.1704 0.0052 0.0000
vt 0.6869 0.0051 0.0000
vt 0.8184 0.0051 0.0000
vt 0.8296 0.0052 0.0000
vt 0.6869 0.0052 0.0000
vt 0.8136 0.0050 0.0000
vt 0.6062 0.0053 0.0000
vt 0.6145 0.0054 0.0000
vt 0.6094 0.0054 0.0000
vt 0.6447 0.0049 0.0000
vt 0.6360 0.0054 0.0000
vt 0.6640 0.0054 0.0000
vt 0.3906 0.7446 0.0000
vt 0.3906 0.7428 0.0000
vt 0.6106 0.7407 0.0000
vt 0.6093 0.7446 0.0000
vt 0.6098 0.7429 0.0000
vt 0.3906 0.7437 0.0000
vt 0.1680 0.0408 0.0000
vt 0.1521 0.0029 0.0000
vt 0.1571 0.0054 0.0000
vt 0.1811 0.0561 0.0000
vt 0.1360 0.0110 0.0000
vt 0.3907 0.7449 0.0000
vt 0.3750 0.7280 0.0000
vt 0.3750 0.6379 0.0000
vt 0.1508 0.0055 0.0000
vt 0.3436 0.0056 0.0000
vt 0.3404 0.0055 0.0000
vt 0.1527 0.0052 0.0000
vt 0.8476 0.0058 0.0000
vt 0.6598 0.0055 0.0000
vt 0.8428 0.0054 0.0000
vt 0.8495 0.0058 0.0000
vt 0.6561 0.0056 0.0000
vt 0.6407 0.6720 0.0000
vt 0.6093 0.7449 0.0000
vt 0.6344 0.6562 0.0000
vt 0.6250 0.6697 0.0000
vt 0.8750 0.0803 0.0000
vt 0.3907 0.0055 0.0000
vt 0.6094 0.0055 0.0000
vt 0.3906 0.7449 0.0000
vt 0.6102 0.7424 0.0000
vt 0.3906 0.7447 0.0000
vt 0.6118 0.7376 0.0000
vt 0.2729 -0.0000 0.0000
vt 0.4278 0.7500 0.0000
vt 0.4243 0.7500 0.0000
vt 0.3887 0.5150 0.0000
vt 0.2834 -0.0000 0.0000
vt 0.5723 0.7500 0.0000
vt 0.5758 0.7500 0.0000
vt 0.7274 -0.0000 0.0000
vt 0.6131 0.0016 0.0000
vt 0.7169 0.0000 0.0000
vt 0.3808 0.2571 0.0000
vt 0.6188 0.2572 0.0000
vt 0.3750 0.4250 0.0000
vt 0.2918 0.1668 0.0000
vt 0.2875 0.1625 0.0000
vt 0.2703 0.3641 0.0000
vt 0.3750 0.4164 0.0000
vt 0.6152 0.5001 0.0000
vt 0.6173 0.4926 0.0000
vt 0.3836 0.7529 0.0000
vt 0.3829 0.7655 0.0000
vt 0.6884 0.5432 0.0000
vt 0.6264 0.7387 0.0000
vt 0.3944 0.0637 0.0000
vt 0.3940 0.0579 0.0000
vt 0.3549 -0.0424 0.0000
vt 0.3538 -0.0439 0.0000
vt 0.6056 0.0053 0.0000
vt 0.6052 0.0052 0.0000
vt 0.6465 0.0049 0.0000
vt 0.6454 0.0049 0.0000
vt 0.3750 0.6304 0.0000
vt 0.3750 0.6333 0.0000
vt 0.2122 0.1938 0.0000
vt 0.1834 0.0584 0.0000
vt 0.2292 0.2423 0.0000
vt 0.1848 0.0598 0.0000
vt 0.8750 0.0875 0.0000
vt 0.8750 0.0847 0.0000
vt 0.8017 0.2103 0.0000
vt 0.6250 0.6653 0.0000
vt 0.6811 0.5354 0.0000
vt 0.6250 0.6625 0.0000
vt 0.3849 0.0171 0.0000
vt 0.3839 0.0138 0.0000
vt 0.3653 -0.0031 0.0000
vt 0.3647 -0.0060 0.0000
vt 0.1339 0.0089 0.0000
vt 0.3750 0.7322 0.0000
vt 0.3765 0.7413 0.0000
vt 0.3750 0.7438 0.0000
vt 0.1281 0.0031 0.0000
vt 0.7953 0.2253 0.0000
vt 0.6250 0.7434 0.0000
vt 0.8750 0.0066 0.0000
vt 0.8750 0.0049 0.0000
vt 0.6250 0.7451 0.0000
vt 0.8575 0.0472 0.0000
vt 0.6161 0.0053 0.0000
vt 0.6151 0.0054 0.0000
vt 0.6354 0.0054 0.0000
vt 0.6348 0.0054 0.0000
# 500 texture coords

o BookShelf_BehindBars
g BookShelf_BehindBars
usemtl wire_177028149
s 1
f 2785/1344/1778 2786/1345/1779 2787/1346/1780 2788/1347/1781 
f 2789/1348/1782 2790/1349/1783 2787/1346/1780 2786/1345/1779 
f 2791/1350/1784 2792/1351/1785 2790/1352/1783 2789/1353/1782 
f 2793/1354/1786 2794/1355/1787 2795/1356/1788 2796/1357/1789 
f 2794/1355/1787 2797/1358/1790 2798/1359/1791 2795/1356/1788 
f 2797/1360/1790 2799/1361/1792 2788/1347/1781 2798/1362/1791 
f 2800/1363/1793 2792/1351/1785 2801/1364/1794 2802/1365/1795 
f 2802/1365/1795 2803/1366/1796 2804/1367/1797 2800/1363/1793 
f 2803/1366/1798 2805/1368/1799 2796/1357/1789 2804/1367/1800 
f 2806/1369/1801 2807/1370/1802 2808/1371/1803 2809/1372/1804 
f 2810/1373/1805 2811/1374/1806 2807/1375/1806 2806/1376/1807 
f 2810/1373/1808 2812/1377/1809 2799/1361/1792 2811/1374/1810 
f 2793/1354/1786 2813/1378/1811 2814/1379/1812 2815/1380/1813 
f 2816/1381/1814 2817/1382/1815 2815/1380/1816 2814/1379/1817 
f 2816/1381/1814 2818/1383/1818 2808/1371/1803 2817/1382/1815 
f 2819/1384/1819 2820/1385/1820 2821/1386/1821 2822/1387/1822 
f 2822/1387/1823 2823/1388/1824 2824/1389/1825 2819/1384/1825 
f 2824/1389/1826 2823/1388/1824 2825/1390/1827 2826/1391/1828 
f 2827/1392/1829 2828/1393/1830 2829/1394/1831 2830/1395/1832 
f 2828/1393/1833 2831/1396/1834 2832/1397/1835 2829/1394/1836 
f 2831/1396/1834 2833/1398/1837 2820/1385/1820 2832/1397/1835 
f 2826/1391/1828 2834/1399/1838 2835/1400/1839 2836/1401/1840 
f 2836/1402/1841 2835/1403/1842 2837/1404/1842 2838/1405/1841 
f 2837/1404/1843 2839/1406/1844 2830/1395/1832 2838/1405/1845 
f 2840/1407/1846 2841/1408/1847 2842/1409/1848 2843/1410/1849 
f 2841/1408/1847 2844/1411/1850 2845/1412/1851 2842/1409/1848 
f 2844/1411/1852 2846/1413/1853 2833/1398/1837 2845/1412/1854 
f 2847/1414/1855 2848/1415/1856 2849/1416/1857 2827/1392/1829 
f 2849/1416/1857 2848/1415/1856 2850/1417/1858 2851/1418/1859 
f 2851/1419/1859 2850/1420/1858 2852/1421/1860 2843/1410/1849 
f 2853/1422/1861 2854/1423/1862 2855/1424/1863 2834/1399/1838 
f 2854/1423/1862 2856/1425/1864 2857/1426/1865 2855/1424/1863 
f 2856/1427/1866 2858/1428/1867 2859/1429/1868 2857/1430/1869 
f 2860/1431/1870 2861/1432/1871 2862/1433/1872 2859/1429/1868 
f 2861/1432/1873 2863/1434/1874 2864/1435/1875 2862/1433/1876 
f 2863/1434/1874 2847/1414/1855 2839/1406/1844 2864/1435/1875 
f 2865/1436/1877 2866/1437/1878 2867/1438/1879 2860/1431/1870 
f 2866/1437/1880 2868/1439/1881 2869/1440/1882 2867/1438/1883 
f 2868/1441/1881 2870/1442/1884 2852/1421/1860 2869/1443/1882 
f 2871/1444/1885 2872/1445/1886 2873/1446/1887 2874/1447/1888 
f 2872/1445/1886 2875/1448/1889 2876/1449/1890 2873/1446/1887 
f 2875/1450/1889 2877/1451/1891 2791/1350/1784 2876/1452/1890 
f 2812/1377/1809 2878/1453/1892 2879/1454/1893 2785/1344/1778 
f 2878/1453/1892 2880/1455/1894 2881/1456/1895 2879/1454/1893 
f 2880/1455/1896 2882/1457/1897 2874/1447/1888 2881/1456/1898 
f 2809/1372/1804 2883/1458/1899 2884/1459/1900 2885/1460/1901 
f 2884/1461/1900 2886/1462/1902 2887/1463/1903 2885/1464/1901 
f 2886/1462/1902 2888/1465/1904 2882/1457/1897 2887/1463/1903 
f 2889/1466/1905 2890/1467/1906 2891/1468/1907 2892/1469/1908 
f 2892/1469/1908 2893/1378/1909 2894/1470/1910 2889/1466/1905 
f 2894/1470/1910 2893/1378/1909 2813/1378/1811 2805/1368/1799 
f 2895/1471/1911 2896/1472/1912 2897/1473/1913 2898/1474/1914 
f 2897/1473/1913 2896/1472/1912 2899/1475/1915 2900/1476/1916 
f 2901/1477/1917 2890/1467/1906 2900/1476/1916 2899/1475/1918 
f 2801/1364/1794 2877/1451/1891 2902/1478/1919 2903/1479/1920 
f 2902/1478/1919 2904/1480/1921 2905/1481/1922 2903/1479/1920 
f 2906/1482/1923 2898/1474/1914 2905/1481/1922 2904/1480/1921 
f 2907/1483/1924 2908/1484/1925 2909/1485/1926 2910/1486/1927 
f 2908/1484/1925 2911/1487/1928 2912/1488/1929 2909/1485/1926 
f 2911/1487/1928 2883/1458/1899 2818/1383/1818 2912/1488/1929 
f 2913/1489/1930 2914/1490/1931 2891/1468/1907 2915/1491/1932 
f 2914/1490/1931 2913/1489/1933 2916/1492/1934 2917/1493/1935 
f 2917/1493/1935 2916/1492/1934 2918/1494/1936 2910/1486/1927 
f 2919/1495/1885 2920/1496/1937 2921/1497/1938 2922/1498/1939 
f 2921/1497/1938 2923/1436/1938 2924/1428/1939 2922/1498/1939 
f 2865/1436/1877 2858/1428/1867 2924/1428/1939 2923/1436/1938 
f 2925/1499/1940 2906/1482/1923 2926/1500/1941 2927/1501/1942 
f 2926/1500/1941 2928/1502/1943 2929/1503/1944 2927/1501/1945 
f 2928/1504/1943 2930/1505/1939 2919/1495/1885 2929/1506/1944 
f 2825/1390/1827 2931/1507/1946 2932/1508/1947 2853/1422/1861 
f 2931/1507/1946 2933/1509/1948 2934/1510/1949 2932/1508/1947 
f 2933/1509/1948 2895/1471/1911 2925/1499/1940 2934/1510/1949 
f 2918/1494/1936 2935/1511/1950 2936/1512/1951 2937/1513/1952 
f 2935/1511/1950 2938/1514/1953 2939/1515/1954 2936/1512/1951 
f 2939/1515/1954 2938/1514/1953 2840/1407/1846 2870/1442/1884 
f 2940/1516/1955 2941/1517/1956 2920/1496/1937 2942/1518/1904 
f 2940/1516/1955 2943/1519/1957 2944/1520/1958 2941/1517/1956 
f 2943/1521/1959 2907/1483/1924 2937/1513/1952 2944/1522/1960 
f 2945/1523/1961 2946/1524/1962 2821/1386/1821 2846/1413/1853 
f 2945/1523/1961 2947/1525/1963 2948/1526/1964 2946/1524/1962 
f 2915/1491/1932 2901/1477/1917 2948/1526/1964 2947/1525/1963 
f 2888/1465/1904 2949/1527/1904 2950/1528/1965 2871/1444/1885 
f 2950/1528/1965 2949/1527/1904 2951/1529/1938 2952/1530/1939 
f 2952/1530/1939 2951/1529/1938 2942/1518/1904 2930/1505/1939 
f 2796/1357/1789 2805/1368/1799 2813/1378/1811 2793/1354/1786 
f 2839/1406/1844 2847/1414/1855 2827/1392/1829 2830/1395/1832 
f 2871/1444/1885 2874/1447/1888 2882/1457/1897 2888/1465/1904 
f 2788/1347/1781 2799/1361/1792 2812/1377/1809 2785/1344/1778 
f 2883/1458/1899 2809/1372/1804 2808/1371/1803 2818/1383/1818 
f 2791/1350/1784 2877/1451/1891 2801/1364/1794 2792/1351/1785 
f 2906/1482/1923 2925/1499/1940 2895/1471/1911 2898/1474/1914 
f 2919/1495/1885 2930/1505/1939 2942/1518/1904 2920/1496/1937 
f 2907/1483/1924 2910/1486/1927 2918/1494/1936 2937/1513/1952 
f 2890/1467/1906 2901/1477/1917 2915/1491/1932 2891/1468/1907 
f 2853/1422/1861 2834/1399/1838 2826/1391/1828 2825/1390/1827 
f 2859/1429/1868 2858/1428/1867 2865/1436/1877 2860/1431/1870 
f 2852/1421/1860 2870/1442/1884 2840/1407/1846 2843/1410/1849 
f 2821/1386/1821 2820/1385/1820 2833/1398/1837 2846/1413/1853 
f 2792/1351/1785 2800/1363/1793 2953/1531/1966 2790/1352/1783 
f 2954/1532/1967 2787/1346/1780 2790/1349/1783 2953/1533/1968 
f 2787/1346/1780 2954/1532/1969 2798/1362/1791 2788/1347/1781 
f 2955/1534/1970 2795/1356/1788 2798/1359/1791 2954/1535/1967 
f 2795/1356/1788 2955/1534/1971 2804/1367/1800 2796/1357/1789 
f 2953/1531/1968 2800/1363/1793 2804/1367/1797 2955/1534/1970 
f 2953/1531/1968 2955/1534/1970 2954/1535/1967 
f 2797/1360/1790 2956/1536/1972 2811/1374/1810 2799/1361/1792 
f 2957/1537/1973 2807/1375/1806 2811/1374/1806 2956/1536/1974 
f 2807/1370/1802 2957/1538/1975 2817/1382/1815 2808/1371/1803 
f 2958/1539/1976 2815/1380/1816 2817/1382/1815 2957/1538/1973 
f 2793/1354/1786 2815/1380/1813 2958/1539/1977 2794/1355/1787 
f 2956/1540/1974 2797/1358/1790 2794/1355/1787 2958/1539/1976 
f 2956/1540/1974 2958/1539/1976 2957/1538/1973 
f 2826/1391/1828 2836/1401/1840 2959/1541/1978 2824/1389/1826 
f 2960/1541/1979 2819/1384/1825 2824/1389/1825 2959/1541/1980 
f 2819/1384/1819 2960/1541/1981 2832/1397/1835 2820/1385/1820 
f 2961/1542/1982 2829/1394/1836 2832/1397/1835 2960/1541/1979 
f 2829/1394/1831 2961/1542/1983 2838/1405/1845 2830/1395/1832 
f 2959/1541/1980 2836/1402/1841 2838/1405/1841 2961/1542/1982 
f 2959/1541/1980 2961/1542/1982 2960/1541/1979 
f 2831/1396/1834 2962/1543/1984 2845/1412/1854 2833/1398/1837 
f 2963/1543/1985 2842/1409/1848 2845/1412/1851 2962/1543/1986 
f 2843/1410/1849 2842/1409/1848 2963/1543/1987 2851/1419/1859 
f 2964/1544/1988 2849/1416/1857 2851/1418/1859 2963/1543/1985 
f 2849/1416/1857 2964/1544/1989 2828/1393/1830 2827/1392/1829 
f 2962/1543/1986 2831/1396/1834 2828/1393/1833 2964/1544/1988 
f 2962/1543/1986 2964/1544/1988 2963/1543/1985 
f 2862/1433/1872 2965/1545/1990 2857/1430/1869 2859/1429/1868 
f 2966/1546/1991 2855/1424/1863 2857/1426/1865 2965/1547/1992 
f 2855/1424/1863 2966/1546/1993 2835/1400/1839 2834/1399/1838 
f 2967/1548/1994 2837/1404/1842 2835/1403/1842 2966/1549/1991 
f 2839/1406/1844 2837/1404/1843 2967/1548/1995 2864/1435/1875 
f 2965/1545/1992 2862/1433/1876 2864/1435/1875 2967/1548/1994 
f 2965/1545/1992 2967/1548/1994 2966/1549/1991 
f 2850/1420/1858 2968/1550/1996 2869/1443/1882 2852/1421/1860 
f 2969/1551/1997 2867/1438/1883 2869/1440/1882 2968/1552/1998 
f 2867/1438/1879 2969/1551/1999 2861/1432/1871 2860/1431/1870 
f 2970/1553/2000 2863/1434/1874 2861/1432/1873 2969/1551/1997 
f 2847/1414/1855 2863/1434/1874 2970/1553/2001 2848/1415/1856 
f 2968/1552/1998 2850/1417/1858 2848/1415/1856 2970/1553/2000 
f 2968/1552/1998 2970/1553/2000 2969/1551/1997 
f 2789/1353/1782 2971/1554/2002 2876/1452/1890 2791/1350/1784 
f 2972/1555/2003 2873/1446/1887 2876/1449/1890 2971/1556/2004 
f 2873/1446/1887 2972/1555/2005 2881/1456/1898 2874/1447/1888 
f 2973/1557/2006 2879/1454/1893 2881/1456/1895 2972/1555/2003 
f 2785/1344/1778 2879/1454/1893 2973/1557/2007 2786/1345/1779 
f 2971/1556/2004 2789/1348/1782 2786/1345/1779 2973/1557/2006 
f 2971/1556/2004 2973/1557/2006 2972/1555/2003 
f 2882/1457/1897 2880/1455/1896 2974/1558/2008 2887/1463/1903 
f 2975/1559/2009 2885/1464/1901 2887/1463/1903 2974/1558/2010 
f 2885/1460/1901 2975/1560/2011 2806/1369/1801 2809/1372/1804 
f 2976/1561/2012 2810/1373/1805 2806/1376/1807 2975/1559/2009 
f 2810/1373/1808 2976/1561/2013 2878/1453/1892 2812/1377/1809 
f 2974/1558/2010 2880/1455/1894 2878/1453/1892 2976/1561/2012 
f 2974/1558/2010 2976/1561/2012 2975/1559/2009 
f 2803/1366/1798 2977/1562/2014 2894/1470/1910 2805/1368/1799 
f 2978/1563/2015 2889/1466/1905 2894/1470/1910 2977/1562/2014 
f 2890/1467/1906 2889/1466/1905 2978/1563/2015 2900/1476/1916 
f 2979/1564/2016 2897/1473/1913 2900/1476/1916 2978/1563/2015 
f 2897/1473/1913 2979/1564/2016 2905/1481/1922 2898/1474/1914 
f 2980/1565/2017 2903/1479/1920 2905/1481/1922 2979/1564/2016 
f 2903/1479/1920 2980/1565/2017 2802/1365/1795 2801/1364/1794 
f 2977/1562/2018 2803/1366/1796 2802/1365/1795 2980/1565/2017 
f 2980/1565/2017 2979/1564/2016 2978/1563/2015 2977/1562/2018 
f 2914/1490/1931 2981/1566/2019 2892/1469/1908 2891/1468/1907 
f 2982/1567/2020 2893/1378/1909 2892/1469/1908 2981/1566/2019 
f 2813/1378/1811 2893/1378/1909 2982/1567/2020 2814/1379/1812 
f 2983/1568/2021 2816/1381/1814 2814/1379/1817 2982/1567/2022 
f 2816/1381/1814 2983/1568/2021 2912/1488/1929 2818/1383/1818 
f 2984/1569/2023 2909/1485/1926 2912/1488/1929 2983/1568/2021 
f 2909/1485/1926 2984/1569/2023 2917/1493/1935 2910/1486/1927 
f 2981/1566/2019 2914/1490/1931 2917/1493/1935 2984/1569/2023 
f 2981/1566/2019 2984/1569/2023 2983/1568/2021 2982/1567/2022 
f 2856/1427/1866 2985/1570/2024 2924/1428/1939 2858/1428/1867 
f 2924/1428/1939 2985/1570/2024 2986/1571/2025 2922/1498/1939 
f 2922/1498/1939 2986/1571/2025 2929/1506/1944 2919/1495/1885 
f 2987/1572/2026 2927/1501/1945 2929/1503/1944 2986/1503/2025 
f 2927/1501/1942 2987/1572/2027 2934/1510/1949 2925/1499/1940 
f 2932/1508/1947 2934/1510/1949 2987/1572/2027 2988/1573/2028 
f 2854/1423/1862 2853/1422/1861 2932/1508/1947 2988/1573/2028 
f 2854/1423/1862 2988/1573/2028 2985/1574/2024 2856/1425/1864 
f 2988/1573/2028 2987/1572/2026 2986/1503/2025 2985/1574/2024 
f 2870/1442/1884 2868/1441/1881 2989/1575/2029 2939/1515/1954 
f 2990/1576/2030 2936/1512/1951 2939/1515/1954 2989/1575/2029 
f 2937/1513/1952 2936/1512/1951 2990/1576/2030 2944/1522/1960 
f 2991/1577/2031 2941/1517/1956 2944/1520/1958 2990/1578/2030 
f 2941/1517/1956 2991/1577/2031 2921/1497/1938 2920/1496/1937 
f 2992/1579/2032 2923/1436/1938 2921/1497/1938 2991/1577/2031 
f 2923/1436/1938 2992/1579/2032 2866/1437/1878 2865/1436/1877 
f 2989/1580/2029 2868/1439/1881 2866/1437/1880 2992/1579/2032 
f 2992/1579/2032 2991/1577/2031 2990/1578/2030 2989/1580/2029 
f 2948/1526/1964 2901/1477/1917 2899/1475/1918 2993/1581/2033 
f 2994/1582/2034 2946/1524/1962 2948/1526/1964 2993/1581/2033 
f 2821/1386/1821 2946/1524/1962 2994/1582/2034 2822/1387/1822 
f 2822/1387/1823 2994/1582/2035 2995/1583/2036 2823/1388/1824 
f 2823/1388/1824 2995/1583/2036 2931/1507/1946 2825/1390/1827 
f 2996/1584/2037 2933/1509/1948 2931/1507/1946 2995/1583/2036 
f 2895/1471/1911 2933/1509/1948 2996/1584/2037 2896/1472/1912 
f 2993/1581/2038 2899/1475/1915 2896/1472/1912 2996/1584/2037 
f 2996/1584/2037 2995/1583/2036 2994/1582/2035 2993/1581/2038 
f 2904/1480/1921 2997/1585/2039 2926/1500/1941 2906/1482/1923 
f 2998/1502/2040 2928/1502/1943 2926/1500/1941 2997/1585/2039 
f 2930/1505/1939 2928/1504/1943 2998/1586/2040 2952/1530/1939 
f 2999/1587/2041 2950/1528/1965 2952/1530/1939 2998/1586/2040 
f 2950/1528/1965 2999/1587/2041 2872/1445/1886 2871/1444/1885 
f 2875/1448/1889 2872/1445/1886 2999/1587/2041 3000/1588/2042 
f 2902/1478/1919 2877/1451/1891 2875/1450/1889 3000/1585/2042 
f 2997/1585/2039 2904/1480/1921 2902/1478/1919 3000/1585/2042 
f 3000/1588/2042 2999/1587/2041 2998/1586/2040 2997/1589/2039 
f 2951/1529/1938 3001/1590/2043 2940/1516/1955 2942/1518/1904 
f 3002/1591/2044 2943/1519/1957 2940/1516/1955 3001/1590/2043 
f 2907/1483/1924 2943/1521/1959 3002/1592/2045 2908/1484/1925 
f 3003/1593/2045 2911/1487/1928 2908/1484/1925 3002/1592/2045 
f 2911/1487/1928 3003/1593/2045 2884/1459/1900 2883/1458/1899 
f 2886/1462/1902 2884/1461/1900 3003/1594/2046 3004/1595/2047 
f 2888/1465/1904 2886/1462/1902 3004/1595/2047 2949/1527/1904 
f 2949/1527/1904 3004/1595/2047 3001/1590/2043 2951/1529/1938 
f 3002/1591/2044 3001/1590/2043 3004/1595/2047 3003/1594/2046 
f 2844/1411/1852 3005/1596/2048 2945/1523/1961 2846/1413/1853 
f 3006/1597/2049 2947/1525/1963 2945/1523/1961 3005/1596/2048 
f 2915/1491/1932 2947/1525/1963 3006/1597/2049 2913/1489/1930 
f 3007/1598/2050 2916/1492/1934 2913/1489/1933 3006/1597/2049 
f 2918/1494/1936 2916/1492/1934 3007/1598/2050 2935/1511/1950 
f 2935/1511/1950 3007/1598/2050 3008/1599/2051 2938/1514/1953 
f 2840/1407/1846 2938/1514/1953 3008/1599/2051 2841/1408/1847 
f 2841/1408/1847 3008/1599/2051 3005/1596/2048 2844/1411/1850 
f 3005/1596/2048 3008/1599/2051 3007/1598/2050 3006/1597/2049 
s 31
f 3009/1600/2052 3010/1601/2053 3011/1602/2054 3012/1603/2055 
f 3013/1604/2056 3012/1603/2055 3011/1602/2054 3014/1605/2057 
f 3014/1606/2057 3015/1607/2058 3016/1608/2059 3013/1609/2056 
f 3017/1610/2060 3018/1611/2061 3019/1612/2062 3020/1613/2063 
f 3021/1614/2064 3018/1611/2065 3017/1610/2066 3022/1615/2067 
f 3022/1616/2067 3010/1601/2053 3023/1617/2068 3021/1618/2064 
f 3024/1619/2069 3025/1620/2070 3026/1621/2071 3015/1607/2058 
f 3024/1619/2072 3027/1622/2073 3028/1623/2074 3025/1620/2075 
f 3020/1613/2063 3029/1624/2076 3028/1623/2074 3027/1622/2073 
f 3030/1625/2077 3031/1626/2078 3032/1627/2079 3033/1628/2080 
f 3034/1629/2081 3035/1630/2082 3031/1631/2083 3030/1632/2081 
f 3034/1629/2084 3023/1617/2068 3036/1633/2085 3035/1630/2086 
f 3037/1634/2087 3038/1635/2088 3039/1636/2089 3019/1612/2062 
f 3040/1637/2090 3038/1635/2088 3037/1634/2091 3041/1638/2092 
f 3040/1637/2090 3041/1638/2092 3033/1628/2080 3042/1639/2093 
f 3043/1640/2094 3044/1641/2095 3045/1642/2096 3046/1643/2097 
f 3047/1644/2098 3048/1645/2099 3046/1643/2097 3045/1642/2096 
f 3048/1645/2099 3047/1644/2100 3049/1646/2101 3050/1647/2102 
f 3051/1648/2103 3052/1649/2104 3053/1650/2105 3054/1651/2106 
f 3055/1652/2107 3052/1649/2108 3051/1648/2109 3056/1653/2110 
f 3056/1653/2110 3044/1641/2095 3057/1654/2111 3055/1652/2107 
f 3058/1655/2112 3059/1656/2113 3060/1657/2114 3049/1646/2101 
f 3058/1658/2115 3061/1659/2115 3062/1660/2116 3059/1661/2117 
f 3054/1651/2106 3063/1662/2118 3062/1660/2119 3061/1659/2120 
f 3064/1663/2121 3065/1664/2122 3066/1665/2123 3067/1666/2124 
f 3065/1664/2122 3064/1663/2121 3068/1667/2125 3069/1668/2126 
f 3070/1669/2127 3069/1668/2126 3068/1667/2128 3057/1654/2111 
f 3071/1670/2129 3072/1671/2130 3073/1672/2131 3053/1650/2105 
f 3071/1670/2129 3074/1673/2132 3075/1674/2133 3072/1671/2130 
f 3067/1666/2124 3076/1675/2134 3075/1676/2133 3074/1677/2132 
f 3077/1678/2135 3060/1657/2114 3078/1679/2136 3079/1680/2137 
f 3080/1681/2138 3081/1682/2139 3079/1680/2137 3078/1679/2136 
f 3081/1683/2140 3080/1684/2141 3082/1685/2142 3083/1686/2143 
f 3084/1687/2144 3085/1688/2145 3086/1689/2146 3082/1685/2142 
f 3087/1690/2147 3085/1688/2148 3084/1687/2149 3088/1691/2150 
f 3063/1662/2118 3073/1672/2131 3087/1690/2147 3088/1691/2150 
f 3089/1692/2151 3086/1689/2146 3090/1693/2152 3091/1694/2153 
f 3092/1695/2154 3091/1694/2155 3090/1693/2156 3093/1696/2157 
f 3076/1675/2134 3094/1697/2158 3092/1698/2154 3093/1699/2157 
f 3095/1700/2159 3096/1701/2160 3097/1702/2161 3098/1703/2162 
f 3096/1701/2163 3095/1700/2164 3099/1704/2165 3100/1705/2166 
f 3016/1608/2059 3101/1706/2167 3100/1707/2166 3099/1708/2165 
f 3102/1709/2168 3103/1710/2169 3036/1633/2085 3009/1600/2052 
f 3103/1710/2169 3102/1709/2168 3104/1711/2170 3105/1712/2171 
f 3098/1703/2162 3106/1713/2172 3105/1712/2173 3104/1711/2174 
f 3107/1714/2175 3108/1715/2176 3109/1716/2177 3032/1627/2079 
f 3107/1717/2175 3110/1718/2178 3111/1719/2179 3108/1720/2176 
f 3112/1721/2180 3111/1719/2181 3110/1718/2182 3106/1713/2172 
f 3113/1722/2183 3114/1723/2127 3115/1724/2184 3116/1725/2094 
f 3114/1723/2127 3113/1722/2183 3117/1624/2185 3118/1636/2186 
f 3118/1636/2186 3117/1624/2185 3029/1624/2076 3039/1636/2089 
f 3119/1726/2187 3120/1727/2188 3121/1728/2189 3122/1729/2190 
f 3123/1730/2191 3124/1731/2192 3119/1726/2187 3122/1729/2190 
f 3124/1731/2192 3123/1730/2191 3116/1725/2094 3125/1732/2183 
f 3026/1621/2071 3126/1621/2193 3127/1733/2194 3101/1706/2167 
f 3126/1621/2193 3128/1734/2195 3129/1735/2196 3127/1733/2194 
f 3121/1728/2189 3130/1736/2197 3129/1735/2196 3128/1734/2195 
f 3131/1737/2198 3132/1738/2199 3133/1739/2200 3134/1740/2201 
f 3131/1737/2198 3135/1639/2202 3136/1741/2203 3132/1738/2199 
f 3135/1639/2202 3042/1639/2093 3109/1716/2177 3136/1741/2203 
f 3137/1742/2204 3138/1743/2205 3139/1744/2184 3115/1724/2184 
f 3138/1743/2206 3137/1742/2204 3140/1745/2207 3141/1746/2208 
f 3134/1740/2201 3142/1747/2209 3141/1746/2208 3140/1745/2207 
f 3143/1748/2210 3144/1749/2211 3145/1750/2212 3146/1751/2213 
f 3147/1752/2214 3145/1750/2212 3144/1749/2211 3148/1753/2215 
f 3147/1752/2214 3148/1753/2215 3083/1686/2143 3089/1692/2151 
f 3149/1754/2216 3150/1755/2217 3130/1736/2197 3151/1756/2218 
f 3152/1757/2219 3153/1758/2220 3150/1755/2217 3149/1754/2216 
f 3154/1759/2221 3153/1760/2220 3152/1761/2222 3143/1748/2210 
f 3155/1762/2223 3156/1763/2224 3050/1647/2102 3077/1678/2135 
f 3157/1764/2225 3156/1763/2224 3155/1762/2223 3158/1765/2226 
f 3151/1756/2218 3120/1727/2188 3157/1764/2225 3158/1765/2226 
f 3159/1766/2227 3160/1767/2228 3142/1747/2209 3161/1768/2229 
f 3159/1766/2227 3162/1769/2230 3163/1770/2231 3160/1767/2228 
f 3163/1770/2231 3162/1769/2230 3094/1697/2158 3066/1665/2123 
f 3164/1771/2232 3165/1772/2233 3146/1751/2213 3166/1773/2234 
f 3167/1439/2235 3164/1771/2232 3166/1773/2236 3168/1774/2237 
f 3161/1768/2229 3133/1739/2200 3167/1441/2235 3168/1775/2237 
f 3169/1669/2238 3070/1669/2127 3043/1640/2094 3170/1640/2185 
f 3171/1776/2185 3172/1777/2186 3169/1669/2238 3170/1640/2185 
f 3139/1744/2184 3172/1777/2186 3171/1776/2185 3125/1732/2183 
f 3173/1778/2239 3174/1779/2240 3112/1721/2180 3097/1702/2161 
f 3174/1779/2240 3173/1778/2239 3175/1780/2241 3176/1781/2242 
f 3154/1759/2221 3165/1772/2233 3176/1781/2242 3175/1780/2241 
f 3020/1613/2063 3019/1612/2062 3039/1636/2089 3029/1624/2076 
f 3053/1650/2105 3073/1672/2131 3063/1662/2118 3054/1651/2106 
f 3106/1713/2172 3098/1703/2162 3097/1702/2161 3112/1721/2180 
f 3010/1601/2053 3009/1600/2052 3036/1633/2085 3023/1617/2068 
f 3109/1716/2177 3042/1639/2093 3033/1628/2080 3032/1627/2079 
f 3016/1608/2059 3015/1607/2058 3026/1621/2071 3101/1706/2167 
f 3121/1728/2189 3120/1727/2188 3151/1756/2218 3130/1736/2197 
f 3154/1759/2221 3143/1748/2210 3146/1751/2213 3165/1772/2233 
f 3161/1768/2229 3142/1747/2209 3134/1740/2201 3133/1739/2200 
f 3125/1732/2183 3116/1725/2094 3115/1724/2184 3139/1744/2184 
f 3049/1646/2101 3060/1657/2114 3077/1678/2135 3050/1647/2102 
f 3083/1686/2143 3082/1685/2142 3086/1689/2146 3089/1692/2151 
f 3067/1666/2124 3066/1665/2123 3094/1697/2158 3076/1675/2134 
f 3044/1641/2095 3043/1640/2094 3070/1669/2127 3057/1654/2111 
f 3015/1607/2058 3014/1606/2057 3177/1782/2243 3024/1619/2069 
f 3011/1602/2054 3178/1783/2244 3177/1784/2245 3014/1605/2057 
f 3178/1783/2246 3011/1602/2054 3010/1601/2053 3022/1616/2067 
f 3017/1610/2066 3179/1785/2247 3178/1786/2244 3022/1615/2067 
f 3017/1610/2060 3020/1613/2063 3027/1622/2073 3179/1785/2248 
f 3024/1619/2072 3177/1782/2245 3179/1785/2247 3027/1622/2073 
f 3177/1782/2245 3178/1786/2244 3179/1785/2247 
f 3180/1787/2249 3021/1618/2064 3023/1617/2068 3034/1629/2084 
f 3034/1629/2081 3030/1632/2081 3181/1788/2250 3180/1787/2251 
f 3030/1625/2077 3033/1628/2080 3041/1638/2092 3181/1789/2252 
f 3181/1789/2250 3041/1638/2092 3037/1634/2091 3182/1790/2253 
f 3018/1611/2061 3182/1790/2254 3037/1634/2087 3019/1612/2062 
f 3018/1611/2065 3021/1614/2064 3180/1791/2251 3182/1790/2253 
f 3180/1791/2251 3181/1789/2250 3182/1790/2253 
f 3058/1655/2112 3049/1646/2101 3047/1644/2100 3183/1541/2255 
f 3047/1644/2098 3045/1642/2096 3184/1541/2256 3183/1541/2257 
f 3184/1541/2258 3045/1642/2096 3044/1641/2095 3056/1653/2110 
f 3184/1541/2256 3056/1653/2110 3051/1648/2109 3185/1792/2259 
f 3051/1648/2103 3054/1651/2106 3061/1659/2120 3185/1792/2260 
f 3061/1659/2115 3058/1658/2115 3183/1541/2257 3185/1792/2259 
f 3183/1541/2257 3184/1541/2256 3185/1792/2259 
f 3068/1667/2128 3186/1543/2261 3055/1652/2107 3057/1654/2111 
f 3068/1667/2125 3064/1663/2121 3187/1543/2262 3186/1543/2263 
f 3064/1663/2121 3067/1666/2124 3074/1677/2132 3187/1543/2264 
f 3187/1543/2262 3074/1673/2132 3071/1670/2129 3188/1793/2265 
f 3052/1649/2104 3188/1793/2266 3071/1670/2129 3053/1650/2105 
f 3188/1793/2265 3052/1649/2108 3055/1652/2107 3186/1543/2263 
f 3186/1543/2263 3187/1543/2262 3188/1793/2265 
f 3080/1684/2141 3189/1794/2267 3084/1687/2144 3082/1685/2142 
f 3080/1681/2138 3078/1679/2136 3190/1795/2268 3189/1796/2269 
f 3078/1679/2136 3060/1657/2114 3059/1656/2113 3190/1795/2270 
f 3062/1660/2116 3191/1797/2271 3190/1798/2268 3059/1661/2117 
f 3191/1797/2272 3062/1660/2119 3063/1662/2118 3088/1691/2150 
f 3189/1794/2269 3191/1797/2271 3088/1691/2150 3084/1687/2149 
f 3189/1794/2269 3190/1798/2268 3191/1797/2271 
f 3076/1675/2134 3093/1699/2157 3192/1550/2273 3075/1676/2133 
f 3093/1696/2157 3090/1693/2156 3193/1799/2274 3192/1552/2275 
f 3090/1693/2152 3086/1689/2146 3085/1688/2145 3193/1799/2276 
f 3193/1799/2274 3085/1688/2148 3087/1690/2147 3194/1800/2277 
f 3087/1690/2147 3073/1672/2131 3072/1671/2130 3194/1800/2278 
f 3194/1800/2277 3072/1671/2130 3075/1674/2133 3192/1552/2275 
f 3192/1552/2275 3193/1799/2274 3194/1800/2277 
f 3016/1608/2059 3099/1708/2165 3195/1554/2279 3013/1609/2056 
f 3195/1556/2280 3099/1704/2165 3095/1700/2164 3196/1801/2281 
f 3104/1711/2174 3196/1801/2282 3095/1700/2159 3098/1703/2162 
f 3104/1711/2170 3102/1709/2168 3197/1802/2283 3196/1801/2281 
f 3102/1709/2168 3009/1600/2052 3012/1603/2055 3197/1802/2284 
f 3013/1604/2056 3195/1556/2280 3197/1802/2283 3012/1603/2055 
f 3195/1556/2280 3196/1801/2281 3197/1802/2283 
f 3105/1712/2173 3106/1713/2172 3110/1718/2182 3198/1803/2285 
f 3110/1718/2178 3107/1717/2175 3199/1559/2286 3198/1803/2287 
f 3107/1714/2175 3032/1627/2079 3031/1626/2078 3199/1560/2288 
f 3031/1631/2083 3035/1630/2082 3200/1804/2289 3199/1559/2286 
f 3035/1630/2086 3036/1633/2085 3103/1710/2169 3200/1804/2290 
f 3103/1710/2169 3105/1712/2171 3198/1803/2287 3200/1804/2289 
f 3198/1803/2287 3199/1559/2286 3200/1804/2289 
f 3028/1623/2074 3029/1624/2076 3117/1624/2185 3201/1805/2291 
f 3201/1805/2291 3117/1624/2185 3113/1722/2183 3202/1806/2292 
f 3202/1806/2292 3113/1722/2183 3116/1725/2094 3123/1730/2191 
f 3202/1806/2292 3123/1730/2191 3122/1729/2190 3203/1807/2293 
f 3203/1807/2293 3122/1729/2190 3121/1728/2189 3128/1734/2195 
f 3128/1734/2195 3126/1621/2193 3204/1808/2294 3203/1807/2293 
f 3126/1621/2193 3026/1621/2071 3025/1620/2070 3204/1808/2294 
f 3025/1620/2075 3028/1623/2074 3201/1805/2291 3204/1808/2294 
f 3202/1806/2292 3203/1807/2293 3204/1808/2294 3201/1805/2291 
f 3114/1723/2127 3205/1809/2295 3137/1742/2204 3115/1724/2184 
f 3114/1723/2127 3118/1636/2186 3206/1810/2296 3205/1809/2295 
f 3118/1636/2186 3039/1636/2089 3038/1635/2088 3206/1810/2296 
f 3038/1635/2088 3040/1637/2090 3207/1811/2297 3206/1810/2296 
f 3207/1811/2298 3040/1637/2090 3042/1639/2093 3135/1639/2202 
f 3131/1737/2198 3208/1812/2299 3207/1811/2298 3135/1639/2202 
f 3208/1812/2299 3131/1737/2198 3134/1740/2201 3140/1745/2207 
f 3137/1742/2204 3205/1809/2295 3208/1812/2300 3140/1745/2207 
f 3206/1810/2296 3207/1811/2297 3208/1812/2300 3205/1809/2295 
f 3081/1683/2140 3083/1686/2143 3148/1753/2215 3209/1813/2301 
f 3148/1753/2215 3144/1749/2211 3210/1814/2302 3209/1813/2301 
f 3144/1749/2211 3143/1748/2210 3152/1761/2222 3210/1814/2302 
f 3152/1757/2219 3149/1754/2216 3211/1815/2303 3210/1816/2304 
f 3149/1754/2216 3151/1756/2218 3158/1765/2226 3211/1815/2303 
f 3158/1765/2226 3155/1762/2223 3212/1817/2305 3211/1815/2303 
f 3079/1680/2137 3212/1817/2305 3155/1762/2223 3077/1678/2135 
f 3081/1682/2139 3209/1818/2306 3212/1817/2305 3079/1680/2137 
f 3209/1818/2306 3210/1816/2304 3211/1815/2303 3212/1817/2305 
f 3092/1698/2154 3094/1697/2158 3162/1769/2230 3213/1819/2307 
f 3213/1819/2307 3162/1769/2230 3159/1766/2227 3214/1820/2308 
f 3214/1820/2308 3159/1766/2227 3161/1768/2229 3168/1775/2237 
f 3168/1774/2237 3166/1773/2236 3215/1821/2309 3214/1822/2308 
f 3215/1821/2310 3166/1773/2234 3146/1751/2213 3145/1750/2212 
f 3215/1821/2310 3145/1750/2212 3147/1752/2214 3216/1823/2311 
f 3216/1823/2311 3147/1752/2214 3089/1692/2151 3091/1694/2153 
f 3091/1694/2155 3092/1695/2154 3213/1824/2307 3216/1823/2312 
f 3214/1822/2308 3215/1821/2309 3216/1823/2312 3213/1824/2307 
f 3217/1825/2313 3124/1731/2192 3125/1732/2183 3171/1776/2185 
f 3171/1776/2185 3170/1640/2185 3218/1826/2314 3217/1825/2313 
f 3170/1640/2185 3043/1640/2094 3046/1643/2097 3218/1826/2314 
f 3046/1643/2097 3048/1645/2099 3219/1827/2315 3218/1826/2316 
f 3048/1645/2099 3050/1647/2102 3156/1763/2224 3219/1827/2315 
f 3219/1827/2315 3156/1763/2224 3157/1764/2225 3220/1828/2317 
f 3119/1726/2187 3220/1828/2317 3157/1764/2225 3120/1727/2188 
f 3119/1726/2187 3124/1731/2192 3217/1825/2313 3220/1828/2318 
f 3218/1826/2316 3219/1827/2315 3220/1828/2318 3217/1825/2313 
f 3129/1735/2196 3130/1736/2197 3150/1755/2217 3221/1585/2319 
f 3150/1755/2217 3153/1758/2220 3222/1829/2320 3221/1585/2319 
f 3222/1830/2320 3153/1760/2220 3154/1759/2221 3175/1780/2241 
f 3175/1780/2241 3173/1778/2239 3223/1831/2321 3222/1830/2320 
f 3173/1778/2239 3097/1702/2161 3096/1701/2160 3223/1831/2321 
f 3223/1831/2322 3096/1701/2163 3100/1705/2166 3224/1832/2323 
f 3224/1833/2323 3100/1707/2166 3101/1706/2167 3127/1733/2194 
f 3224/1833/2323 3127/1733/2194 3129/1735/2196 3221/1585/2319 
f 3222/1830/2320 3223/1831/2322 3224/1832/2323 3221/1589/2319 
f 3176/1781/2242 3165/1772/2233 3164/1771/2232 3225/1834/2324 
f 3167/1439/2235 3226/1835/2325 3225/1834/2324 3164/1771/2232 
f 3226/1836/2325 3167/1441/2235 3133/1739/2200 3132/1738/2199 
f 3226/1836/2325 3132/1738/2199 3136/1741/2203 3227/1837/2326 
f 3136/1741/2203 3109/1716/2177 3108/1715/2176 3227/1837/2326 
f 3227/1838/2326 3108/1720/2176 3111/1719/2179 3228/1839/2327 
f 3111/1719/2181 3112/1721/2180 3174/1779/2240 3228/1839/2328 
f 3174/1779/2240 3176/1781/2242 3225/1834/2324 3228/1839/2328 
f 3226/1835/2325 3227/1838/2326 3228/1839/2327 3225/1834/2324 
f 3229/1840/2329 3069/1668/2126 3070/1669/2127 3169/1669/2238 
f 3229/1840/2329 3169/1669/2238 3172/1777/2186 3230/1841/2329 
f 3172/1777/2186 3139/1744/2184 3138/1743/2205 3230/1841/2329 
f 3231/1842/2330 3230/1841/2329 3138/1743/2206 3141/1746/2208 
f 3231/1842/2330 3141/1746/2208 3142/1747/2209 3160/1767/2228 
f 3231/1842/2330 3160/1767/2228 3163/1770/2231 3232/1843/2331 
f 3163/1770/2231 3066/1665/2123 3065/1664/2122 3232/1843/2331 
f 3065/1664/2122 3069/1668/2126 3229/1840/2329 3232/1843/2332 
f 3232/1843/2332 3229/1840/2329 3230/1841/2329 3231/1842/2330 
s 58
f 3233/1346/2333 3234/1345/2334 3235/1344/2335 3236/1347/2336 
f 3237/1348/2337 3234/1345/2334 3233/1346/2333 3238/1349/2338 
f 3237/1353/2337 3238/1352/2338 3239/1351/2339 3240/1350/2340 
f 3241/1356/2341 3242/1355/2342 3243/1354/2343 3244/1357/2344 
f 3245/1359/2345 3246/1358/2346 3242/1355/2342 3241/1356/2341 
f 3246/1360/2346 3245/1362/2345 3236/1347/2336 3247/1361/2347 
f 3248/1364/2348 3239/1351/2339 3249/1363/2349 3250/1365/2350 
f 3251/1367/2351 3252/1366/2352 3250/1365/2350 3249/1363/2349 
f 3244/1357/2344 3253/1368/2353 3252/1366/2354 3251/1367/2355 
f 3254/1372/2356 3255/1371/2357 3256/1370/2358 3257/1369/2359 
f 3258/1374/2360 3259/1373/2361 3257/1376/2362 3256/1375/2360 
f 3260/1377/2363 3259/1373/2364 3258/1374/2365 3247/1361/2347 
f 3261/1378/2366 3243/1354/2343 3262/1380/2367 3263/1379/2368 
f 3264/1382/2369 3265/1381/2370 3263/1379/2371 3262/1380/2372 
f 3255/1371/2357 3266/1383/2373 3265/1381/2370 3264/1382/2369 
f 3267/1386/2374 3268/1385/2375 3269/1384/2376 3270/1387/2377 
f 3271/1389/2378 3272/1388/2379 3270/1387/2380 3269/1384/2378 
f 3273/1391/2381 3274/1390/2382 3272/1388/2379 3271/1389/2383 
f 3275/1392/2384 3276/1395/2385 3277/1394/2386 3278/1393/2387 
f 3279/1397/2388 3280/1396/2389 3278/1393/2390 3277/1394/2391 
f 3281/1398/2392 3280/1396/2389 3279/1397/2388 3268/1385/2375 
f 3282/1399/2393 3273/1391/2381 3283/1401/2394 3284/1400/2395 
f 3285/1405/2396 3286/1404/2397 3284/1403/2397 3283/1402/2396 
f 3285/1405/2398 3276/1395/2385 3287/1406/2399 3286/1404/2400 
f 3288/1407/2401 3289/1410/2402 3290/1409/2403 3291/1408/2404 
f 3292/1412/2405 3293/1411/2406 3291/1408/2404 3290/1409/2403 
f 3293/1411/2407 3292/1412/2408 3281/1398/2392 3294/1413/2409 
f 3295/1414/2410 3275/1392/2384 3296/1416/2411 3297/1415/2412 
f 3298/1418/2413 3299/1417/2414 3297/1415/2412 3296/1416/2411 
f 3289/1410/2402 3300/1421/2415 3299/1420/2414 3298/1419/2413 
f 3282/1399/2393 3301/1424/2416 3302/1423/2417 3303/1422/2418 
f 3304/1425/2419 3302/1423/2417 3301/1424/2416 3305/1426/2420 
f 3305/1430/2421 3306/1429/2422 3307/1428/2423 3304/1427/2424 
f 3306/1429/2422 3308/1433/2425 3309/1432/2426 3310/1431/2427 
f 3311/1435/2428 3312/1434/2429 3309/1432/2430 3308/1433/2431 
f 3295/1414/2410 3312/1434/2429 3311/1435/2428 3287/1406/2399 
f 3313/1438/2432 3314/1437/2433 3315/1436/2434 3310/1431/2427 
f 3316/1440/2435 3317/1439/2436 3314/1437/2437 3313/1438/2438 
f 3317/1441/2436 3316/1443/2435 3300/1421/2415 3318/1442/2439 
f 3319/1446/2440 3320/1445/2441 3321/1444/2442 3322/1447/2443 
f 3320/1445/2441 3319/1446/2440 3323/1449/2444 3324/1448/2445 
f 3240/1350/2340 3325/1451/2446 3324/1450/2445 3323/1452/2444 
f 3326/1454/2447 3327/1453/2448 3260/1377/2363 3235/1344/2335 
f 3326/1454/2447 3328/1456/2449 3329/1455/2450 3327/1453/2448 
f 3330/1457/2451 3329/1455/2452 3328/1456/2453 3322/1447/2443 
f 3331/1460/2454 3332/1459/2455 3333/1458/2456 3254/1372/2356 
f 3334/1463/2457 3335/1462/2458 3332/1461/2455 3331/1464/2454 
f 3335/1462/2458 3334/1463/2457 3330/1457/2451 3336/1465/2459 
f 3337/1466/2460 3338/1469/2461 3339/1468/2462 3340/1467/2463 
f 3341/1470/2464 3342/1378/2465 3338/1469/2461 3337/1466/2460 
f 3261/1378/2366 3342/1378/2465 3341/1470/2464 3253/1368/2353 
f 3343/1471/2466 3344/1474/2467 3345/1473/2468 3346/1472/2469 
f 3346/1472/2469 3345/1473/2468 3347/1476/2470 3348/1475/2471 
f 3340/1467/2463 3349/1477/2472 3348/1475/2473 3347/1476/2470 
f 3325/1451/2446 3248/1364/2348 3350/1479/2474 3351/1478/2475 
f 3352/1481/2476 3353/1480/2477 3351/1478/2475 3350/1479/2474 
f 3344/1474/2467 3354/1482/2478 3353/1480/2477 3352/1481/2476 
f 3355/1483/2479 3356/1486/2480 3357/1485/2481 3358/1484/2482 
f 3359/1488/2483 3360/1487/2484 3358/1484/2482 3357/1485/2481 
f 3266/1383/2373 3333/1458/2456 3360/1487/2484 3359/1488/2483 
f 3361/1491/2485 3339/1468/2462 3362/1490/2486 3363/1489/2487 
f 3364/1493/2488 3365/1492/2489 3363/1489/2490 3362/1490/2486 
f 3365/1492/2489 3364/1493/2488 3356/1486/2480 3366/1494/2491 
f 3367/1497/2459 3368/1496/2492 3369/1495/2442 3370/1498/2493 
f 3371/1428/2493 3372/1436/2494 3367/1497/2459 3370/1498/2493 
f 3315/1436/2434 3372/1436/2494 3371/1428/2493 3307/1428/2423 
f 3373/1500/2495 3354/1482/2478 3374/1499/2496 3375/1501/2497 
f 3376/1503/2498 3377/1502/2499 3373/1500/2495 3375/1501/2500 
f 3369/1495/2442 3378/1505/2493 3377/1504/2499 3376/1506/2498 
f 3274/1390/2382 3303/1422/2418 3379/1508/2501 3380/1507/2502 
f 3381/1510/2503 3382/1509/2504 3380/1507/2502 3379/1508/2501 
f 3343/1471/2466 3382/1509/2504 3381/1510/2503 3374/1499/2496 
f 3383/1511/2505 3366/1494/2491 3384/1513/2506 3385/1512/2507 
f 3383/1511/2505 3385/1512/2507 3386/1515/2508 3387/1514/2509 
f 3386/1515/2508 3318/1442/2439 3288/1407/2401 3387/1514/2509 
f 3388/1518/2459 3368/1496/2492 3389/1517/2510 3390/1516/2511 
f 3391/1520/2512 3392/1519/2513 3390/1516/2511 3389/1517/2510 
f 3392/1521/2514 3391/1522/2514 3384/1513/2506 3355/1483/2479 
f 3294/1413/2409 3267/1386/2374 3393/1524/2515 3394/1523/2516 
f 3395/1526/2517 3396/1525/2518 3394/1523/2516 3393/1524/2515 
f 3396/1525/2518 3395/1526/2517 3349/1477/2472 3361/1491/2485 
f 3397/1528/2493 3398/1527/2459 3336/1465/2459 3321/1444/2442 
f 3399/1530/2493 3400/1529/2494 3398/1527/2459 3397/1528/2493 
f 3378/1505/2493 3388/1518/2459 3400/1529/2494 3399/1530/2493 
f 3243/1354/2343 3261/1378/2366 3253/1368/2353 3244/1357/2344 
f 3295/1414/2410 3287/1406/2399 3276/1395/2385 3275/1392/2384 
f 3322/1447/2443 3321/1444/2442 3336/1465/2459 3330/1457/2451 
f 3235/1344/2335 3260/1377/2363 3247/1361/2347 3236/1347/2336 
f 3266/1383/2373 3255/1371/2357 3254/1372/2356 3333/1458/2456 
f 3248/1364/2348 3325/1451/2446 3240/1350/2340 3239/1351/2339 
f 3374/1499/2496 3354/1482/2478 3344/1474/2467 3343/1471/2466 
f 3378/1505/2493 3369/1495/2442 3368/1496/2492 3388/1518/2459 
f 3366/1494/2491 3356/1486/2480 3355/1483/2479 3384/1513/2506 
f 3361/1491/2485 3349/1477/2472 3340/1467/2463 3339/1468/2462 
f 3274/1390/2382 3273/1391/2381 3282/1399/2393 3303/1422/2418 
f 3310/1431/2427 3315/1436/2434 3307/1428/2423 3306/1429/2422 
f 3300/1421/2415 3289/1410/2402 3288/1407/2401 3318/1442/2439 
f 3281/1398/2392 3268/1385/2375 3267/1386/2374 3294/1413/2409 
f 3238/1352/2338 3401/1531/2519 3249/1363/2349 3239/1351/2339 
f 3238/1349/2338 3233/1346/2333 3402/1532/2520 3401/1533/2521 
f 3233/1346/2333 3236/1347/2336 3245/1362/2345 3402/1532/2522 
f 3245/1359/2345 3241/1356/2341 3403/1534/2523 3402/1535/2520 
f 3241/1356/2341 3244/1357/2344 3251/1367/2355 3403/1534/2524 
f 3251/1367/2351 3249/1363/2349 3401/1531/2521 3403/1534/2523 
f 3401/1531/2521 3402/1535/2520 3403/1534/2523 
f 3246/1360/2346 3247/1361/2347 3258/1374/2365 3404/1536/2525 
f 3404/1536/2526 3258/1374/2360 3256/1375/2360 3405/1537/2527 
f 3256/1370/2358 3255/1371/2357 3264/1382/2369 3405/1538/2528 
f 3405/1538/2527 3264/1382/2369 3262/1380/2372 3406/1539/2529 
f 3242/1355/2342 3406/1539/2530 3262/1380/2367 3243/1354/2343 
f 3242/1355/2342 3246/1358/2346 3404/1540/2526 3406/1539/2529 
f 3404/1540/2526 3405/1538/2527 3406/1539/2529 
f 3271/1389/2383 3407/1541/2531 3283/1401/2394 3273/1391/2381 
f 3407/1541/2532 3271/1389/2378 3269/1384/2378 3408/1541/2533 
f 3279/1397/2388 3408/1541/2534 3269/1384/2376 3268/1385/2375 
f 3279/1397/2388 3277/1394/2391 3409/1542/2535 3408/1541/2533 
f 3285/1405/2398 3409/1542/2536 3277/1394/2386 3276/1395/2385 
f 3285/1405/2396 3283/1402/2396 3407/1541/2532 3409/1542/2535 
f 3407/1541/2532 3408/1541/2533 3409/1542/2535 
f 3292/1412/2408 3410/1543/2537 3280/1396/2389 3281/1398/2392 
f 3290/1409/2403 3411/1543/2538 3410/1543/2539 3292/1412/2405 
f 3298/1419/2413 3411/1543/2540 3290/1409/2403 3289/1410/2402 
f 3411/1543/2538 3298/1418/2413 3296/1416/2411 3412/1544/2541 
f 3278/1393/2387 3412/1544/2542 3296/1416/2411 3275/1392/2384 
f 3278/1393/2390 3280/1396/2389 3410/1543/2539 3412/1544/2541 
f 3410/1543/2539 3411/1543/2538 3412/1544/2541 
f 3413/1545/2543 3308/1433/2425 3306/1429/2422 3305/1430/2421 
f 3305/1426/2420 3301/1424/2416 3414/1546/2544 3413/1547/2545 
f 3414/1546/2546 3301/1424/2416 3282/1399/2393 3284/1400/2395 
f 3415/1548/2547 3414/1549/2544 3284/1403/2397 3286/1404/2397 
f 3415/1548/2548 3286/1404/2400 3287/1406/2399 3311/1435/2428 
f 3413/1545/2545 3415/1548/2547 3311/1435/2428 3308/1433/2431 
f 3413/1545/2545 3414/1549/2544 3415/1548/2547 
f 3416/1550/2549 3299/1420/2414 3300/1421/2415 3316/1443/2435 
f 3316/1440/2435 3313/1438/2438 3417/1551/2550 3416/1552/2551 
f 3417/1551/2552 3313/1438/2432 3310/1431/2427 3309/1432/2426 
f 3309/1432/2430 3312/1434/2429 3418/1553/2553 3417/1551/2550 
f 3312/1434/2429 3295/1414/2410 3297/1415/2412 3418/1553/2554 
f 3418/1553/2553 3297/1415/2412 3299/1417/2414 3416/1552/2551 
f 3416/1552/2551 3417/1551/2550 3418/1553/2553 
f 3419/1554/2555 3237/1353/2337 3240/1350/2340 3323/1452/2444 
f 3323/1449/2444 3319/1446/2440 3420/1555/2556 3419/1556/2557 
f 3319/1446/2440 3322/1447/2443 3328/1456/2453 3420/1555/2558 
f 3328/1456/2449 3326/1454/2447 3421/1557/2559 3420/1555/2556 
f 3234/1345/2334 3421/1557/2560 3326/1454/2447 3235/1344/2335 
f 3234/1345/2334 3237/1348/2337 3419/1556/2557 3421/1557/2559 
f 3419/1556/2557 3420/1555/2556 3421/1557/2559 
f 3329/1455/2452 3330/1457/2451 3334/1463/2457 3422/1558/2561 
f 3334/1463/2457 3331/1464/2454 3423/1559/2562 3422/1558/2563 
f 3423/1560/2564 3331/1460/2454 3254/1372/2356 3257/1369/2359 
f 3259/1373/2361 3424/1561/2565 3423/1559/2562 3257/1376/2362 
f 3259/1373/2364 3260/1377/2363 3327/1453/2448 3424/1561/2566 
f 3329/1455/2450 3422/1558/2563 3424/1561/2565 3327/1453/2448 
f 3422/1558/2563 3423/1559/2562 3424/1561/2565 
f 3341/1470/2464 3425/1562/2567 3252/1366/2354 3253/1368/2353 
f 3341/1470/2464 3337/1466/2460 3426/1563/2568 3425/1562/2567 
f 3337/1466/2460 3340/1467/2463 3347/1476/2470 3426/1563/2568 
f 3347/1476/2470 3345/1473/2468 3427/1564/2569 3426/1563/2568 
f 3352/1481/2476 3427/1564/2569 3345/1473/2468 3344/1474/2467 
f 3427/1564/2569 3352/1481/2476 3350/1479/2474 3428/1565/2570 
f 3350/1479/2474 3248/1364/2348 3250/1365/2350 3428/1565/2570 
f 3250/1365/2350 3252/1366/2352 3425/1562/2571 3428/1565/2570 
f 3425/1562/2571 3426/1563/2568 3427/1564/2569 3428/1565/2570 
f 3429/1566/2572 3362/1490/2486 3339/1468/2462 3338/1469/2461 
f 3338/1469/2461 3342/1378/2465 3430/1567/2573 3429/1566/2572 
f 3263/1379/2368 3430/1567/2573 3342/1378/2465 3261/1378/2366 
f 3263/1379/2371 3265/1381/2370 3431/1568/2574 3430/1567/2575 
f 3265/1381/2370 3266/1383/2373 3359/1488/2483 3431/1568/2574 
f 3359/1488/2483 3357/1485/2481 3432/1569/2576 3431/1568/2574 
f 3357/1485/2481 3356/1486/2480 3364/1493/2488 3432/1569/2576 
f 3364/1493/2488 3362/1490/2486 3429/1566/2572 3432/1569/2576 
f 3430/1567/2575 3431/1568/2574 3432/1569/2576 3429/1566/2572 
f 3433/1570/2577 3304/1427/2424 3307/1428/2423 3371/1428/2493 
f 3371/1428/2493 3370/1498/2493 3434/1571/2578 3433/1570/2577 
f 3434/1571/2578 3370/1498/2493 3369/1495/2442 3376/1506/2498 
f 3376/1503/2498 3375/1501/2500 3435/1572/2579 3434/1503/2578 
f 3375/1501/2497 3374/1499/2496 3381/1510/2503 3435/1572/2580 
f 3381/1510/2503 3379/1508/2501 3436/1573/2581 3435/1572/2580 
f 3379/1508/2501 3303/1422/2418 3302/1423/2417 3436/1573/2581 
f 3302/1423/2417 3304/1425/2419 3433/1574/2577 3436/1573/2581 
f 3436/1573/2581 3433/1574/2577 3434/1503/2578 3435/1572/2579 
f 3318/1442/2439 3386/1515/2508 3437/1575/2582 3317/1441/2436 
f 3437/1575/2582 3386/1515/2508 3385/1512/2507 3438/1576/2583 
f 3385/1512/2507 3384/1513/2506 3391/1522/2514 3438/1576/2583 
f 3438/1578/2583 3391/1520/2512 3389/1517/2510 3439/1577/2584 
f 3367/1497/2459 3439/1577/2584 3389/1517/2510 3368/1496/2492 
f 3367/1497/2459 3372/1436/2494 3440/1579/2585 3439/1577/2584 
f 3372/1436/2494 3315/1436/2434 3314/1437/2433 3440/1579/2585 
f 3314/1437/2437 3317/1439/2436 3437/1580/2582 3440/1579/2585 
f 3437/1580/2582 3438/1578/2583 3439/1577/2584 3440/1579/2585 
f 3395/1526/2517 3441/1581/2586 3348/1475/2473 3349/1477/2472 
f 3395/1526/2517 3393/1524/2515 3442/1582/2587 3441/1581/2586 
f 3270/1387/2377 3442/1582/2587 3393/1524/2515 3267/1386/2374 
f 3442/1582/2588 3270/1387/2380 3272/1388/2379 3443/1583/2589 
f 3380/1507/2502 3443/1583/2589 3272/1388/2379 3274/1390/2382 
f 3380/1507/2502 3382/1509/2504 3444/1584/2590 3443/1583/2589 
f 3444/1584/2590 3382/1509/2504 3343/1471/2466 3346/1472/2469 
f 3348/1475/2471 3441/1581/2591 3444/1584/2590 3346/1472/2469 
f 3442/1582/2588 3443/1583/2589 3444/1584/2590 3441/1581/2591 
f 3353/1480/2477 3354/1482/2478 3373/1500/2495 3445/1585/2592 
f 3445/1585/2592 3373/1500/2495 3377/1502/2499 3446/1502/2593 
f 3377/1504/2499 3378/1505/2493 3399/1530/2493 3446/1586/2593 
f 3399/1530/2493 3397/1528/2493 3447/1587/2594 3446/1586/2593 
f 3397/1528/2493 3321/1444/2442 3320/1445/2441 3447/1587/2594 
f 3447/1587/2594 3320/1445/2441 3324/1448/2445 3448/1588/2595 
f 3351/1478/2475 3448/1585/2595 3324/1450/2445 3325/1451/2446 
f 3448/1585/2595 3351/1478/2475 3353/1480/2477 3445/1585/2592 
f 3448/1588/2595 3445/1589/2592 3446/1586/2593 3447/1587/2594 
f 3449/1590/2596 3400/1529/2494 3388/1518/2459 3390/1516/2511 
f 3390/1516/2511 3392/1519/2513 3450/1591/2597 3449/1590/2596 
f 3355/1483/2479 3358/1484/2482 3450/1592/2598 3392/1521/2514 
f 3358/1484/2482 3360/1487/2484 3451/1593/2598 3450/1592/2598 
f 3360/1487/2484 3333/1458/2456 3332/1459/2455 3451/1593/2598 
f 3451/1594/2599 3332/1461/2455 3335/1462/2458 3452/1595/2600 
f 3335/1462/2458 3336/1465/2459 3398/1527/2459 3452/1595/2600 
f 3398/1527/2459 3400/1529/2494 3449/1590/2596 3452/1595/2600 
f 3449/1590/2596 3450/1591/2597 3451/1594/2599 3452/1595/2600 
f 3293/1411/2407 3294/1413/2409 3394/1523/2516 3453/1596/2601 
f 3396/1525/2518 3454/1597/2602 3453/1596/2601 3394/1523/2516 
f 3396/1525/2518 3361/1491/2485 3363/1489/2487 3454/1597/2602 
f 3363/1489/2490 3365/1492/2489 3455/1598/2603 3454/1597/2602 
f 3365/1492/2489 3366/1494/2491 3383/1511/2505 3455/1598/2603 
f 3383/1511/2505 3387/1514/2509 3456/1599/2604 3455/1598/2603 
f 3456/1599/2604 3387/1514/2509 3288/1407/2401 3291/1408/2404 
f 3293/1411/2406 3453/1596/2601 3456/1599/2604 3291/1408/2404 
f 3454/1597/2602 3455/1598/2603 3456/1599/2604 3453/1596/2601 
s 83
f 3457/1600/2605 3458/1603/2606 3459/1602/2607 3460/1601/2608 
f 3458/1603/2606 3461/1604/2609 3462/1605/2610 3459/1602/2607 
f 3463/1608/2611 3464/1607/2612 3462/1606/2610 3461/1609/2609 
f 3465/1612/2613 3466/1611/2614 3467/1610/2615 3468/1613/2616 
f 3466/1611/2617 3469/1614/2618 3470/1615/2619 3467/1610/2620 
f 3469/1618/2618 3471/1617/2621 3460/1601/2608 3470/1616/2619 
f 3472/1620/2622 3473/1619/2623 3464/1607/2612 3474/1621/2624 
f 3472/1620/2625 3475/1623/2626 3476/1622/2627 3473/1619/2628 
f 3476/1622/2627 3475/1623/2626 3477/1624/2629 3468/1613/2616 
f 3478/1628/2630 3479/1627/2631 3480/1626/2632 3481/1625/2633 
f 3481/1632/2634 3480/1631/2635 3482/1630/2636 3483/1629/2637 
f 3484/1633/2638 3471/1617/2621 3483/1629/2639 3482/1630/2640 
f 3485/1636/2641 3486/1635/2642 3487/1634/2643 3465/1612/2613 
f 3487/1634/2644 3486/1635/2642 3488/1637/2645 3489/1638/2646 
f 3490/1639/2647 3478/1628/2630 3489/1638/2646 3488/1637/2645 
f 3491/1640/2648 3492/1643/2649 3493/1642/2650 3494/1641/2651 
f 3493/1642/2650 3492/1643/2649 3495/1645/2652 3496/1644/2653 
f 3497/1647/2654 3498/1646/2655 3496/1644/2656 3495/1645/2652 
f 3499/1651/2657 3500/1650/2658 3501/1649/2659 3502/1648/2660 
f 3502/1648/2661 3501/1649/2662 3503/1652/2663 3504/1653/2664 
f 3504/1653/2664 3503/1652/2663 3505/1654/2665 3494/1641/2651 
f 3506/1657/2666 3507/1656/2667 3508/1655/2668 3498/1646/2655 
f 3507/1661/2669 3509/1660/2670 3510/1659/2671 3508/1658/2671 
f 3499/1651/2657 3510/1659/2672 3509/1660/2673 3511/1662/2674 
f 3512/1665/2675 3513/1664/2676 3514/1663/2677 3515/1666/2678 
f 3513/1664/2676 3516/1668/2679 3517/1667/2680 3514/1663/2677 
f 3516/1668/2679 3518/1669/2681 3505/1654/2665 3517/1667/2682 
f 3519/1671/2683 3520/1670/2684 3500/1650/2658 3521/1672/2685 
f 3519/1671/2683 3522/1674/2686 3523/1673/2687 3520/1670/2684 
f 3523/1677/2687 3522/1676/2686 3524/1675/2688 3515/1666/2678 
f 3525/1680/2689 3526/1679/2690 3506/1657/2666 3527/1678/2691 
f 3525/1680/2689 3528/1682/2692 3529/1681/2693 3526/1679/2690 
f 3530/1685/2694 3529/1684/2695 3528/1683/2696 3531/1686/2697 
f 3532/1689/2698 3533/1688/2699 3534/1687/2700 3530/1685/2694 
f 3533/1688/2701 3535/1690/2702 3536/1691/2703 3534/1687/2704 
f 3536/1691/2703 3535/1690/2702 3521/1672/2685 3511/1662/2674 
f 3537/1693/2705 3532/1689/2698 3538/1692/2706 3539/1694/2707 
f 3539/1694/2708 3540/1695/2709 3541/1696/2710 3537/1693/2711 
f 3542/1697/2712 3524/1675/2688 3541/1699/2710 3540/1698/2709 
f 3543/1701/2713 3544/1700/2714 3545/1703/2715 3546/1702/2716 
f 3543/1701/2717 3547/1705/2718 3548/1704/2719 3544/1700/2720 
f 3548/1708/2719 3547/1707/2718 3549/1706/2721 3463/1608/2611 
f 3484/1633/2638 3550/1710/2722 3551/1709/2723 3457/1600/2605 
f 3551/1709/2723 3550/1710/2722 3552/1712/2724 3553/1711/2725 
f 3553/1711/2726 3552/1712/2727 3554/1713/2728 3545/1703/2715 
f 3555/1715/2729 3556/1714/2730 3479/1627/2631 3557/1716/2731 
f 3558/1719/2732 3559/1718/2733 3556/1717/2730 3555/1720/2729 
f 3558/1719/2734 3560/1721/2735 3554/1713/2728 3559/1718/2736 
f 3561/1725/2648 3562/1724/2737 3563/1723/2681 3564/1722/2738 
f 3563/1723/2681 3565/1636/2641 3566/1624/2648 3564/1722/2738 
f 3565/1636/2641 3485/1636/2641 3477/1624/2629 3566/1624/2648 
f 3567/1728/2739 3568/1727/2740 3569/1726/2741 3570/1729/2742 
f 3571/1731/2743 3572/1730/2744 3570/1729/2742 3569/1726/2741 
f 3572/1730/2744 3571/1731/2743 3573/1732/2738 3561/1725/2648 
f 3549/1706/2721 3574/1733/2745 3575/1621/2746 3474/1621/2624 
f 3574/1733/2745 3576/1735/2747 3577/1734/2748 3575/1621/2746 
f 3567/1728/2739 3577/1734/2748 3576/1735/2747 3578/1736/2749 
f 3579/1738/2750 3580/1737/2751 3581/1740/2752 3582/1739/2753 
f 3579/1738/2750 3583/1741/2754 3584/1639/2755 3580/1737/2751 
f 3490/1639/2647 3584/1639/2755 3583/1741/2754 3557/1716/2731 
f 3585/1744/2737 3586/1743/2756 3587/1742/2757 3562/1724/2737 
f 3586/1743/2758 3588/1746/2759 3589/1745/2760 3587/1742/2757 
f 3588/1746/2759 3590/1747/2761 3581/1740/2752 3589/1745/2760 
f 3591/1750/2762 3592/1749/2763 3593/1748/2764 3594/1751/2765 
f 3592/1749/2763 3591/1750/2762 3595/1752/2766 3596/1753/2767 
f 3531/1686/2697 3596/1753/2767 3595/1752/2766 3538/1692/2706 
f 3597/1756/2768 3578/1736/2749 3598/1755/2769 3599/1754/2770 
f 3599/1754/2770 3598/1755/2769 3600/1758/2771 3601/1757/2772 
f 3601/1761/2773 3600/1760/2771 3602/1759/2774 3593/1748/2764 
f 3497/1647/2654 3603/1763/2775 3604/1762/2776 3527/1678/2691 
f 3605/1764/2777 3606/1765/2778 3604/1762/2776 3603/1763/2775 
f 3597/1756/2768 3606/1765/2778 3605/1764/2777 3568/1727/2740 
f 3590/1747/2761 3607/1767/2779 3608/1766/2780 3609/1768/2781 
f 3607/1767/2779 3610/1770/2782 3611/1769/2783 3608/1766/2780 
f 3611/1769/2783 3610/1770/2782 3512/1665/2675 3542/1697/2712 
f 3612/1773/2784 3594/1751/2765 3613/1772/2785 3614/1771/2786 
f 3614/1771/2786 3615/1439/2787 3616/1774/2788 3612/1773/2789 
f 3609/1768/2781 3616/1775/2788 3615/1441/2787 3582/1739/2753 
f 3491/1640/2648 3518/1669/2681 3617/1669/2790 3618/1640/2791 
f 3617/1669/2790 3619/1777/2641 3620/1776/2648 3618/1640/2791 
f 3585/1744/2737 3573/1732/2738 3620/1776/2648 3619/1777/2641 
f 3560/1721/2735 3621/1779/2792 3622/1778/2793 3546/1702/2716 
f 3622/1778/2793 3621/1779/2792 3623/1781/2794 3624/1780/2795 
f 3623/1781/2794 3613/1772/2785 3602/1759/2774 3624/1780/2795 
f 3477/1624/2629 3485/1636/2641 3465/1612/2613 3468/1613/2616 
f 3521/1672/2685 3500/1650/2658 3499/1651/2657 3511/1662/2674 
f 3560/1721/2735 3546/1702/2716 3545/1703/2715 3554/1713/2728 
f 3471/1617/2621 3484/1633/2638 3457/1600/2605 3460/1601/2608 
f 3557/1716/2731 3479/1627/2631 3478/1628/2630 3490/1639/2647 
f 3474/1621/2624 3464/1607/2612 3463/1608/2611 3549/1706/2721 
f 3568/1727/2740 3567/1728/2739 3578/1736/2749 3597/1756/2768 
f 3613/1772/2785 3594/1751/2765 3593/1748/2764 3602/1759/2774 
f 3609/1768/2781 3582/1739/2753 3581/1740/2752 3590/1747/2761 
f 3585/1744/2737 3562/1724/2737 3561/1725/2648 3573/1732/2738 
f 3527/1678/2691 3506/1657/2666 3498/1646/2655 3497/1647/2654 
f 3530/1685/2694 3531/1686/2697 3538/1692/2706 3532/1689/2698 
f 3542/1697/2712 3512/1665/2675 3515/1666/2678 3524/1675/2688 
f 3491/1640/2648 3494/1641/2651 3505/1654/2665 3518/1669/2681 
f 3462/1606/2610 3464/1607/2612 3473/1619/2623 3625/1782/2796 
f 3626/1783/2797 3459/1602/2607 3462/1605/2610 3625/1784/2798 
f 3470/1616/2619 3460/1601/2608 3459/1602/2607 3626/1783/2799 
f 3470/1615/2619 3626/1786/2797 3627/1785/2800 3467/1610/2620 
f 3468/1613/2616 3467/1610/2615 3627/1785/2801 3476/1622/2627 
f 3625/1782/2798 3473/1619/2628 3476/1622/2627 3627/1785/2800 
f 3625/1782/2798 3627/1785/2800 3626/1786/2797 
f 3471/1617/2621 3469/1618/2618 3628/1787/2802 3483/1629/2639 
f 3629/1788/2803 3481/1632/2634 3483/1629/2637 3628/1787/2804 
f 3481/1625/2633 3629/1789/2805 3489/1638/2646 3478/1628/2630 
f 3630/1790/2806 3487/1634/2644 3489/1638/2646 3629/1789/2803 
f 3465/1612/2613 3487/1634/2643 3630/1790/2807 3466/1611/2614 
f 3628/1791/2804 3469/1614/2618 3466/1611/2617 3630/1790/2806 
f 3628/1791/2804 3630/1790/2806 3629/1789/2803 
f 3496/1644/2656 3498/1646/2655 3508/1655/2668 3631/1541/2808 
f 3632/1541/2809 3493/1642/2650 3496/1644/2653 3631/1541/2810 
f 3494/1641/2651 3493/1642/2650 3632/1541/2811 3504/1653/2664 
f 3633/1792/2812 3502/1648/2661 3504/1653/2664 3632/1541/2809 
f 3502/1648/2660 3633/1792/2813 3510/1659/2672 3499/1651/2657 
f 3508/1658/2671 3510/1659/2671 3633/1792/2812 3631/1541/2810 
f 3631/1541/2810 3633/1792/2812 3632/1541/2809 
f 3517/1667/2682 3505/1654/2665 3503/1652/2663 3634/1543/2814 
f 3517/1667/2680 3634/1543/2815 3635/1543/2816 3514/1663/2677 
f 3515/1666/2678 3514/1663/2677 3635/1543/2817 3523/1677/2687 
f 3636/1793/2818 3520/1670/2684 3523/1673/2687 3635/1543/2816 
f 3500/1650/2658 3520/1670/2684 3636/1793/2819 3501/1649/2659 
f 3634/1543/2815 3503/1652/2663 3501/1649/2662 3636/1793/2818 
f 3634/1543/2815 3636/1793/2818 3635/1543/2816 
f 3530/1685/2694 3534/1687/2700 3637/1794/2820 3529/1684/2695 
f 3638/1795/2821 3526/1679/2690 3529/1681/2693 3637/1796/2822 
f 3526/1679/2690 3638/1795/2823 3507/1656/2667 3506/1657/2666 
f 3509/1660/2670 3507/1661/2669 3638/1798/2821 3639/1797/2824 
f 3511/1662/2674 3509/1660/2673 3639/1797/2825 3536/1691/2703 
f 3534/1687/2704 3536/1691/2703 3639/1797/2824 3637/1794/2822 
f 3637/1794/2822 3639/1797/2824 3638/1798/2821 
f 3522/1676/2686 3640/1550/2826 3541/1699/2710 3524/1675/2688 
f 3537/1693/2711 3541/1696/2710 3640/1552/2827 3641/1799/2828 
f 3537/1693/2705 3641/1799/2829 3533/1688/2699 3532/1689/2698 
f 3641/1799/2828 3642/1800/2830 3535/1690/2702 3533/1688/2701 
f 3519/1671/2683 3521/1672/2685 3535/1690/2702 3642/1800/2831 
f 3522/1674/2686 3519/1671/2683 3642/1800/2830 3640/1552/2827 
f 3640/1552/2827 3642/1800/2830 3641/1799/2828 
f 3463/1608/2611 3461/1609/2609 3643/1554/2832 3548/1708/2719 
f 3544/1700/2720 3548/1704/2719 3643/1556/2833 3644/1801/2834 
f 3545/1703/2715 3544/1700/2714 3644/1801/2835 3553/1711/2726 
f 3645/1802/2836 3551/1709/2723 3553/1711/2725 3644/1801/2834 
f 3645/1802/2837 3458/1603/2606 3457/1600/2605 3551/1709/2723 
f 3461/1604/2609 3458/1603/2606 3645/1802/2836 3643/1556/2833 
f 3643/1556/2833 3645/1802/2836 3644/1801/2834 
f 3559/1718/2736 3554/1713/2728 3552/1712/2727 3646/1803/2838 
f 3646/1803/2839 3647/1559/2840 3556/1717/2730 3559/1718/2733 
f 3479/1627/2631 3556/1714/2730 3647/1560/2841 3480/1626/2632 
f 3480/1631/2635 3647/1559/2840 3648/1804/2842 3482/1630/2636 
f 3482/1630/2640 3648/1804/2843 3550/1710/2722 3484/1633/2638 
f 3646/1803/2839 3552/1712/2724 3550/1710/2722 3648/1804/2842 
f 3646/1803/2839 3648/1804/2842 3647/1559/2840 
f 3649/1805/2844 3566/1624/2648 3477/1624/2629 3475/1623/2626 
f 3649/1805/2844 3650/1806/2845 3564/1722/2738 3566/1624/2648 
f 3564/1722/2738 3650/1806/2845 3572/1730/2744 3561/1725/2648 
f 3650/1806/2845 3651/1807/2846 3570/1729/2742 3572/1730/2744 
f 3651/1807/2846 3577/1734/2748 3567/1728/2739 3570/1729/2742 
f 3652/1808/2847 3575/1621/2746 3577/1734/2748 3651/1807/2846 
f 3575/1621/2746 3652/1808/2847 3472/1620/2622 3474/1621/2624 
f 3649/1805/2844 3475/1623/2626 3472/1620/2625 3652/1808/2847 
f 3649/1805/2844 3652/1808/2847 3651/1807/2846 3650/1806/2845 
f 3563/1723/2681 3562/1724/2737 3587/1742/2757 3653/1809/2848 
f 3654/1810/2849 3565/1636/2641 3563/1723/2681 3653/1809/2848 
f 3565/1636/2641 3654/1810/2849 3486/1635/2642 3485/1636/2641 
f 3655/1811/2850 3488/1637/2645 3486/1635/2642 3654/1810/2849 
f 3488/1637/2645 3655/1811/2851 3584/1639/2755 3490/1639/2647 
f 3584/1639/2755 3655/1811/2851 3656/1812/2852 3580/1737/2751 
f 3580/1737/2751 3656/1812/2852 3589/1745/2760 3581/1740/2752 
f 3656/1812/2853 3653/1809/2848 3587/1742/2757 3589/1745/2760 
f 3656/1812/2853 3655/1811/2850 3654/1810/2849 3653/1809/2848 
f 3596/1753/2767 3531/1686/2697 3528/1683/2696 3657/1813/2854 
f 3658/1814/2855 3592/1749/2763 3596/1753/2767 3657/1813/2854 
f 3592/1749/2763 3658/1814/2855 3601/1761/2773 3593/1748/2764 
f 3599/1754/2770 3601/1757/2772 3658/1816/2856 3659/1815/2857 
f 3597/1756/2768 3599/1754/2770 3659/1815/2857 3606/1765/2778 
f 3660/1817/2858 3604/1762/2776 3606/1765/2778 3659/1815/2857 
f 3525/1680/2689 3527/1678/2691 3604/1762/2776 3660/1817/2858 
f 3525/1680/2689 3660/1817/2858 3657/1818/2859 3528/1682/2692 
f 3658/1816/2856 3657/1818/2859 3660/1817/2858 3659/1815/2857 
f 3540/1698/2709 3661/1819/2860 3611/1769/2783 3542/1697/2712 
f 3661/1819/2860 3662/1820/2861 3608/1766/2780 3611/1769/2783 
f 3609/1768/2781 3608/1766/2780 3662/1820/2861 3616/1775/2788 
f 3612/1773/2789 3616/1774/2788 3662/1822/2861 3663/1821/2862 
f 3612/1773/2784 3663/1821/2863 3591/1750/2762 3594/1751/2765 
f 3663/1821/2863 3664/1823/2864 3595/1752/2766 3591/1750/2762 
f 3538/1692/2706 3595/1752/2766 3664/1823/2864 3539/1694/2707 
f 3664/1823/2865 3661/1824/2860 3540/1695/2709 3539/1694/2708 
f 3663/1821/2862 3662/1822/2861 3661/1824/2860 3664/1823/2865 
f 3571/1731/2743 3665/1825/2866 3620/1776/2648 3573/1732/2738 
f 3666/1826/2867 3618/1640/2791 3620/1776/2648 3665/1825/2866 
f 3491/1640/2648 3618/1640/2791 3666/1826/2867 3492/1643/2649 
f 3667/1827/2868 3495/1645/2652 3492/1643/2649 3666/1826/2869 
f 3497/1647/2654 3495/1645/2652 3667/1827/2868 3603/1763/2775 
f 3668/1828/2870 3605/1764/2777 3603/1763/2775 3667/1827/2868 
f 3568/1727/2740 3605/1764/2777 3668/1828/2870 3569/1726/2741 
f 3569/1726/2741 3668/1828/2869 3665/1825/2866 3571/1731/2743 
f 3668/1828/2869 3667/1827/2868 3666/1826/2869 3665/1825/2866 
f 3576/1735/2747 3669/1585/2871 3598/1755/2769 3578/1736/2749 
f 3600/1758/2771 3598/1755/2769 3669/1585/2871 3670/1829/2872 
f 3600/1760/2771 3670/1830/2872 3624/1780/2795 3602/1759/2774 
f 3671/1831/2873 3622/1778/2793 3624/1780/2795 3670/1830/2872 
f 3622/1778/2793 3671/1831/2873 3543/1701/2713 3546/1702/2716 
f 3671/1831/2874 3672/1832/2875 3547/1705/2718 3543/1701/2717 
f 3549/1706/2721 3547/1707/2718 3672/1833/2875 3574/1733/2745 
f 3672/1833/2875 3669/1585/2871 3576/1735/2747 3574/1733/2745 
f 3670/1830/2872 3669/1589/2871 3672/1832/2875 3671/1831/2874 
f 3614/1771/2786 3613/1772/2785 3623/1781/2794 3673/1834/2876 
f 3674/1835/2877 3615/1439/2787 3614/1771/2786 3673/1834/2876 
f 3674/1836/2877 3579/1738/2750 3582/1739/2753 3615/1441/2787 
f 3675/1837/2878 3583/1741/2754 3579/1738/2750 3674/1836/2877 
f 3583/1741/2754 3675/1837/2878 3555/1715/2729 3557/1716/2731 
f 3676/1839/2879 3558/1719/2732 3555/1720/2729 3675/1838/2878 
f 3558/1719/2734 3676/1839/2880 3621/1779/2792 3560/1721/2735 
f 3673/1834/2876 3623/1781/2794 3621/1779/2792 3676/1839/2880 
f 3675/1838/2878 3674/1835/2877 3673/1834/2876 3676/1839/2879 
f 3516/1668/2679 3677/1840/2881 3617/1669/2790 3518/1669/2681 
f 3619/1777/2641 3617/1669/2790 3677/1840/2881 3678/1841/2882 
f 3619/1777/2641 3678/1841/2882 3586/1743/2756 3585/1744/2737 
f 3679/1842/2883 3588/1746/2759 3586/1743/2758 3678/1841/2882 
f 3588/1746/2759 3679/1842/2883 3607/1767/2779 3590/1747/2761 
f 3680/1843/2884 3610/1770/2782 3607/1767/2779 3679/1842/2883 
f 3512/1665/2675 3610/1770/2782 3680/1843/2884 3513/1664/2676 
f 3513/1664/2676 3680/1843/2885 3677/1840/2881 3516/1668/2679 
f 3680/1843/2885 3679/1842/2883 3678/1841/2882 3677/1840/2881 
# 872 polygons - 32 triangles

#
# object Shelf6_BookShelf
#

v  134.1520 77.9437 -123.8729
v  134.1520 77.9437 -95.5376
v  134.0506 77.9165 -95.5376
v  134.0506 77.9165 -123.8729
v  134.2263 78.0179 -123.8729
v  134.2263 78.0179 -95.5376
v  134.2534 78.1194 -123.8729
v  134.2535 78.1194 -95.5376
v  134.0506 78.0179 -124.0487
v  46.3684 78.0179 -124.0486
v  46.3684 78.1194 -124.0758
v  134.0506 78.1194 -124.0758
v  134.0506 77.9437 -123.9744
v  46.3684 77.9437 -123.9744
v  46.3684 77.9165 -123.8729
v  134.2263 78.1194 -123.9744
v  134.2263 79.4780 -123.9744
v  134.2534 79.4780 -123.8729
v  134.1520 78.1194 -124.0487
v  134.1520 79.4780 -124.0487
v  134.0506 79.4780 -124.0758
v  46.1927 78.0179 -123.8729
v  46.1927 78.0179 -95.5375
v  46.1655 78.1194 -95.5375
v  46.1655 78.1194 -123.8729
v  46.2670 77.9437 -123.8729
v  46.2670 77.9437 -95.5375
v  46.3684 77.9165 -95.5375
v  46.2670 78.1194 -124.0486
v  46.2670 79.4780 -124.0486
v  46.3684 79.4780 -124.0758
v  46.1927 78.1194 -123.9744
v  46.1927 79.4780 -123.9744
v  46.1655 79.4780 -123.8729
v  134.2263 79.5794 -123.8729
v  134.2263 79.5794 -95.5376
v  134.2535 79.4780 -95.5376
v  134.1520 79.6537 -123.8729
v  134.1520 79.6537 -95.5376
v  134.0506 79.6808 -123.8729
v  134.0506 79.6808 -95.5376
v  134.0506 79.6537 -123.9744
v  46.3684 79.6537 -123.9744
v  46.3684 79.6808 -123.8729
v  134.0506 79.5794 -124.0487
v  46.3684 79.5794 -124.0486
v  46.2670 79.6537 -123.8729
v  46.2670 79.6537 -95.5375
v  46.3684 79.6808 -95.5375
v  46.1927 79.5794 -123.8729
v  46.1927 79.5794 -95.5375
v  46.1655 79.4780 -95.5375
v  134.2263 79.4780 -95.4361
v  134.2263 78.1194 -95.4361
v  134.1520 79.4780 -95.3619
v  134.1520 78.1194 -95.3619
v  134.0506 79.4780 -95.3347
v  134.0506 78.1194 -95.3347
v  134.0506 79.5794 -95.3619
v  46.3684 79.5794 -95.3618
v  46.3684 79.4780 -95.3347
v  134.0506 79.6537 -95.4361
v  46.3684 79.6537 -95.4361
v  46.2670 79.4780 -95.3618
v  46.2670 78.1194 -95.3618
v  46.3684 78.1194 -95.3347
v  46.1927 79.4780 -95.4361
v  46.1927 78.1194 -95.4361
v  134.0506 77.9437 -95.4361
v  46.3684 77.9437 -95.4361
v  134.0506 78.0179 -95.3619
v  46.3684 78.0179 -95.3618
v  134.2110 78.0317 -123.9606
v  134.1382 77.9590 -123.9606
v  134.1382 78.0317 -124.0334
v  46.2808 77.9590 -123.9606
v  46.2080 78.0317 -123.9606
v  46.2808 78.0317 -124.0334
v  134.1382 79.6384 -123.9606
v  134.2110 79.5656 -123.9606
v  134.1382 79.5656 -124.0334
v  46.2080 79.5656 -123.9606
v  46.2808 79.6384 -123.9606
v  46.2808 79.5656 -124.0334
v  134.1382 79.5656 -95.3771
v  134.2110 79.5656 -95.4499
v  134.1382 79.6384 -95.4499
v  46.2080 79.5656 -95.4499
v  46.2808 79.5656 -95.3771
v  46.2808 79.6384 -95.4499
v  134.1382 77.9590 -95.4499
v  134.2110 78.0317 -95.4499
v  134.1382 78.0317 -95.3771
v  46.2080 78.0317 -95.4499
v  46.2808 77.9590 -95.4499
v  46.2808 78.0317 -95.3771
# 96 vertices

vn -0.4994 -0.8664 0.0007
vn -0.4994 -0.8664 -0.0007
vn -0.0003 -1.0000 -0.0010
vn -0.0003 -1.0000 0.0010
vn -0.7071 -0.7071 0.0013
vn -0.7071 -0.7071 -0.0013
vn -0.9998 -0.0186 0.0009
vn -0.9998 -0.0186 -0.0009
vn -0.9659 -0.2588 -0.0002
vn -0.9659 -0.2588 0.0002
vn -0.0002 -0.5002 0.8659
vn 0.0002 -0.5002 0.8659
vn 0.0003 -0.0186 0.9998
vn -0.0003 -0.0186 0.9998
vn -0.0000 -0.7072 0.7071
vn 0.0000 -0.7072 0.7071
vn 0.0003 -1.0000 0.0010
vn 0.0004 -0.9659 0.2588
vn -0.0004 -0.9659 0.2588
vn -0.9662 -0.0141 0.2574
vn -0.9662 0.0141 0.2574
vn -0.9998 0.0186 0.0009
vn -0.4992 -0.0146 0.8663
vn -0.4992 0.0146 0.8663
vn -0.7071 0.0141 0.7070
vn -0.7071 -0.0141 0.7070
vn -0.0003 0.0186 0.9998
vn 0.8657 -0.5005 0.0007
vn 0.8657 -0.5005 -0.0007
vn 0.9998 -0.0186 -0.0009
vn 0.9998 -0.0186 0.0009
vn 0.7071 -0.7071 0.0002
vn 0.7071 -0.7071 -0.0002
vn 0.0003 -1.0000 -0.0010
vn 0.2587 -0.9660 -0.0013
vn 0.2587 -0.9660 0.0013
vn 0.4992 -0.0146 0.8663
vn 0.4992 0.0146 0.8663
vn 0.0003 0.0186 0.9998
vn 0.8663 -0.0146 0.4994
vn 0.8663 0.0146 0.4994
vn 0.9998 0.0186 0.0009
vn -0.9659 0.2588 0.0002
vn -0.9659 0.2588 -0.0002
vn -0.9998 0.0186 -0.0009
vn -0.4994 0.8664 0.0007
vn -0.4994 0.8664 -0.0007
vn -0.7071 0.7071 -0.0013
vn -0.7071 0.7071 0.0013
vn -0.0003 1.0000 0.0010
vn -0.0003 1.0000 -0.0010
vn -0.0004 0.9659 0.2588
vn 0.0004 0.9659 0.2588
vn 0.0003 1.0000 0.0010
vn -0.0002 0.5002 0.8659
vn 0.0002 0.5002 0.8659
vn 0.0000 0.7072 0.7071
vn -0.0000 0.7072 0.7071
vn 0.2587 0.9660 0.0013
vn 0.2587 0.9660 -0.0013
vn 0.0003 1.0000 -0.0010
vn 0.8657 0.5005 0.0007
vn 0.8657 0.5005 -0.0007
vn 0.7071 0.7071 -0.0002
vn 0.7071 0.7071 0.0002
vn 0.9998 0.0186 -0.0009
vn -0.9662 0.0141 -0.2574
vn -0.9662 -0.0141 -0.2574
vn -0.4992 0.0146 -0.8664
vn -0.4992 -0.0146 -0.8664
vn -0.7070 -0.0141 -0.7071
vn -0.7070 0.0141 -0.7071
vn -0.0003 0.0186 -0.9998
vn -0.0003 -0.0186 -0.9998
vn -0.0002 0.5002 -0.8659
vn 0.0002 0.5002 -0.8659
vn 0.0003 0.0186 -0.9998
vn -0.0000 0.7071 -0.7072
vn 0.0000 0.7071 -0.7072
vn 0.0004 0.9659 -0.2588
vn -0.0004 0.9659 -0.2588
vn 0.4992 0.0146 -0.8664
vn 0.4992 -0.0146 -0.8664
vn 0.0003 -0.0186 -0.9998
vn 0.8663 0.0146 -0.4994
vn 0.8663 -0.0146 -0.4994
vn -0.0004 -0.9659 -0.2588
vn 0.0004 -0.9659 -0.2588
vn -0.0002 -0.5002 -0.8659
vn 0.0002 -0.5002 -0.8659
vn 0.0000 -0.7071 -0.7072
vn -0.0000 -0.7071 -0.7072
vn -0.9461 -0.2290 0.2290
vn -0.4778 -0.7273 0.4926
vn -0.6790 -0.4039 0.6131
vn -0.2290 -0.9461 0.2290
vn -0.6384 -0.3743 0.6726
vn -0.2290 -0.2290 0.9461
vn 0.2290 -0.9461 0.2290
vn 0.6789 -0.4039 0.6131
vn 0.4778 -0.7273 0.4926
vn 0.9461 -0.2290 0.2290
vn 0.6383 -0.3743 0.6726
vn 0.2290 -0.2290 0.9461
vn -0.2290 0.9461 0.2290
vn -0.6790 0.4039 0.6131
vn -0.4778 0.7273 0.4926
vn -0.9461 0.2290 0.2290
vn -0.6384 0.3743 0.6726
vn -0.2290 0.2290 0.9461
vn 0.9461 0.2290 0.2290
vn 0.4778 0.7273 0.4926
vn 0.6789 0.4039 0.6131
vn 0.2290 0.9461 0.2290
vn 0.6383 0.3743 0.6726
vn 0.2290 0.2290 0.9461
vn -0.2290 0.2290 -0.9461
vn -0.6789 0.4039 -0.6131
vn -0.6383 0.3743 -0.6726
vn -0.9461 0.2290 -0.2290
vn -0.4778 0.7273 -0.4927
vn -0.2290 0.9461 -0.2290
vn 0.9461 0.2290 -0.2290
vn 0.6383 0.3744 -0.6726
vn 0.6789 0.4040 -0.6131
vn 0.2291 0.2291 -0.9461
vn 0.4778 0.7273 -0.4927
vn 0.2290 0.9461 -0.2290
vn -0.2290 -0.9461 -0.2290
vn -0.6789 -0.4040 -0.6131
vn -0.4778 -0.7273 -0.4927
vn -0.9461 -0.2291 -0.2290
vn -0.6383 -0.3743 -0.6726
vn -0.2291 -0.2290 -0.9461
vn 0.9461 -0.2290 -0.2290
vn 0.4778 -0.7273 -0.4927
vn 0.6789 -0.4040 -0.6131
vn 0.2290 -0.9461 -0.2290
vn 0.6383 -0.3744 -0.6726
vn 0.2291 -0.2291 -0.9461
# 140 vertex normals

vt 0.0111 0.9200 0.0000
vt 0.0083 0.9646 0.0000
vt 0.0023 0.9646 0.0000
vt 0.0052 0.9200 0.0000
vt 0.0029 0.9200 0.0000
vt 0.0000 0.9646 0.0000
vt 0.0169 0.2285 0.0000
vt 0.0184 0.5480 0.0000
vt 0.0153 0.5477 0.0000
vt 0.0140 0.2290 0.0000
vt 0.0592 0.1966 0.0000
vt 0.9453 0.1961 0.0000
vt 0.9615 0.1985 0.0000
vt 0.0427 0.1991 0.0000
vt 0.0825 0.1957 0.0000
vt 0.9221 0.1953 0.0000
vt 0.9977 0.9200 0.0000
vt 0.9549 0.9197 0.0000
vt 0.0480 0.9197 0.0000
vt 0.0155 0.2262 0.0000
vt 0.0376 0.2251 0.0000
vt 0.0362 0.2275 0.0000
vt 0.0419 0.1985 0.0000
vt 0.0406 0.2223 0.0000
vt 0.0391 0.2234 0.0000
vt 0.0406 0.1974 0.0000
vt 0.0413 0.2217 0.0000
vt 0.9894 0.2252 0.0000
vt 0.9907 0.5439 0.0000
vt 0.9878 0.5445 0.0000
vt 0.9863 0.2250 0.0000
vt 0.9917 0.9200 0.0000
vt 0.9889 0.9646 0.0000
vt 0.9971 0.9646 0.0000
vt 1.0000 0.9200 0.0000
vt 0.9948 0.9646 0.0000
vt 0.9623 0.1979 0.0000
vt 0.9609 0.2211 0.0000
vt 0.9602 0.2205 0.0000
vt 0.9637 0.1969 0.0000
vt 0.9622 0.2221 0.0000
vt 0.9653 0.2259 0.0000
vt 0.9637 0.2237 0.0000
vt 0.9879 0.2226 0.0000
vt 0.0392 0.2269 0.0000
vt 0.0426 0.5474 0.0000
vt 0.0394 0.5470 0.0000
vt 0.0408 0.2273 0.0000
vt 0.0443 0.5469 0.0000
vt 0.0412 0.2273 0.0000
vt 0.0447 0.5469 0.0000
vt 0.0419 0.2268 0.0000
vt 0.9593 0.2255 0.0000
vt 0.9600 0.2261 0.0000
vt 0.0421 0.2250 0.0000
vt 0.9591 0.2237 0.0000
vt 0.9604 0.2261 0.0000
vt 0.9639 0.5456 0.0000
vt 0.9635 0.5456 0.0000
vt 0.9621 0.2256 0.0000
vt 0.9655 0.5461 0.0000
vt 0.9685 0.5455 0.0000
vt 0.0410 0.5492 0.0000
vt 0.0169 0.5504 0.0000
vt 0.0438 0.5519 0.0000
vt 0.0424 0.5750 0.0000
vt 0.0410 0.5761 0.0000
vt 0.0425 0.5508 0.0000
vt 0.0445 0.5524 0.0000
vt 0.0432 0.5744 0.0000
vt 0.0456 0.5492 0.0000
vt 0.9626 0.5480 0.0000
vt 0.9634 0.5513 0.0000
vt 0.0454 0.5474 0.0000
vt 0.9628 0.5461 0.0000
vt 0.9642 0.5507 0.0000
vt 0.9628 0.5744 0.0000
vt 0.9620 0.5738 0.0000
vt 0.9656 0.5496 0.0000
vt 0.9641 0.5755 0.0000
vt 0.9892 0.5467 0.0000
vt 0.9671 0.5478 0.0000
vt 0.0451 0.9649 0.0000
vt 0.9520 0.9649 0.0000
vt 0.0594 0.5769 0.0000
vt 0.9455 0.5764 0.0000
vt 0.9222 0.5772 0.0000
vt 0.0826 0.5777 0.0000
vt 0.0140 0.2263 0.0000
vt 0.0402 0.9197 0.0000
vt 0.0029 0.9197 0.0000
vt 0.0512 0.1965 0.0000
vt 0.0752 0.1957 0.0000
vt 0.0407 0.1957 0.0000
vt 0.9628 0.9197 0.0000
vt 1.0000 0.9197 0.0000
vt 0.9894 0.2225 0.0000
vt 0.9533 0.1960 0.0000
vt 0.9638 0.1952 0.0000
vt 0.9294 0.1953 0.0000
vt 0.0416 0.2268 0.0000
vt 0.0390 0.2251 0.0000
vt 0.0411 0.2247 0.0000
vt 0.9621 0.2238 0.0000
vt 0.9597 0.2255 0.0000
vt 0.9602 0.2235 0.0000
vt 0.0445 0.5495 0.0000
vt 0.0426 0.5492 0.0000
vt 0.0450 0.5475 0.0000
vt 0.9657 0.5479 0.0000
vt 0.9636 0.5482 0.0000
vt 0.9631 0.5462 0.0000
vt 0.0372 0.9649 0.0000
vt -0.0000 0.9649 0.0000
vt 0.0153 0.5504 0.0000
vt 0.0514 0.5770 0.0000
vt 0.0409 0.5777 0.0000
vt 0.0754 0.5777 0.0000
vt 0.9907 0.5466 0.0000
vt 0.9598 0.9649 0.0000
vt 0.9971 0.9649 0.0000
vt 0.9535 0.5765 0.0000
vt 0.9295 0.5772 0.0000
vt 0.9640 0.5772 0.0000
# 124 texture coords

o Shelf6_BookShelf
g Shelf6_BookShelf
usemtl wire_087224198
s 1
f 3681/1844/2886 3682/1845/2887 3683/1846/2888 3684/1847/2889 
f 3685/1848/2890 3686/1849/2891 3682/1845/2887 3681/1844/2886 
s 2
f 3687/1850/2892 3688/1851/2893 3686/1852/2894 3685/1853/2895 
s 1
f 3689/1854/2896 3690/1855/2897 3691/1856/2898 3692/1857/2899 
f 3693/1858/2900 3694/1859/2901 3690/1855/2897 3689/1854/2896 
f 3684/1847/2889 3695/1860/2902 3694/1861/2903 3693/1862/2904 
s 2
f 3696/1863/2905 3697/1864/2906 3698/1865/2907 3687/1850/2892 
s 1
f 3699/1866/2908 3700/1867/2909 3697/1868/2910 3696/1869/2911 
f 3692/1857/2899 3701/1870/2912 3700/1867/2909 3699/1866/2908 
f 3702/1871/2913 3703/1872/2914 3704/1873/2915 3705/1874/2916 
f 3706/1875/2917 3707/1876/2918 3703/1877/2914 3702/1878/2913 
f 3695/1860/2902 3708/1879/2919 3707/1876/2920 3706/1875/2921 
f 3709/1880/2922 3710/1881/2923 3711/1882/2924 3691/1856/2898 
f 3712/1883/2925 3713/1884/2926 3710/1881/2923 3709/1880/2922 
f 3705/1874/2916 3714/1885/2927 3713/1886/2926 3712/1887/2925 
s 2
f 3715/1888/2928 3716/1889/2929 3717/1890/2930 3698/1865/2907 
s 1
f 3718/1891/2931 3719/1892/2932 3716/1889/2933 3715/1888/2934 
f 3720/1893/2935 3721/1894/2936 3719/1892/2932 3718/1891/2931 
f 3722/1895/2937 3723/1896/2938 3724/1897/2939 3720/1893/2935 
f 3725/1898/2940 3726/1899/2941 3723/1896/2942 3722/1895/2943 
f 3701/1870/2912 3711/1882/2924 3726/1899/2941 3725/1898/2940 
f 3727/1900/2944 3728/1901/2945 3729/1902/2946 3724/1897/2939 
f 3730/1903/2947 3731/1904/2948 3728/1901/2949 3727/1900/2950 
f 3714/1885/2927 3732/1905/2951 3731/1904/2948 3730/1903/2947 
s 2
f 3733/1906/2952 3734/1907/2953 3688/1851/2893 3717/1890/2930 
s 1
f 3735/1908/2954 3736/1909/2955 3734/1910/2956 3733/1911/2957 
f 3737/1912/2958 3738/1913/2959 3736/1909/2955 3735/1908/2954 
f 3739/1914/2960 3740/1915/2961 3741/1916/2962 3737/1912/2958 
f 3742/1917/2963 3743/1918/2964 3740/1915/2961 3739/1914/2960 
f 3721/1894/2936 3729/1902/2946 3743/1918/2965 3742/1917/2966 
f 3744/1919/2967 3745/1920/2968 3746/1921/2969 3741/1916/2962 
f 3747/1922/2970 3748/1923/2971 3745/1920/2968 3744/1919/2967 
f 3732/1905/2951 3704/1873/2915 3748/1924/2971 3747/1925/2970 
f 3749/1926/2972 3750/1927/2973 3708/1879/2919 3683/1846/2888 
f 3751/1928/2974 3752/1929/2975 3750/1930/2976 3749/1931/2977 
f 3738/1913/2959 3746/1921/2969 3752/1929/2975 3751/1928/2974 
f 3691/1856/2898 3711/1882/2924 3701/1870/2912 3692/1857/2899 
f 3724/1897/2939 3729/1902/2946 3721/1894/2936 3720/1893/2935 
f 3741/1916/2962 3746/1921/2969 3738/1913/2959 3737/1912/2958 
f 3708/1879/2919 3695/1860/2902 3684/1847/2889 3683/1846/2888 
f 3704/1873/2915 3732/1905/2951 3714/1885/2927 3705/1874/2916 
s 2
f 3687/1850/2892 3698/1865/2907 3717/1890/2930 3688/1851/2893 
f 3687/1850/2892 3685/1853/2895 3753/1932/2978 3696/1863/2905 
s 1
f 3685/1848/2890 3681/1844/2886 3754/1933/2979 3753/1934/2980 
f 3684/1847/2889 3693/1862/2904 3754/1933/2981 3681/1844/2886 
f 3693/1858/2900 3689/1854/2896 3755/1935/2982 3754/1936/2979 
f 3692/1857/2899 3699/1866/2908 3755/1935/2983 3689/1854/2896 
f 3699/1866/2908 3696/1869/2911 3753/1937/2980 3755/1935/2982 
f 3753/1937/2980 3754/1936/2979 3755/1935/2982 
f 3695/1860/2902 3706/1875/2921 3756/1938/2984 3694/1861/2903 
f 3706/1875/2917 3702/1878/2913 3757/1939/2985 3756/1938/2986 
f 3705/1874/2916 3712/1887/2925 3757/1940/2987 3702/1871/2913 
f 3712/1883/2925 3709/1880/2922 3758/1941/2988 3757/1942/2985 
f 3691/1856/2898 3690/1855/2897 3758/1941/2989 3709/1880/2922 
f 3690/1855/2897 3694/1859/2901 3756/1943/2986 3758/1941/2988 
f 3756/1943/2986 3757/1942/2985 3758/1941/2988 
f 3720/1893/2935 3718/1891/2931 3759/1944/2990 3722/1895/2937 
f 3718/1891/2931 3715/1888/2934 3760/1945/2991 3759/1944/2992 
s 2
f 3698/1865/2907 3697/1864/2906 3760/1945/2993 3715/1888/2928 
s 1
f 3697/1868/2910 3700/1867/2909 3761/1946/2994 3760/1945/2991 
f 3701/1870/2912 3725/1898/2940 3761/1946/2995 3700/1867/2909 
f 3725/1898/2940 3722/1895/2943 3759/1944/2992 3761/1946/2994 
f 3759/1944/2992 3760/1945/2991 3761/1946/2994 
f 3714/1885/2927 3730/1903/2947 3762/1947/2996 3713/1886/2926 
f 3730/1903/2947 3727/1900/2950 3763/1948/2997 3762/1947/2998 
f 3724/1897/2939 3723/1896/2938 3763/1948/2999 3727/1900/2944 
f 3723/1896/2942 3726/1899/2941 3764/1949/3000 3763/1948/2997 
f 3711/1882/2924 3710/1881/2923 3764/1949/3001 3726/1899/2941 
f 3710/1881/2923 3713/1884/2926 3762/1947/2998 3764/1949/3000 
f 3762/1947/2998 3763/1948/2997 3764/1949/3000 
f 3737/1912/2958 3735/1908/2954 3765/1950/3002 3739/1914/2960 
f 3735/1908/2954 3733/1911/2957 3766/1951/3003 3765/1950/3004 
s 2
f 3717/1890/2930 3716/1889/2929 3766/1951/3005 3733/1906/2952 
s 1
f 3716/1889/2933 3719/1892/2932 3767/1952/3006 3766/1951/3003 
f 3721/1894/2936 3742/1917/2966 3767/1952/3007 3719/1892/2932 
f 3742/1917/2963 3739/1914/2960 3765/1950/3004 3767/1952/3006 
f 3765/1950/3004 3766/1951/3003 3767/1952/3006 
f 3732/1905/2951 3747/1925/2970 3768/1953/3008 3731/1904/2948 
f 3747/1922/2970 3744/1919/2967 3769/1954/3009 3768/1953/3010 
f 3741/1916/2962 3740/1915/2961 3769/1954/3011 3744/1919/2967 
f 3740/1915/2961 3743/1918/2964 3770/1955/3012 3769/1954/3009 
f 3729/1902/2946 3728/1901/2945 3770/1955/3013 3743/1918/2965 
f 3728/1901/2949 3731/1904/2948 3768/1953/3010 3770/1955/3012 
f 3768/1953/3010 3769/1954/3009 3770/1955/3012 
f 3683/1846/2888 3682/1845/2887 3771/1956/3014 3749/1926/2972 
f 3682/1845/2887 3686/1849/2891 3772/1957/3015 3771/1956/3016 
s 2
f 3688/1851/2893 3734/1907/2953 3772/1958/3017 3686/1852/2894 
s 1
f 3734/1910/2956 3736/1909/2955 3773/1959/3018 3772/1960/3015 
f 3738/1913/2959 3751/1928/2974 3773/1959/3019 3736/1909/2955 
f 3751/1928/2974 3749/1931/2977 3771/1961/3016 3773/1959/3018 
f 3771/1961/3016 3772/1960/3015 3773/1959/3018 
f 3704/1873/2915 3703/1872/2914 3774/1962/3020 3748/1924/2971 
f 3703/1877/2914 3707/1876/2918 3775/1963/3021 3774/1964/3022 
f 3708/1879/2919 3750/1927/2973 3775/1963/3023 3707/1876/2920 
f 3750/1930/2976 3752/1929/2975 3776/1965/3024 3775/1966/3021 
f 3746/1921/2969 3745/1920/2968 3776/1965/3025 3752/1929/2975 
f 3745/1920/2968 3748/1923/2971 3774/1967/3022 3776/1965/3024 
f 3774/1967/3022 3775/1966/3021 3776/1965/3024 
# 90 polygons - 8 triangles

